SignalDate,EntryDate,ExitDate,ValidationYear,MarketPrediction,MarketTarget,OriginalRegime,Regime
2017-12-29,2018-01-04,2018-01-05,2018,0.0016585636715183716,0.00845311940600002,1,0
2018-01-04,2018-01-05,2018-01-09,2018,-0.00018351613928283317,0.004798071358151024,-1,0
2018-01-05,2018-01-09,2018-01-10,2018,-2.847243506581804e-06,0.0011836465225696369,-1,0
2018-01-09,2018-01-10,2018-01-11,2018,0.0002008322163668574,-0.0020271904293991394,1,0
2018-01-10,2018-01-11,2018-01-12,2018,0.0004249638845294902,-0.005797851862050063,1,0
2018-01-11,2018-01-12,2018-01-15,2018,0.0006364581369066576,0.004021620679857563,1,0
2018-01-12,2018-01-15,2018-01-16,2018,0.0015604808863947403,0.005684300110867735,1,0
2018-01-15,2018-01-16,2018-01-17,2018,0.0010772677309715479,-0.001769394727406115,1,0
2018-01-16,2018-01-17,2018-01-18,2018,0.00041808564555884873,-0.007285512784568793,1,0
2018-01-17,2018-01-18,2018-01-19,2018,0.0007000441924339007,0.006547362191829276,1,0
2018-01-18,2018-01-19,2018-01-22,2018,0.0015132204376501648,0.0016493575664524585,1,0
2018-01-19,2018-01-22,2018-01-23,2018,0.0008938570651446342,0.010255736555947692,1,0
2018-01-22,2018-01-23,2018-01-24,2018,0.0008041001127334336,-0.0045525423064013415,1,0
2018-01-23,2018-01-24,2018-01-25,2018,0.0002348516096365019,-0.008485268313225824,1,0
2018-01-24,2018-01-25,2018-01-26,2018,0.0007475198892635233,-0.0021952147970297764,1,0
2018-01-25,2018-01-26,2018-01-29,2018,0.0015952756165935156,0.000690594262006794,1,0
2018-01-26,2018-01-29,2018-01-30,2018,0.001706571662107908,-0.011548185791902088,1,0
2018-01-29,2018-01-30,2018-01-31,2018,0.0015726137247977791,-0.011292546061515418,1,0
2018-01-30,2018-01-31,2018-02-01,2018,0.0021439449631846567,0.018245787196274676,1,0
2018-01-31,2018-02-01,2018-02-02,2018,0.0024272092881423416,-0.00332678566730904,1,0
2018-02-01,2018-02-02,2018-02-05,2018,0.001239196673031375,-0.02192837974842543,1,0
2018-02-02,2018-02-05,2018-02-06,2018,0.0014560522367557775,-0.0445663222347199,1,0
2018-02-05,2018-02-06,2018-02-07,2018,0.0028296194436669094,0.0035107286929876302,1,0
2018-02-06,2018-02-07,2018-02-08,2018,0.0030968783474655984,0.009359431822414832,1,0
2018-02-07,2018-02-08,2018-02-09,2018,0.002447033499193035,-0.018760785564538085,1,0
2018-02-08,2018-02-09,2018-02-13,2018,0.001987098819812899,-0.00871742035616474,1,0
2018-02-09,2018-02-13,2018-02-14,2018,0.0021652979105673494,-0.008495867189337036,1,0
2018-02-13,2018-02-14,2018-02-15,2018,0.002314693337627728,0.009886805445374014,1,0
2018-02-14,2018-02-15,2018-02-16,2018,0.0022050551912667225,0.010590622344264888,1,0
2018-02-15,2018-02-16,2018-02-19,2018,0.0016901632864840359,0.0218177077411279,1,0
2018-02-16,2018-02-19,2018-02-20,2018,0.0009420527529505051,-0.006746606633613705,1,0
2018-02-19,2018-02-20,2018-02-21,2018,0.0006170165782477931,-0.00010882972685100079,1,0
2018-02-20,2018-02-21,2018-02-22,2018,0.0009851686539267086,-0.00810170254119058,1,0
2018-02-21,2018-02-22,2018-02-23,2018,0.001088489108277228,0.007774617409930018,1,0
2018-02-22,2018-02-23,2018-02-26,2018,0.0015897824346168899,0.00808654904587569,1,0
2018-02-23,2018-02-26,2018-02-27,2018,0.0012702468602740207,0.008122671272702942,1,0
2018-02-26,2018-02-27,2018-02-28,2018,0.0005690144962069927,-0.011765233625086857,1,0
2018-02-27,2018-02-28,2018-03-01,2018,0.00048359306640420005,-0.015523087097199961,1,0
2018-02-28,2018-03-01,2018-03-02,2018,0.001161101874428685,-0.018127071892112823,1,0
2018-03-01,2018-03-02,2018-03-05,2018,0.0019120349357868072,-0.007967319096071623,1,0
2018-03-02,2018-03-05,2018-03-06,2018,0.0020706825532659,0.0133579712353471,1,0
2018-03-05,2018-03-06,2018-03-07,2018,0.001963528990107091,-0.007011822007157775,1,0
2018-03-06,2018-03-07,2018-03-08,2018,0.001447534177988705,0.003946062188110888,1,0
2018-03-07,2018-03-08,2018-03-09,2018,0.0016346988101257492,0.0029850016547681157,1,0
2018-03-08,2018-03-09,2018-03-12,2018,0.0011330145179165012,0.014340065943992508,1,0
2018-03-09,2018-03-12,2018-03-13,2018,0.0009344199038790233,0.006114363152016189,1,0
2018-03-12,2018-03-13,2018-03-14,2018,0.00028610479127316285,-0.00444109909614776,1,0
2018-03-13,2018-03-14,2018-03-15,2018,0.00031987772078367275,0.00035120162225044105,1,0
2018-03-14,2018-03-15,2018-03-16,2018,0.0007289219651702203,-0.003715792571253873,1,0
2018-03-15,2018-03-16,2018-03-19,2018,0.0008510986465314264,-0.0097240473353708,1,0
2018-03-16,2018-03-19,2018-03-20,2018,0.0016241024016574173,-0.0021885050548484664,1,0
2018-03-19,2018-03-20,2018-03-22,2018,0.0020581136668485294,0.006437026668147938,1,0
2018-03-20,2018-03-22,2018-03-23,2018,0.0019122683797359232,-0.0360040430533769,1,0
2018-03-22,2018-03-23,2018-03-26,2018,0.0012763918291036926,0.004127609017583467,1,0
2018-03-23,2018-03-26,2018-03-27,2018,0.002596387948304209,0.026485406207992,1,0
2018-03-26,2018-03-27,2018-03-28,2018,0.0020968923020715947,-0.01015592563355694,1,0
2018-03-27,2018-03-28,2018-03-29,2018,0.0009500762963494118,0.003377161828737929,1,0
2018-03-28,2018-03-29,2018-03-30,2018,0.00131647088579776,0.007373574290959084,1,0
2018-03-29,2018-03-30,2018-04-02,2018,0.0010175994419210188,-0.004048167385460211,1,0
2018-03-30,2018-04-02,2018-04-03,2018,0.0007409517330229661,-0.0027702029704167463,1,0
2018-04-02,2018-04-03,2018-04-04,2018,0.0011336531307293636,0.001360842540025553,1,0
2018-04-03,2018-04-04,2018-04-05,2018,0.001347267153555561,0.01024273878643256,1,0
2018-04-04,2018-04-05,2018-04-06,2018,0.001311860221010923,-0.0027639526869497333,1,0
2018-04-05,2018-04-06,2018-04-09,2018,0.0002955286980018942,0.00366562551127525,1,0
2018-04-06,2018-04-09,2018-04-10,2018,0.0006988232827074961,0.003094152069990752,1,0
2018-04-09,2018-04-10,2018-04-11,2018,0.0005358909750394861,-0.004710714693767826,1,0
2018-04-10,2018-04-11,2018-04-12,2018,0.0004422540583500386,-0.0035469078303959067,1,0
2018-04-11,2018-04-12,2018-04-13,2018,0.0012227525456918516,0.005799214289161858,1,0
2018-04-12,2018-04-13,2018-04-16,2018,0.0016288705701470972,0.0038959755644933924,1,0
2018-04-13,2018-04-16,2018-04-17,2018,0.0007597694582611102,-0.003393237295834961,1,0
2018-04-16,2018-04-17,2018-04-18,2018,0.0003261292575499565,0.011371645450331647,1,0
2018-04-17,2018-04-18,2018-04-19,2018,0.0007421965460432178,-0.00040069252953467416,1,0
2018-04-18,2018-04-19,2018-04-20,2018,-8.4477562651513e-05,0.0007827370997177674,-1,0
2018-04-19,2018-04-20,2018-04-23,2018,0.0002069608854773951,-0.0003659574634836682,1,0
2018-04-20,2018-04-23,2018-04-24,2018,0.0003535930440398208,0.010225241683216257,1,0
2018-04-23,2018-04-24,2018-04-25,2018,0.0005527142472370564,-0.0010391770208527662,1,0
2018-04-24,2018-04-25,2018-04-26,2018,-0.00024427804397121226,0.0025792492932807942,-1,0
2018-04-25,2018-04-26,2018-04-27,2018,0.00015993308423110607,0.0027128748518967516,1,0
2018-04-26,2018-04-27,2018-05-01,2018,0.00021571346879797602,-0.0013202474378672946,1,0
2018-04-27,2018-05-01,2018-05-02,2018,0.00023169012292953854,-0.001192032827223466,1,0
2018-05-01,2018-05-02,2018-05-07,2018,0.0004910048484144593,0.0010396469266997777,1,0
2018-05-02,2018-05-07,2018-05-08,2018,0.0009180730707941387,0.003755805902374565,1,0
2018-05-07,2018-05-08,2018-05-09,2018,0.0008701550476186534,-0.003523013868449665,1,0
2018-05-08,2018-05-09,2018-05-10,2018,0.0001898112051713344,0.0024455887166252577,1,0
2018-05-09,2018-05-10,2018-05-11,2018,0.0010784185296817982,0.009337289794339343,1,0
2018-05-10,2018-05-11,2018-05-14,2018,0.0006237408770382152,0.00544339660275428,1,0
2018-05-11,2018-05-14,2018-05-15,2018,6.877347262189697e-05,-0.0001584597413962774,1,0
2018-05-14,2018-05-15,2018-05-16,2018,0.00015682845155179332,-0.003336575009613485,1,0
2018-05-15,2018-05-16,2018-05-17,2018,0.0004511529293836218,0.004040075822085765,1,0
2018-05-16,2018-05-17,2018-05-18,2018,0.0008593781587837775,0.0039460455119897375,1,0
2018-05-17,2018-05-18,2018-05-21,2018,0.0005152978428052563,-0.00030509608792328446,1,0
2018-05-18,2018-05-21,2018-05-22,2018,0.00019976696239446952,-0.0019973891506051,1,0
2018-05-21,2018-05-22,2018-05-23,2018,0.0004921252900262661,-0.006398813786046009,1,0
2018-05-22,2018-05-23,2018-05-24,2018,0.0008801464416557151,-0.011441775060074044,1,0
2018-05-23,2018-05-24,2018-05-25,2018,0.0018455360351901193,-0.0024411137033929498,1,0
2018-05-24,2018-05-25,2018-05-28,2018,0.0021838735996280905,-0.0007908270885813584,1,0
2018-05-25,2018-05-28,2018-05-29,2018,0.0020780971736398765,-0.005104649217588131,1,0
2018-05-28,2018-05-29,2018-05-30,2018,0.0020097454276885463,-0.014140929874859709,1,0
2018-05-29,2018-05-30,2018-05-31,2018,0.0022543682739485176,0.006491203407435808,1,0
2018-05-30,2018-05-31,2018-06-01,2018,0.0028108867693213903,0.0006636989443185026,1,0
2018-05-31,2018-06-01,2018-06-04,2018,0.002115815467691615,0.014170658583443352,1,0
2018-06-01,2018-06-04,2018-06-05,2018,0.0018945277655853165,-0.0001474477271066199,1,0
2018-06-04,2018-06-05,2018-06-06,2018,0.0008125755080693346,0.0011459574471277545,1,0
2018-06-05,2018-06-06,2018-06-07,2018,0.0009763477596463139,0.006585722247215209,1,0
2018-06-06,2018-06-07,2018-06-08,2018,0.0010472128863550467,-0.00378705166834048,1,0
2018-06-07,2018-06-08,2018-06-11,2018,0.00077119703523237,0.0032813563408327084,1,0
2018-06-08,2018-06-11,2018-06-12,2018,0.001170087857475221,0.0036576845891553855,1,0
2018-06-11,2018-06-12,2018-06-13,2018,0.0008689255271004169,0.004317793735825415,1,0
2018-06-12,2018-06-13,2018-06-14,2018,0.0006297972315848573,-0.008665611609356971,1,0
2018-06-13,2018-06-14,2018-06-15,2018,0.00042848880915217927,0.0028551531565836896,1,0
2018-06-14,2018-06-15,2018-06-18,2018,0.0014919118878315538,-0.009486875504403525,1,0
2018-06-15,2018-06-18,2018-06-19,2018,0.0012438737212690783,-0.015674327425173162,1,0
2018-06-18,2018-06-19,2018-06-20,2018,0.0020515648291972674,0.005406906885089269,1,0
2018-06-19,2018-06-20,2018-06-21,2018,0.002435242718544115,-0.0010375743153704375,1,0
2018-06-20,2018-06-21,2018-06-22,2018,0.0019083992987347015,-0.0030469603535769885,1,0
2018-06-21,2018-06-22,2018-06-25,2018,0.00181041737825226,-0.010084895719930764,1,0
2018-06-22,2018-06-25,2018-06-26,2018,0.0018897865052351277,0.00078008555112552,1,0
2018-06-25,2018-06-26,2018-06-27,2018,0.0024947552200571834,0.0008831413158532087,1,0
2018-06-26,2018-06-27,2018-06-28,2018,0.002111667213795224,-0.002972338944623454,1,0
2018-06-27,2018-06-28,2018-06-29,2018,0.0018410816924707349,0.002695182141756458,1,0
2018-06-28,2018-06-29,2018-07-02,2018,0.0019338454313317787,-0.021107841385055393,1,0
2018-06-29,2018-07-02,2018-07-03,2018,0.0011984317651815301,-0.001552231146324079,1,0
2018-07-02,2018-07-03,2018-07-04,2018,0.002532665515457363,0.00034886879878337496,1,0
2018-07-03,2018-07-04,2018-07-05,2018,0.002167902299107555,-0.010368998993897427,1,0
2018-07-04,2018-07-05,2018-07-06,2018,0.0018996600340842134,0.00947289120299133,1,0
2018-07-05,2018-07-06,2018-07-09,2018,0.0020564895013019946,0.011720209820093475,1,0
2018-07-06,2018-07-09,2018-07-10,2018,0.0013419185851010552,0.002395476267427421,1,0
2018-07-09,2018-07-10,2018-07-11,2018,0.0006640971379015593,-0.008479482921987747,1,0
2018-07-10,2018-07-11,2018-07-12,2018,0.0007708996027584284,0.004938248382949428,1,0
2018-07-11,2018-07-12,2018-07-13,2018,0.0012719581265691487,0.012195990168195392,1,0
2018-07-12,2018-07-13,2018-07-17,2018,0.0010860882908308594,0.008384984846813603,1,0
2018-07-13,2018-07-17,2018-07-18,2018,0.0003866590891721989,0.0035051266851944263,1,0
2018-07-17,2018-07-18,2018-07-19,2018,0.00029536893400308186,-0.00131231555634026,1,0
2018-07-18,2018-07-19,2018-07-20,2018,0.00032024394157062475,-0.0024613190612393643,1,0
2018-07-19,2018-07-20,2018-07-23,2018,0.0004826214859016428,-0.004086643158981662,1,0
2018-07-20,2018-07-23,2018-07-24,2018,0.0008058099052453013,0.004455321794477385,1,0
2018-07-23,2018-07-24,2018-07-25,2018,0.0015757228917802034,0.0034319333385219863,1,0
2018-07-24,2018-07-25,2018-07-26,2018,0.0008175503821056632,0.007009421870041388,1,0
2018-07-25,2018-07-26,2018-07-27,2018,0.0002438850361948464,0.005540685005762436,1,0
2018-07-26,2018-07-27,2018-07-30,2018,-4.189046625098546e-05,-0.00451492898066419,-1,0
2018-07-27,2018-07-30,2018-07-31,2018,2.853221183760172e-05,-0.007862651777537533,1,0
2018-07-30,2018-07-31,2018-08-01,2018,0.0005273170495050418,0.008344751573933884,1,0
2018-07-31,2018-08-01,2018-08-02,2018,0.0013400238313500958,-0.009820392967956892,1,0
2018-08-01,2018-08-02,2018-08-03,2018,0.0006821268025632014,-0.005632730967849553,1,0
2018-08-02,2018-08-03,2018-08-06,2018,0.0014950155014844795,-0.00543620458877192,1,0
2018-08-03,2018-08-06,2018-08-07,2018,0.001672689195737914,0.007272493516942591,1,0
2018-08-06,2018-08-07,2018-08-08,2018,0.0017743054907597726,-0.0007664439258396882,1,0
2018-08-07,2018-08-08,2018-08-09,2018,0.0012182412286821337,-0.0027699603270782136,1,0
2018-08-08,2018-08-09,2018-08-10,2018,0.0011333022687178573,-0.011054520181561056,1,0
2018-08-09,2018-08-10,2018-08-13,2018,0.0014195913829587823,-0.020804957607716834,1,0
2018-08-10,2018-08-13,2018-08-14,2018,0.002301859241429398,0.01612494949777088,1,0
2018-08-13,2018-08-14,2018-08-15,2018,0.002750232030728874,-0.007366924212644621,1,0
2018-08-14,2018-08-15,2018-08-16,2018,0.0018018880406194978,-0.006864499809327684,1,0
2018-08-15,2018-08-16,2018-08-17,2018,0.001972996001597229,0.005461795370389266,1,0
2018-08-16,2018-08-17,2018-08-20,2018,0.0021046168309703703,-0.003323282945082884,1,0
2018-08-17,2018-08-20,2018-08-21,2018,0.0015395679079866767,-0.0033534577630526252,1,0
2018-08-20,2018-08-21,2018-08-22,2018,0.001855440807088446,0.007492968241847864,1,0
2018-08-21,2018-08-22,2018-08-23,2018,0.00204630441173104,0.00040891161306944035,1,0
2018-08-22,2018-08-23,2018-08-24,2018,0.0009203035871927059,0.007021279154047155,1,0
2018-08-23,2018-08-24,2018-08-27,2018,0.0010208715852109821,0.011526956369211305,1,0
2018-08-24,2018-08-27,2018-08-28,2018,0.0006344673008302662,0.001244682817146181,1,0
2018-08-27,2018-08-28,2018-08-29,2018,0.0004352848019371516,0.004335759258079941,1,0
2018-08-28,2018-08-29,2018-08-30,2018,0.0005681353501596126,0.0005386067111099457,1,0
2018-08-29,2018-08-30,2018-08-31,2018,0.0005047662890132211,-0.001764440372146403,1,0
2018-08-30,2018-08-31,2018-09-03,2018,0.0005705255869401506,-0.008548563272082976,1,0
2018-08-31,2018-09-03,2018-09-04,2018,0.000779563948105666,-0.0009838458552708929,1,0
2018-09-03,2018-09-04,2018-09-05,2018,0.0017864912125523432,-0.007281608738232026,1,0
2018-09-04,2018-09-05,2018-09-06,2018,0.001602005662535319,-0.0076803769915501086,1,0
2018-09-05,2018-09-06,2018-09-07,2018,0.0018214145990530306,-0.005015259065446198,1,0
2018-09-06,2018-09-07,2018-09-10,2018,0.0019731153852342895,0.0018727673393983402,1,0
2018-09-07,2018-09-10,2018-09-11,2018,0.002015989468057022,0.0065223612743468,1,0
2018-09-10,2018-09-11,2018-09-12,2018,0.0017021085888374234,-0.004266909941566865,1,0
2018-09-11,2018-09-12,2018-09-13,2018,0.0009724707786672413,0.010866016323406225,1,0
2018-09-12,2018-09-13,2018-09-14,2018,0.0013043280113177816,0.010553434782578863,1,0
2018-09-13,2018-09-14,2018-09-18,2018,0.000394273757184442,0.017640113637301225,1,0
2018-09-14,2018-09-18,2018-09-19,2018,0.0001708003831209693,0.013952359055827257,1,0
2018-09-18,2018-09-19,2018-09-20,2018,-0.00010298821753329835,0.0008020841056795014,-1,0
2018-09-19,2018-09-20,2018-09-21,2018,-4.53792804210853e-05,0.009051257545916291,-1,0
2018-09-20,2018-09-21,2018-09-25,2018,0.0002533261453412315,0.00999053948573625,1,0
2018-09-21,2018-09-25,2018-09-26,2018,0.00023145093897040633,0.00016004506431155363,1,0
2018-09-25,2018-09-26,2018-09-27,2018,0.0001431196266197906,-0.0114547694386129,1,0
2018-09-26,2018-09-27,2018-09-28,2018,0.0003733339574561368,0.009494878077798585,1,0
2018-09-27,2018-09-28,2018-10-01,2018,0.0011518343886900147,0.0004908894496591376,1,0
2018-09-28,2018-10-01,2018-10-02,2018,0.0007250381579547293,0.0029675751923226024,1,0
2018-10-01,2018-10-02,2018-10-03,2018,0.0008388121169358833,-0.011354535102187868,1,0
2018-10-02,2018-10-03,2018-10-04,2018,0.0006300867201063412,-0.0014588501042634983,1,0
2018-10-03,2018-10-04,2018-10-05,2018,0.0015020768760878273,-0.004931012171631166,1,0
2018-10-04,2018-10-05,2018-10-09,2018,0.0016424400749303785,-0.017775832966648086,1,0
2018-10-05,2018-10-09,2018-10-10,2018,0.001693640969228982,0.0016201174239058869,1,0
2018-10-09,2018-10-10,2018-10-11,2018,0.0019786178040096755,-0.034708008699478876,1,0
2018-10-10,2018-10-11,2018-10-12,2018,0.0017438266302656292,0.0009887569707394128,1,0
2018-10-11,2018-10-12,2018-10-15,2018,0.0022631151559628724,-0.015866676434984406,1,0
2018-10-12,2018-10-15,2018-10-16,2018,0.002022657507797817,0.007095634737962708,1,0
2018-10-15,2018-10-16,2018-10-17,2018,0.0021882027107628355,0.01573041070416492,1,0
2018-10-16,2018-10-17,2018-10-18,2018,0.0018594373890785806,-0.005099572605879121,1,0
2018-10-17,2018-10-18,2018-10-19,2018,0.0009901000186270652,-0.006743755280449681,1,0
2018-10-18,2018-10-19,2018-10-22,2018,0.0013196835126444019,0.001569205778737759,1,0
2018-10-19,2018-10-22,2018-10-23,2018,0.0016251606264999763,-0.025571077248618068,1,0
2018-10-22,2018-10-23,2018-10-24,2018,0.0016634194388251504,0.0010830306131428546,1,0
2018-10-23,2018-10-24,2018-10-25,2018,0.0023657967657688445,-0.03165180918013333,1,0
2018-10-24,2018-10-25,2018-10-26,2018,0.002015515697793957,-0.003798224740236167,1,0
2018-10-25,2018-10-26,2018-10-29,2018,0.0022812737004760915,-0.005097688253372978,1,0
2018-10-26,2018-10-29,2018-10-30,2018,0.0020329118135351196,0.013816610843173871,1,0
2018-10-29,2018-10-30,2018-10-31,2018,0.0019466716830500064,0.021344854177368866,1,0
2018-10-30,2018-10-31,2018-11-01,2018,0.0014395797731071448,-0.008568795217720804,1,0
2018-10-31,2018-11-01,2018-11-02,2018,0.0005933084411469816,0.016795770572449964,1,0
2018-11-01,2018-11-02,2018-11-05,2018,0.0010348732003030278,-0.010697004840962032,1,0
2018-11-02,2018-11-05,2018-11-06,2018,0.0007399082745438916,0.011004508392451484,1,0
2018-11-05,2018-11-06,2018-11-07,2018,0.0012015390970859072,-0.002643811836547938,1,0
2018-11-06,2018-11-07,2018-11-08,2018,0.0007503470903252146,0.01765245881558375,1,0
2018-11-07,2018-11-08,2018-11-09,2018,0.0009835795834727031,-0.004792569011935477,1,0
2018-11-08,2018-11-09,2018-11-12,2018,0.0002906065739883372,-0.0010410993935098256,1,0
2018-11-09,2018-11-12,2018-11-13,2018,0.000653119591302257,-0.019318310084195822,1,0
2018-11-12,2018-11-13,2018-11-14,2018,0.0008208246802478815,0.001295256468630157,1,0
2018-11-13,2018-11-14,2018-11-15,2018,0.0018424810377045766,-0.0005106717835591246,1,0
2018-11-14,2018-11-15,2018-11-16,2018,0.0016437749086392252,-0.005720878121011852,1,0
2018-11-15,2018-11-16,2018-11-19,2018,0.0015016175046180607,0.005271247745696428,1,0
2018-11-16,2018-11-19,2018-11-20,2018,0.001630068665271665,-0.0077164253133860106,1,0
2018-11-19,2018-11-20,2018-11-21,2018,0.0009914442994225512,-0.006136239180718817,1,0
2018-11-20,2018-11-21,2018-11-22,2018,0.0018571719646277652,0.008146730205951469,1,0
2018-11-21,2018-11-22,2018-11-26,2018,0.0019850061574552885,0.0018477620196233335,1,0
2018-11-22,2018-11-26,2018-11-27,2018,0.001103529082831692,0.0072262895860668586,1,0
2018-11-26,2018-11-27,2018-11-28,2018,0.0009210845909587422,0.006684903964763844,1,0
2018-11-27,2018-11-28,2018-11-29,2018,0.0003634407670469603,0.004132952589298355,1,0
2018-11-28,2018-11-29,2018-11-30,2018,0.0002851320303979451,0.004810755894479435,1,0
2018-11-29,2018-11-30,2018-12-03,2018,0.0002291753523588635,0.012772784166615425,1,0
2018-11-30,2018-12-03,2018-12-04,2018,0.0001457408760424345,-0.022940329492633804,1,0
2018-12-03,2018-12-04,2018-12-05,2018,-0.0002546875962028864,-0.005049289973968141,-1,0
2018-12-04,2018-12-05,2018-12-06,2018,0.0014654400483892752,-0.018426905037240426,1,0
2018-12-05,2018-12-06,2018-12-07,2018,0.0016964223445999457,0.0060626278228377295,1,0
2018-12-06,2018-12-07,2018-12-10,2018,0.0022892916593781013,-0.01895202728385681,1,0
2018-12-07,2018-12-10,2018-12-11,2018,0.0017967269004043212,-0.00931179588062958,1,0
2018-12-10,2018-12-11,2018-12-12,2018,0.0024132654009358127,0.020098360995922437,1,0
2018-12-11,2018-12-12,2018-12-13,2018,0.002415440413910443,0.005995262878934815,1,0
2018-12-12,2018-12-13,2018-12-14,2018,0.0012994047073036428,-0.015514854362972064,1,0
2018-12-13,2018-12-14,2018-12-17,2018,0.0009688794493063095,0.000765277449704449,1,0
2018-12-14,2018-12-17,2018-12-18,2018,0.001704908089601761,-0.02025890529112928,1,0
2018-12-17,2018-12-18,2018-12-19,2018,0.0016309157513801989,-0.003922072084457273,1,0
2018-12-18,2018-12-19,2018-12-20,2018,0.0024528525559621,-0.025283631947598417,1,0
2018-12-19,2018-12-20,2018-12-21,2018,0.0022107549302362015,-0.019049981748078593,1,0
2018-12-20,2018-12-21,2018-12-25,2018,0.0025032336536543157,-0.04882848716153432,1,0
2018-12-21,2018-12-25,2018-12-26,2018,0.0024089611411116417,0.011323415200034992,1,0
2018-12-25,2018-12-26,2018-12-27,2018,0.0025487491243381837,0.04893970742653675,1,0
2018-12-26,2018-12-27,2018-12-28,2018,0.0020372226932249887,-0.0049176703649510545,1,0
2018-12-27,2018-12-28,2019-01-04,2018,0.0010863044893461627,-0.01514198421046753,1,0
2018-12-28,2019-01-04,2019-01-07,2019,0.001505171115056639,0.027980888063417142,1,0
2019-01-04,2019-01-07,2019-01-08,2019,0.0013373720235813043,0.0037379238069230603,1,0
2019-01-07,2019-01-08,2019-01-09,2019,0.0015096831897883117,0.011038126760612554,1,0
2019-01-08,2019-01-09,2019-01-10,2019,0.001522542203065959,-0.008371051284217113,1,0
2019-01-09,2019-01-10,2019-01-11,2019,0.0014808429152467272,0.005212944689435339,1,0
2019-01-10,2019-01-11,2019-01-15,2019,0.0009790573238772102,0.007981944420415,1,0
2019-01-11,2019-01-15,2019-01-16,2019,0.001139085945139331,-0.0030129165020191806,1,0
2019-01-15,2019-01-16,2019-01-17,2019,0.0015265325361262959,0.003247942652890634,1,0
2019-01-16,2019-01-17,2019-01-18,2019,0.0009102999098685072,0.009228952956416903,1,0
2019-01-17,2019-01-18,2019-01-21,2019,0.0011391989445639725,0.005099415343584379,1,0
2019-01-18,2019-01-21,2019-01-22,2019,0.0015617519093293502,-0.006394310807832815,1,0
2019-01-21,2019-01-22,2019-01-23,2019,0.0013895264909469503,-0.005726499496179982,1,0
2019-01-22,2019-01-23,2019-01-24,2019,0.0005875630398960533,0.003449387052575359,1,0
2019-01-23,2019-01-24,2019-01-25,2019,-0.00029141061028745526,0.008341315731170251,-1,0
2019-01-24,2019-01-25,2019-01-28,2019,-3.4098488572639896e-05,-0.0065532685305113025,-1,0
2019-01-25,2019-01-28,2019-01-29,2019,0.0011256266795907728,0.0013101627664102722,1,0
2019-01-28,2019-01-29,2019-01-30,2019,0.00031843153421340473,-0.005231515378951723,1,0
2019-01-29,2019-01-30,2019-01-31,2019,0.00047632492201851425,0.01101769280954934,1,0
2019-01-30,2019-01-31,2019-02-01,2019,-0.0007182578435390433,-0.001456617928270676,-1,0
2019-01-31,2019-02-01,2019-02-04,2019,0.0010328286034471425,0.011278187467718581,1,0
2019-02-01,2019-02-04,2019-02-05,2019,0.000851104728629605,0.0009458058781310896,1,0
2019-02-04,2019-02-05,2019-02-06,2019,0.0014008400072910371,-0.0005702365693015521,1,0
2019-02-05,2019-02-06,2019-02-07,2019,0.0008903878748531476,-0.008319602090133493,1,0
2019-02-06,2019-02-07,2019-02-08,2019,0.0006972416700336761,-0.01845604215807284,1,0
2019-02-07,2019-02-08,2019-02-12,2019,-0.0008709331537358669,0.021805183078156043,-1,0
2019-02-08,2019-02-12,2019-02-13,2019,-0.0023168231276236495,0.010702320098311402,-1,0
2019-02-12,2019-02-13,2019-02-14,2019,-4.656905314831555e-05,-1.3085739377749483e-05,-1,0
2019-02-13,2019-02-14,2019-02-15,2019,0.0008185637369198479,-0.0077551908321153995,1,0
2019-02-14,2019-02-15,2019-02-18,2019,0.0005118275681268244,0.015749976008218702,1,0
2019-02-15,2019-02-18,2019-02-19,2019,-0.0004321950616097065,0.002808425619782895,-1,0
2019-02-18,2019-02-19,2019-02-20,2019,0.0008524552689581333,0.004393476345561753,1,0
2019-02-19,2019-02-20,2019-02-21,2019,0.0004793910249367279,0.0004074997301166672,1,0
2019-02-20,2019-02-21,2019-02-22,2019,0.00019839953364897726,-0.0021080072218335744,1,0
2019-02-21,2019-02-22,2019-02-25,2019,-0.0003245644031796838,0.007285781489506871,-1,0
2019-02-22,2019-02-25,2019-02-26,2019,-0.0009207951332321706,-0.0022085939779925567,-1,0
2019-02-25,2019-02-26,2019-02-27,2019,5.21547156817095e-05,0.0018400256674255822,1,0
2019-02-26,2019-02-27,2019-02-28,2019,-0.0008756676004611547,-0.0073083626147435465,-1,0
2019-02-27,2019-02-28,2019-03-01,2019,-0.0008254601334688081,0.004784659479017517,-1,0
2019-02-28,2019-03-01,2019-03-04,2019,-0.0026317865397436496,0.006814339943453929,-1,0
2019-03-01,2019-03-04,2019-03-05,2019,-0.0018454238723766214,-0.004877661835177127,-1,0
2019-03-04,2019-03-05,2019-03-06,2019,-0.0006950128254857572,-0.002206265252620021,-1,0
2019-03-05,2019-03-06,2019-03-07,2019,-0.0019028295226794975,-0.008053462321551796,-1,0
2019-03-06,2019-03-07,2019-03-08,2019,-0.0024076173479854026,-0.018169790846571443,-1,0
2019-03-07,2019-03-08,2019-03-11,2019,-0.003615823424108137,0.0052431252063858125,-1,0
2019-03-08,2019-03-11,2019-03-12,2019,-0.0037495023732773366,0.015032094636235227,-1,0
2019-03-11,2019-03-12,2019-03-13,2019,-0.0030904626059759348,-0.008002382338421987,-1,0
2019-03-12,2019-03-13,2019-03-14,2019,-0.0019713013614336143,-0.0028242048675216624,-1,0
2019-03-13,2019-03-14,2019-03-15,2019,-0.0025698963632393534,0.008751881132283756,-1,0
2019-03-14,2019-03-15,2019-03-18,2019,-0.0028092384716479077,0.006904444172016744,-1,0
2019-03-15,2019-03-18,2019-03-19,2019,-0.0019146758153427315,-0.0022470050119027807,-1,0
2019-03-18,2019-03-19,2019-03-20,2019,-0.0013861983456146313,0.0028252681385632084,-1,0
2019-03-19,2019-03-20,2019-03-22,2019,-0.0019254076552541795,0.0017160907617705945,-1,0
2019-03-20,2019-03-22,2019-03-25,2019,-0.0018111375692979016,-0.024082186113617232,-1,0
2019-03-22,2019-03-25,2019-03-26,2019,-0.0015635515019049018,0.02492460744642,-1,0
2019-03-25,2019-03-26,2019-03-27,2019,-0.004637483595775352,-0.004477892556297158,-1,0
2019-03-26,2019-03-27,2019-03-28,2019,-0.0018101188472061675,-0.016414203544345196,-1,0
2019-03-27,2019-03-28,2019-03-29,2019,-0.0022833425732673982,0.005543532109600013,-1,0
2019-03-28,2019-03-29,2019-04-01,2019,-0.0035162423747812674,0.014460803599990912,-1,0
2019-03-29,2019-04-01,2019-04-02,2019,-0.0027231395083208336,-0.002944414477799251,-1,0
2019-04-01,2019-04-02,2019-04-03,2019,-0.0016210855834787674,0.006591176484435968,-1,0
2019-04-02,2019-04-03,2019-04-04,2019,-0.0017887769062751983,-0.0008157016571231912,-1,0
2019-04-03,2019-04-04,2019-04-05,2019,-0.001422227983295398,0.003713743799640179,-1,0
2019-04-04,2019-04-05,2019-04-08,2019,-0.0016569590145795877,-0.0030327994802095137,-1,0
2019-04-05,2019-04-08,2019-04-09,2019,-0.0011731440498531514,-0.00116400899764324,-1,0
2019-04-08,2019-04-09,2019-04-10,2019,-0.0020230684957709354,-0.006072521419059895,-1,0
2019-04-09,2019-04-10,2019-04-11,2019,-0.0029898469053248598,-0.0005146830336782982,-1,0
2019-04-10,2019-04-11,2019-04-12,2019,-0.0035813704930726903,-0.0001542476214947408,-1,0
2019-04-11,2019-04-12,2019-04-15,2019,-0.0031514667803163193,0.014000022878373652,-1,0
2019-04-12,2019-04-15,2019-04-16,2019,-0.0028655279841877965,-0.0006513207140971256,-1,0
2019-04-15,2019-04-16,2019-04-17,2019,-0.0009433319618823307,0.0026470674110252723,-1,0
2019-04-16,2019-04-17,2019-04-18,2019,-0.001419870075689655,-0.00922633366173553,-1,0
2019-04-17,2019-04-18,2019-04-19,2019,-0.0016012357590163026,0.001588741735229604,-1,0
2019-04-18,2019-04-19,2019-04-22,2019,-0.0027131812502213895,0.0006741191128272206,-1,0
2019-04-19,2019-04-22,2019-04-23,2019,-0.0030280171326033944,0.002494369767720217,-1,0
2019-04-22,2019-04-23,2019-04-24,2019,-0.0026704345008050933,-0.0060857494180515115,-1,0
2019-04-23,2019-04-24,2019-04-25,2019,-0.002043568260313197,0.005087241124206665,-1,0
2019-04-24,2019-04-25,2019-04-26,2019,-0.003283092187659489,-0.0014956166119420855,-1,0
2019-04-25,2019-04-26,2019-05-07,2019,-0.0017063332931010393,-0.010960426624994413,-1,0
2019-04-26,2019-05-07,2019-05-08,2019,-0.0023077456344935475,-0.01599773878780264,-1,0
2019-05-07,2019-05-08,2019-05-09,2019,-0.0036834610277494276,-0.013098062985682724,-1,0
2019-05-08,2019-05-09,2019-05-10,2019,-0.003064551453294472,-0.001656182730901401,-1,0
2019-05-09,2019-05-10,2019-05-13,2019,-0.0012836438714645773,-0.005594616348796322,-1,0
2019-05-10,2019-05-13,2019-05-14,2019,-0.00040100863259465164,-0.004501299634482536,-1,0
2019-05-13,2019-05-14,2019-05-15,2019,0.0002036704673176331,0.006409885581700081,1,0
2019-05-14,2019-05-15,2019-05-16,2019,0.0005188762589338486,-0.00393903728922107,1,0
2019-05-15,2019-05-16,2019-05-17,2019,0.00128497774492193,0.010457558957684299,1,0
2019-05-16,2019-05-17,2019-05-20,2019,0.0010670358461095355,1.6993194746239837e-05,1,0
2019-05-17,2019-05-20,2019-05-21,2019,0.0021755653017182953,-0.0028651180059315884,1,0
2019-05-20,2019-05-21,2019-05-22,2019,0.00166961919969626,-0.002430373151710241,1,0
2019-05-21,2019-05-22,2019-05-23,2019,0.0011821283209672848,-0.003332572624011765,1,0
2019-05-22,2019-05-23,2019-05-24,2019,0.0007362618763446125,0.000319187194319559,1,0
2019-05-23,2019-05-24,2019-05-27,2019,-7.491694455497522e-05,0.003849007335267718,-1,0
2019-05-24,2019-05-27,2019-05-28,2019,0.00027958309380151205,0.002795716734732112,1,0
2019-05-27,2019-05-28,2019-05-29,2019,0.0012867183928129918,-0.008874175102809523,1,0
2019-05-28,2019-05-29,2019-05-30,2019,0.001808970269595084,-0.0029917016556261222,1,0
2019-05-29,2019-05-30,2019-05-31,2019,4.7204587319673334e-05,-0.012408511377734688,1,0
2019-05-30,2019-05-31,2019-06-03,2019,-4.474173816854009e-05,-0.008908605381391821,-1,0
2019-05-31,2019-06-03,2019-06-04,2019,2.025854778480956e-05,-0.00033550524844372376,1,0
2019-06-03,2019-06-04,2019-06-05,2019,0.000321197481997052,0.020363201235149786,1,0
2019-06-04,2019-06-05,2019-06-06,2019,0.0004205449069648134,-0.003189735297688512,1,0
2019-06-05,2019-06-06,2019-06-07,2019,0.0015183190110214131,0.004563497648622183,1,0
2019-06-06,2019-06-07,2019-06-10,2019,0.0013644583850813958,0.01279326376258516,1,0
2019-06-07,2019-06-10,2019-06-11,2019,0.0014241431524262792,0.005259098093983727,1,0
2019-06-10,2019-06-11,2019-06-12,2019,0.0018250068710442557,-0.003952038864912355,1,0
2019-06-11,2019-06-12,2019-06-13,2019,0.0018426230104276464,-0.008075007981052651,1,0
2019-06-12,2019-06-13,2019-06-14,2019,0.0011307808430357853,0.0038184715002511638,1,0
2019-06-13,2019-06-14,2019-06-17,2019,-1.994457211593486e-05,-0.00470854564537504,-1,0
2019-06-14,2019-06-17,2019-06-18,2019,2.1389452002756057e-05,-0.007320077635594502,1,0
2019-06-17,2019-06-18,2019-06-19,2019,-0.0004732031057399968,0.016763768224631548,-1,0
2019-06-18,2019-06-19,2019-06-20,2019,-0.0009175547887604153,0.003251474759085271,-1,0
2019-06-19,2019-06-20,2019-06-21,2019,0.0015158491655100942,-0.00902133804026417,1,0
2019-06-20,2019-06-21,2019-06-24,2019,0.0013267824994471237,0.0013695193894716073,1,0
2019-06-21,2019-06-24,2019-06-25,2019,0.00026515806742967777,-0.0028187263049048727,1,0
2019-06-24,2019-06-25,2019-06-26,2019,0.00025974784204818704,-0.006121026393871687,1,0
2019-06-25,2019-06-26,2019-06-27,2019,-0.000684879490892525,0.01193900249892077,-1,0
2019-06-26,2019-06-27,2019-06-28,2019,-0.0009938926673901598,-0.001195528712753413,-1,0
2019-06-27,2019-06-28,2019-07-01,2019,0.0011262358602870312,0.02150684024335714,1,0
2019-06-28,2019-07-01,2019-07-02,2019,0.0006681379782419695,0.0034487203557342916,1,0
2019-07-01,2019-07-02,2019-07-03,2019,0.0012269551680084982,-0.005958764222214308,1,0
2019-07-02,2019-07-03,2019-07-04,2019,0.00048322014549168405,0.006195050548790881,1,0
2019-07-03,2019-07-04,2019-07-05,2019,-0.00012943442290964344,0.0017019157618418657,-1,0
2019-07-04,2019-07-05,2019-07-08,2019,-0.00010934488566776855,-0.008907746128676064,-1,0
2019-07-05,2019-07-08,2019-07-09,2019,-2.731838005427437e-05,-0.0018303007785038794,-1,0
2019-07-08,2019-07-09,2019-07-10,2019,-0.0020013280840880327,-0.002108026420381659,-1,0
2019-07-09,2019-07-10,2019-07-11,2019,-0.0019400846794495742,0.00419220188920999,-1,0
2019-07-10,2019-07-11,2019-07-12,2019,-0.0020114621971391083,-0.0016964428635009021,-1,0
2019-07-11,2019-07-12,2019-07-16,2019,-0.0013017385350251795,-0.004571414830527143,-1,0
2019-07-12,2019-07-16,2019-07-17,2019,-0.0013014149614347713,-0.001183818129742109,-1,0
2019-07-16,2019-07-17,2019-07-18,2019,-0.002495074708937001,-0.0206357267083892,-1,0
2019-07-17,2019-07-18,2019-07-19,2019,-0.0023305541689111384,0.018905996885412613,-1,0
2019-07-18,2019-07-19,2019-07-22,2019,-0.0024948524015728597,-0.004611341353080944,-1,0
2019-07-19,2019-07-22,2019-07-23,2019,-0.0014267773605202824,0.007785979294444578,-1,0
2019-07-22,2019-07-23,2019-07-24,2019,-0.0015865487430509152,0.0037954088482932136,-1,0
2019-07-23,2019-07-24,2019-07-25,2019,-0.0010729225724828318,0.0018180919643260296,-1,0
2019-07-24,2019-07-25,2019-07-26,2019,-0.0011089612284669649,-0.003623018212055129,-1,0
2019-07-25,2019-07-26,2019-07-29,2019,-0.0011985286919333937,-0.0013468673422708521,-1,0
2019-07-26,2019-07-29,2019-07-30,2019,-0.001976650484594088,0.004453743720183256,-1,0
2019-07-29,2019-07-30,2019-07-31,2019,-0.0030207889475376286,-0.006749721421760002,-1,0
2019-07-30,2019-07-31,2019-08-01,2019,-0.001969379377448477,0.0012210444135960508,-1,0
2019-07-31,2019-08-01,2019-08-02,2019,-0.0037609767864427933,-0.02103024727031011,-1,0
2019-08-01,2019-08-02,2019-08-05,2019,-0.0031504645379033134,-0.01783843476028435,-1,0
2019-08-02,2019-08-05,2019-08-06,2019,-0.003228178903329822,-0.004574111240226109,-1,0
2019-08-05,2019-08-06,2019-08-07,2019,-0.0015299457766765894,0.0005519788056977948,-1,0
2019-08-06,2019-08-07,2019-08-08,2019,-0.0005777965927575134,-0.000628100363494255,-1,0
2019-08-07,2019-08-08,2019-08-09,2019,-0.00012660557386988104,0.0028025907738555844,-1,0
2019-08-08,2019-08-09,2019-08-13,2019,0.00011133792035836837,-0.011166065004251768,1,0
2019-08-09,2019-08-13,2019-08-14,2019,0.000980515427460284,0.008521858371336233,1,0
2019-08-13,2019-08-14,2019-08-15,2019,-0.00039834746031455786,-0.010302015067533254,-1,0
2019-08-14,2019-08-15,2019-08-16,2019,0.0008062029666420408,0.0010064866785859383,1,0
2019-08-15,2019-08-16,2019-08-19,2019,2.4053334687042866e-05,0.005768500254824893,1,0
2019-08-16,2019-08-19,2019-08-20,2019,0.00036170613687429174,0.008542801600115002,1,0
2019-08-19,2019-08-20,2019-08-21,2019,0.0012011700929335848,-0.00592248914757143,1,0
2019-08-20,2019-08-21,2019-08-22,2019,0.0013896939567458876,0.00012091410417758297,1,0
2019-08-21,2019-08-22,2019-08-23,2019,0.0008761613764312521,0.0026304635595206793,1,0
2019-08-22,2019-08-23,2019-08-26,2019,0.000631588799657176,-0.016177565935193483,1,0
2019-08-23,2019-08-26,2019-08-27,2019,0.0007308810269899687,0.008037104410648865,1,0
2019-08-26,2019-08-27,2019-08-28,2019,-0.0005091918957916419,7.563502184315674e-05,-1,0
2019-08-27,2019-08-28,2019-08-29,2019,0.0003292746949399311,-0.00038818342446333975,1,0
2019-08-28,2019-08-29,2019-08-30,2019,0.0005046066428135186,0.014263919566949168,1,0
2019-08-29,2019-08-30,2019-09-02,2019,0.0006498526489956744,-0.004646919809269567,1,0
2019-08-30,2019-09-02,2019-09-03,2019,0.0017809623155089467,0.0036597083718639123,1,0
2019-09-02,2019-09-03,2019-09-04,2019,0.001170391003127785,-0.002735534885301427,1,0
2019-09-03,2019-09-04,2019-09-05,2019,0.001594863032711949,0.018095562126164477,1,0
2019-09-04,2019-09-05,2019-09-06,2019,0.0011416843163019527,0.0015129961694975158,1,0
2019-09-05,2019-09-06,2019-09-09,2019,0.002835133150147971,0.008794406214624573,1,0
2019-09-06,2019-09-09,2019-09-10,2019,0.0018710883429283612,0.0039131934315574934,1,0
2019-09-09,2019-09-10,2019-09-11,2019,0.0014358164915621865,0.015485693976774684,1,0
2019-09-10,2019-09-11,2019-09-12,2019,0.0007902605539173684,0.006660949837053787,1,0
2019-09-11,2019-09-12,2019-09-13,2019,0.00042596140444828415,0.008800329310562072,1,0
2019-09-12,2019-09-13,2019-09-17,2019,-0.00040975965519518884,0.002931469278901755,-1,0
2019-09-13,2019-09-17,2019-09-18,2019,-0.001048885174184648,-0.004423143395057116,-1,0
2019-09-17,2019-09-18,2019-09-19,2019,-0.0015539988374019932,0.005998191099958916,-1,0
2019-09-18,2019-09-19,2019-09-20,2019,-0.001982842580385236,0.0010595665338424265,-1,0
2019-09-19,2019-09-20,2019-09-24,2019,-0.001777176340604947,0.004137682397648668,-1,0
2019-09-20,2019-09-24,2019-09-25,2019,-0.0017568937406349154,-0.001989965429540108,-1,0
2019-09-24,2019-09-25,2019-09-26,2019,-0.00170270756661113,0.0019227787576361344,-1,0
2019-09-25,2019-09-26,2019-09-27,2019,-0.002284476211319145,-0.011487274499177969,-1,0
2019-09-26,2019-09-27,2019-09-30,2019,-0.002046531980080391,-0.00991724551355977,-1,0
2019-09-27,2019-09-30,2019-10-01,2019,-0.003935298020013953,0.009255580754461867,-1,0
2019-09-30,2019-10-01,2019-10-02,2019,-0.003540680596485605,-0.0039104783482555305,-1,0
2019-10-01,2019-10-02,2019-10-03,2019,-0.0028230170597912693,-0.01722317477361257,-1,0
2019-10-02,2019-10-03,2019-10-04,2019,-0.0028950074785237204,0.0027560746494106336,-1,0
2019-10-03,2019-10-04,2019-10-07,2019,-0.003458397884106124,0.000326208957528884,-1,0
2019-10-04,2019-10-07,2019-10-08,2019,-0.00297800036914541,0.009037140059349635,-1,0
2019-10-07,2019-10-08,2019-10-09,2019,-0.0028519255286837417,-0.0029607297571728752,-1,0
2019-10-08,2019-10-09,2019-10-10,2019,-0.0020008811550975727,-0.0005792683242538121,-1,0
2019-10-09,2019-10-10,2019-10-11,2019,-0.0020070097161104207,0.008123514051741942,-1,0
2019-10-10,2019-10-11,2019-10-15,2019,-0.0024615051644468495,0.015641480132296826,-1,0
2019-10-11,2019-10-15,2019-10-16,2019,-0.001626731003234499,0.006709267500374816,-1,0
2019-10-15,2019-10-16,2019-10-17,2019,-0.0011630910153134198,-0.004321276971149923,-1,0
2019-10-16,2019-10-17,2019-10-18,2019,-0.0014506741069881144,-0.0012024153429437412,-1,0
2019-10-17,2019-10-18,2019-10-21,2019,-0.0020831339302549924,0.0038981765899916976,-1,0
2019-10-18,2019-10-21,2019-10-23,2019,-0.00240855922460904,0.00569325800320053,-1,0
2019-10-21,2019-10-23,2019-10-24,2019,-0.0019554504574488757,0.0033433509350160318,-1,0
2019-10-23,2019-10-24,2019-10-25,2019,-0.0013039798069099688,0.0030469063318636636,-1,0
2019-10-24,2019-10-25,2019-10-28,2019,-0.0014311744779385138,-0.0001383755792858654,-1,0
2019-10-25,2019-10-28,2019-10-29,2019,-0.0016154379223086086,0.008148925370309978,-1,0
2019-10-28,2019-10-29,2019-10-30,2019,-0.0018972856263721333,0.0015549947101862749,-1,0
2019-10-29,2019-10-30,2019-10-31,2019,-0.0013222468926538029,0.0007056058158312339,-1,0
2019-10-30,2019-10-31,2019-11-01,2019,-0.0016652186392732502,-0.00041970869971930114,-1,0
2019-10-31,2019-11-01,2019-11-05,2019,-0.0019537692864225287,0.01657474647532009,-1,0
2019-11-01,2019-11-05,2019-11-06,2019,-0.002280561104705097,-0.0003493206594364917,-1,0
2019-11-05,2019-11-06,2019-11-07,2019,-0.00137730584417266,0.002280396341918456,-1,0
2019-11-06,2019-11-07,2019-11-08,2019,-0.002010666134679599,0.002498182055913123,-1,0
2019-11-07,2019-11-08,2019-11-11,2019,-0.0021844556486472484,0.001073417017366074,-1,0
2019-11-08,2019-11-11,2019-11-12,2019,-0.00226213805212697,0.00333411072055001,-1,0
2019-11-11,2019-11-12,2019-11-13,2019,-0.0018608527733131896,-0.005445445841540608,-1,0
2019-11-12,2019-11-13,2019-11-14,2019,-0.001756868431625111,-0.008771385083953032,-1,0
2019-11-13,2019-11-14,2019-11-15,2019,-0.00334377927052821,0.007317749020172792,-1,0
2019-11-14,2019-11-15,2019-11-18,2019,-0.004233021802610106,0.0026706586457148074,-1,0
2019-11-15,2019-11-18,2019-11-19,2019,-0.0029393313064349606,-0.0024799596407952818,-1,0
2019-11-18,2019-11-19,2019-11-20,2019,-0.002448310307980523,-0.0033079834839958577,-1,0
2019-11-19,2019-11-20,2019-11-21,2019,-0.0025900581096399158,-0.0007474574463444128,-1,0
2019-11-20,2019-11-21,2019-11-22,2019,-0.003135076461542297,0.0013860751923984171,-1,0
2019-11-21,2019-11-22,2019-11-25,2019,-0.003757698892423034,0.006656438583631186,-1,0
2019-11-22,2019-11-25,2019-11-26,2019,-0.0031206844483952427,0.001620803296322304,-1,0
2019-11-25,2019-11-26,2019-11-27,2019,-0.0012584119475197032,0.003101852058736032,-1,0
2019-11-26,2019-11-27,2019-11-28,2019,-0.0014949282675477927,-0.001604777696176951,-1,0
2019-11-27,2019-11-28,2019-11-29,2019,-0.0014873497999647956,-0.004814605322855381,-1,0
2019-11-28,2019-11-29,2019-12-02,2019,-0.0020276008981010233,0.008851388704200547,-1,0
2019-11-29,2019-12-02,2019-12-03,2019,-0.0038613557702318483,-0.004489689407025099,-1,0
2019-12-02,2019-12-03,2019-12-04,2019,-0.0012167017862163014,-0.0019805555694406562,-1,0
2019-12-03,2019-12-04,2019-12-05,2019,-0.0026958645053604628,0.0043769526611221465,-1,0
2019-12-04,2019-12-05,2019-12-06,2019,-0.003140296495437506,0.001105038228923494,-1,0
2019-12-05,2019-12-06,2019-12-09,2019,-0.001677179405154846,0.004729245768735568,-1,0
2019-12-06,2019-12-09,2019-12-10,2019,-0.0016053923545663075,-0.0008067621147873627,-1,0
2019-12-09,2019-12-10,2019-12-11,2019,-0.0006294191847342336,-0.0031097232282607523,-1,0
2019-12-10,2019-12-11,2019-12-12,2019,-0.0013800036729741,-0.001519671566256653,-1,0
2019-12-11,2019-12-12,2019-12-13,2019,-0.0026620707667082614,0.014940310971797821,-1,0
2019-12-12,2019-12-13,2019-12-16,2019,-0.0033166621043085806,-0.0014869936947845552,-1,0
2019-12-13,2019-12-16,2019-12-17,2019,-0.00036239322840540497,0.005648164465495542,-1,0
2019-12-16,2019-12-17,2019-12-18,2019,-0.001153990191894664,-0.004991505727897305,-1,0
2019-12-17,2019-12-18,2019-12-19,2019,-0.0010414619754971794,-0.0015759118994451704,-1,0
2019-12-18,2019-12-19,2019-12-20,2019,-0.0020276905338089822,-0.0008762133543225303,-1,0
2019-12-19,2019-12-20,2019-12-23,2019,-0.003093059407499512,-0.0020895341235364073,-1,0
2019-12-20,2019-12-23,2019-12-24,2019,-0.0030860585762607024,-0.0005881294853039565,-1,0
2019-12-23,2019-12-24,2019-12-25,2019,-0.0033214196911718237,-0.0037882147754765283,-1,0
2019-12-24,2019-12-25,2019-12-26,2019,-0.003395233434260286,0.005712845590732041,-1,0
2019-12-25,2019-12-26,2019-12-27,2019,-0.003931133372050588,0.0011647187624910238,-1,0
2019-12-26,2019-12-27,2019-12-30,2019,-0.0017532744102378745,-0.006683605112889346,-1,0
2019-12-27,2019-12-30,2020-01-06,2019,-0.0013592124249935,-0.013997065031157274,-1,0
2019-12-30,2020-01-06,2020-01-07,2020,-0.00042644968042536213,0.016317216767020915,-1,0
2020-01-06,2020-01-07,2020-01-08,2020,-0.0016054457953372523,-0.013626551645713247,-1,0
2020-01-07,2020-01-08,2020-01-09,2020,-0.000316503725385706,0.016324775281750803,-1,0
2020-01-08,2020-01-09,2020-01-10,2020,-0.0013423234077902114,0.003368292752593094,-1,0
2020-01-09,2020-01-10,2020-01-14,2020,-0.0001922520410935408,0.0029832628820223306,-1,0
2020-01-10,2020-01-14,2020-01-15,2020,3.2247134808715784e-05,-0.004987005420628465,1,0
2020-01-14,2020-01-15,2020-01-16,2020,0.00018692254344815834,-0.0010481543928173576,1,0
2020-01-15,2020-01-16,2020-01-17,2020,-0.00021263082055050336,0.0035151737318963594,-1,0
2020-01-16,2020-01-17,2020-01-20,2020,-0.00024491383692158025,0.004530438770186773,-1,0
2020-01-17,2020-01-20,2020-01-21,2020,-8.145038389933493e-05,-0.005314355928623726,-1,0
2020-01-20,2020-01-21,2020-01-22,2020,0.00012727632486874226,0.005031310191817351,1,0
2020-01-21,2020-01-22,2020-01-23,2020,-0.00017924925260055167,-0.007706396115082836,-1,0
2020-01-22,2020-01-23,2020-01-24,2020,7.746993107954021e-05,-0.00044310889158882816,1,0
2020-01-23,2020-01-24,2020-01-27,2020,-0.0002478164122693539,-0.016833172342285208,-1,0
2020-01-24,2020-01-27,2020-01-28,2020,-0.00025805573872171366,-0.005814873180252311,-1,0
2020-01-27,2020-01-28,2020-01-29,2020,-0.0009352945888357435,0.004058852674441837,-1,0
2020-01-28,2020-01-29,2020-01-30,2020,-0.0006559170922960516,-0.01490269905949082,-1,0
2020-01-29,2020-01-30,2020-01-31,2020,-0.000333528292529954,0.006084044300297631,-1,0
2020-01-30,2020-01-31,2020-02-03,2020,0.00012794928316127368,-0.006806387031567329,1,0
2020-01-31,2020-02-03,2020-02-04,2020,0.00034127991864373394,0.007409219519852295,1,0
2020-02-03,2020-02-04,2020-02-05,2020,0.0007658381173246665,0.010373214497277239,1,0
2020-02-04,2020-02-05,2020-02-06,2020,0.0006532669120675213,0.02021959200840895,1,0
2020-02-05,2020-02-06,2020-02-07,2020,0.0004142574741581846,-0.0026759625776822116,1,0
2020-02-06,2020-02-07,2020-02-10,2020,-2.4496658065397456e-05,-0.007147182425619292,-1,0
2020-02-07,2020-02-10,2020-02-12,2020,8.818229059866238e-05,-0.00011925839086690537,1,0
2020-02-10,2020-02-12,2020-02-13,2020,0.00026713821331931316,-0.002691569367987756,1,0
2020-02-12,2020-02-13,2020-02-14,2020,0.00032231970604691224,-0.006123470109104523,1,0
2020-02-13,2020-02-14,2020-02-17,2020,0.0004769917741742508,-0.009259291808552894,1,0
2020-02-14,2020-02-17,2020-02-18,2020,0.0006964710464044169,-0.013247247925460948,1,0
2020-02-17,2020-02-18,2020-02-19,2020,0.0009505402913779219,0.003983391314731577,1,0
2020-02-18,2020-02-19,2020-02-20,2020,0.0012525065410037796,0.0014214956256761724,1,0
2020-02-19,2020-02-20,2020-02-21,2020,0.0011729312626679537,-0.0002582277984400916,1,0
2020-02-20,2020-02-21,2020-02-25,2020,0.0011544827487922973,-0.03343890800317528,1,0
2020-02-21,2020-02-25,2020-02-26,2020,0.001173523459642975,-0.007417584311721348,1,0
2020-02-25,2020-02-26,2020-02-27,2020,0.001636703031221031,-0.02407230601550925,1,0
2020-02-26,2020-02-27,2020-02-28,2020,0.001648391876293824,-0.036581605490935476,1,0
2020-02-27,2020-02-28,2020-03-02,2020,0.0018130814817956659,0.011323053682118278,1,0
2020-02-28,2020-03-02,2020-03-03,2020,0.002039240383935923,-0.013429605790960752,1,0
2020-03-02,2020-03-03,2020-03-04,2020,0.0017997292397012737,-0.0018293932986939154,1,0
2020-03-03,2020-03-04,2020-03-05,2020,0.0017888876321947545,0.008950458860649935,1,0
2020-03-04,2020-03-05,2020-03-06,2020,0.0016980138501480307,-0.028982253453367357,1,0
2020-03-05,2020-03-06,2020-03-09,2020,0.0015082388421622777,-0.0557076431837622,1,0
2020-03-06,2020-03-09,2020-03-10,2020,0.001711668742955303,0.012959249849087584,1,0
2020-03-09,2020-03-10,2020-03-11,2020,0.0018589095977200594,-0.015481029380631117,1,0
2020-03-10,2020-03-11,2020-03-12,2020,0.0016705168301791478,-0.04117580058537018,1,0
2020-03-11,2020-03-12,2020-03-13,2020,0.0016291608535914353,-0.050059447738492024,1,0
2020-03-12,2020-03-13,2020-03-16,2020,0.0016744908161753426,-0.019393491122085993,1,0
2020-03-13,2020-03-16,2020-03-17,2020,0.0017020877900300402,0.027351682210955852,1,0
2020-03-16,2020-03-17,2020-03-18,2020,0.0016253582077388935,0.0007633949324337141,1,0
2020-03-17,2020-03-18,2020-03-19,2020,0.001481667139185795,0.008635014977977029,1,0
2020-03-18,2020-03-19,2020-03-23,2020,0.0014080497543444332,0.007330702961392044,1,0
2020-03-19,2020-03-23,2020-03-24,2020,0.001296106238332048,0.032048404294255484,1,0
2020-03-23,2020-03-24,2020-03-25,2020,0.001269431954680107,0.06716034575407792,1,0
2020-03-24,2020-03-25,2020-03-26,2020,0.0012191352314800644,-0.01855563287462525,1,0
2020-03-25,2020-03-26,2020-03-27,2020,0.0012985077922829553,0.041701866335565496,1,0
2020-03-26,2020-03-27,2020-03-30,2020,0.0013559539472161371,-0.015638539913462646,1,0
2020-03-27,2020-03-30,2020-03-31,2020,0.0014948333991087557,-0.02099259814206167,1,0
2020-03-30,2020-03-31,2020-04-01,2020,0.0015371839577611995,-0.03668541823611571,1,0
2020-03-31,2020-04-01,2020-04-02,2020,0.0015672382072293178,-0.01581407805024082,1,0
2020-04-01,2020-04-02,2020-04-03,2020,0.0014181421847109885,-0.004172749385402685,1,0
2020-04-02,2020-04-03,2020-04-06,2020,0.0013216708360107264,0.038751789950991045,1,0
2020-04-03,2020-04-06,2020-04-07,2020,0.0012842686585212925,0.020030699525013684,1,0
2020-04-06,2020-04-07,2020-04-08,2020,0.001511040696018572,0.016351385597286994,1,0
2020-04-07,2020-04-08,2020-04-09,2020,0.0017281824995147269,-0.00446950991087991,1,0
2020-04-08,2020-04-09,2020-04-10,2020,0.001965213183960321,0.009059772989967074,1,0
2020-04-09,2020-04-10,2020-04-13,2020,0.0018847419115625983,-0.01640025012719548,1,0
2020-04-10,2020-04-13,2020-04-14,2020,0.001918071047940249,0.020604463520588423,1,0
2020-04-13,2020-04-14,2020-04-15,2020,0.0017964550978080624,0.0004606229779138271,1,0
2020-04-14,2020-04-15,2020-04-16,2020,0.0017822612672314573,-0.0068613305746223485,1,0
2020-04-15,2020-04-16,2020-04-17,2020,0.00170686901070371,0.013974886149756394,1,0
2020-04-16,2020-04-17,2020-04-20,2020,0.0016178273762185926,-0.006518716680973258,1,0
2020-04-17,2020-04-20,2020-04-21,2020,0.0016339860010277946,-0.012075458315553012,1,0
2020-04-20,2020-04-21,2020-04-22,2020,0.0015355450445448695,-0.006110703385790117,1,0
2020-04-21,2020-04-22,2020-04-23,2020,0.001352619823011953,0.013420652250898613,1,0
2020-04-22,2020-04-23,2020-04-24,2020,0.0011287913646528772,-0.0028763619114053895,1,0
2020-04-23,2020-04-24,2020-04-27,2020,0.0012747130669667397,0.01725657887281673,1,0
2020-04-24,2020-04-27,2020-04-28,2020,0.0011700981405410756,0.002028763325557792,1,0
2020-04-27,2020-04-28,2020-04-30,2020,0.0014159802804987332,0.01022899770696939,1,0
2020-04-28,2020-04-30,2020-05-01,2020,0.0014766950283777124,-0.02122681859059483,1,0
2020-04-30,2020-05-01,2020-05-07,2020,0.0015990835685124,-0.001277401270895706,1,0
2020-05-01,2020-05-07,2020-05-08,2020,0.0011575132851958927,0.021042755477872488,1,0
2020-05-07,2020-05-08,2020-05-11,2020,0.0010708926172765657,0.015538743404344801,1,0
2020-05-08,2020-05-11,2020-05-12,2020,0.0014530722995032845,-0.002303482312192462,1,0
2020-05-11,2020-05-12,2020-05-13,2020,0.002085460630930064,-0.0013740423686179337,1,0
2020-05-12,2020-05-13,2020-05-14,2020,0.0018962001185935911,-0.01848379949892298,1,0
2020-05-13,2020-05-14,2020-05-15,2020,0.0016569945306159593,0.005573981569735542,1,0
2020-05-14,2020-05-15,2020-05-18,2020,0.0008880793132397756,0.0033802653658299153,1,0
2020-05-15,2020-05-18,2020-05-19,2020,0.000978895393413755,0.01727845020014751,1,0
2020-05-18,2020-05-19,2020-05-20,2020,0.0009690893185145694,0.006382744842967858,1,0
2020-05-19,2020-05-20,2020-05-21,2020,0.0013788182394579007,-0.0017821184332361684,1,0
2020-05-20,2020-05-21,2020-05-22,2020,0.0013252832781043052,-0.008335395711831173,1,0
2020-05-21,2020-05-22,2020-05-25,2020,0.0010508727658148703,0.017047778938961367,1,0
2020-05-22,2020-05-25,2020-05-26,2020,0.0006880456390316524,0.02098678055050307,1,0
2020-05-25,2020-05-26,2020-05-27,2020,0.0008228421854443412,0.008616990129242552,1,0
2020-05-26,2020-05-27,2020-05-28,2020,0.0008992869716941057,0.017196013060483573,1,0
2020-05-27,2020-05-28,2020-05-29,2020,0.0007053979131210119,-0.006645373476799166,1,0
2020-05-28,2020-05-29,2020-06-01,2020,0.0005979556082609286,0.0036579996909513746,1,0
2020-05-29,2020-06-01,2020-06-02,2020,0.00033289657819757636,0.012022246944677573,1,0
2020-06-01,2020-06-02,2020-06-03,2020,0.0002168594292704726,0.007137770052640935,1,0
2020-06-02,2020-06-03,2020-06-04,2020,0.00012473451399613847,0.0027911036600312134,1,0
2020-06-03,2020-06-04,2020-06-05,2020,2.5988216677069383e-05,0.004502929770648478,1,0
2020-06-04,2020-06-05,2020-06-08,2020,-6.348383526931152e-05,0.010660778470740873,-1,0
2020-06-05,2020-06-08,2020-06-09,2020,-9.723647741796233e-05,-0.0013442445036272455,-1,0
2020-06-08,2020-06-09,2020-06-10,2020,-0.00010304724495592515,-0.0009790364795805306,-1,0
2020-06-09,2020-06-10,2020-06-11,2020,-0.00013667519636523272,-0.021481267755263822,-1,0
2020-06-10,2020-06-11,2020-06-12,2020,-0.00016298077274067905,-0.010786421358479514,-1,0
2020-06-11,2020-06-12,2020-06-15,2020,-0.0002005838689900661,-0.025818871579305624,-1,0
2020-06-12,2020-06-15,2020-06-16,2020,-0.00032321162895485896,0.04046564608587233,-1,0
2020-06-15,2020-06-16,2020-06-17,2020,-0.000581286176096801,-0.0035305596172556797,-1,0
2020-06-16,2020-06-17,2020-06-18,2020,-0.00037400609869812777,-0.002214858849968082,-1,0
2020-06-17,2020-06-18,2020-06-19,2020,-0.0004578845029580953,0.0001950620867361419,-1,0
2020-06-18,2020-06-19,2020-06-22,2020,-0.0005187118199233378,-0.0014797632519606418,-1,0
2020-06-19,2020-06-22,2020-06-23,2020,-0.000550785492582428,0.005146271804389535,-1,0
2020-06-22,2020-06-23,2020-06-24,2020,-0.0005346775651084703,-0.0036576494441383778,-1,0
2020-06-23,2020-06-24,2020-06-25,2020,-0.0006166304630061035,-0.01111814254233423,-1,0
2020-06-24,2020-06-25,2020-06-26,2020,-0.0006819249066183018,0.009464163692976202,-1,0
2020-06-25,2020-06-26,2020-06-29,2020,-0.0010746208001997026,-0.017909224420074032,-1,0
2020-06-26,2020-06-29,2020-06-30,2020,-0.0008416758578935681,0.005810308836234013,-1,0
2020-06-29,2020-06-30,2020-07-01,2020,-0.001441430020232189,-0.012601252833147059,-1,0
2020-06-30,2020-07-01,2020-07-02,2020,-0.001230106831486321,0.001378855581861016,-1,0
2020-07-01,2020-07-02,2020-07-03,2020,-0.0015405791192127005,0.006965776305687843,-1,0
2020-07-02,2020-07-03,2020-07-06,2020,-0.0013558880381572453,0.0157407350372909,-1,0
2020-07-03,2020-07-06,2020-07-07,2020,-0.0011029521649384463,-0.0030566992887196553,-1,0
2020-07-06,2020-07-07,2020-07-08,2020,-0.0006057119105536925,-0.008645194609430695,-1,0
2020-07-07,2020-07-08,2020-07-09,2020,-0.0005917926467981573,-8.343623194406735e-05,-1,0
2020-07-08,2020-07-09,2020-07-10,2020,-0.0007444960787151883,-0.014205400719024208,-1,0
2020-07-09,2020-07-10,2020-07-13,2020,-0.000646289592916502,0.023980756751623478,-1,0
2020-07-10,2020-07-13,2020-07-14,2020,-0.0011994043521928912,-0.0056448306427255845,-1,0
2020-07-13,2020-07-14,2020-07-15,2020,-2.768636783019809e-05,0.015271408223326288,-1,0
2020-07-14,2020-07-15,2020-07-16,2020,-0.00027957115614586766,-0.007512960577658934,-1,0
2020-07-15,2020-07-16,2020-07-17,2020,0.00048710767520793896,-0.0030511524892100628,1,0
2020-07-16,2020-07-17,2020-07-20,2020,0.00014859071831268953,0.0017142318282408198,1,0
2020-07-17,2020-07-20,2020-07-21,2020,6.612100028132887e-05,0.004664242347608205,1,0
2020-07-20,2020-07-21,2020-07-22,2020,0.0002088920881191864,-0.006178988531051366,1,0
2020-07-21,2020-07-22,2020-07-27,2020,0.0005068427654005068,0.0020350398695796468,1,0
2020-07-22,2020-07-27,2020-07-28,2020,0.00022190770105412502,-0.004616445890665122,1,0
2020-07-27,2020-07-28,2020-07-29,2020,0.0003804654746392598,-0.012656024528527432,1,0
2020-07-28,2020-07-29,2020-07-30,2020,0.00020705314673749725,-0.005588849221011438,1,0
2020-07-29,2020-07-30,2020-07-31,2020,-0.0005660881966150725,-0.027154430294213383,-1,0
2020-07-30,2020-07-31,2020-08-03,2020,-0.000767951001380626,0.018836160749767794,-1,0
2020-07-31,2020-08-03,2020-08-04,2020,-0.0012866005386431424,0.020251395460356703,-1,0
2020-08-03,2020-08-04,2020-08-05,2020,-0.0004660163570202473,-0.00020566387180465107,-1,0
2020-08-04,2020-08-05,2020-08-06,2020,8.482587358437895e-05,-0.002611153858742443,1,0
2020-08-05,2020-08-06,2020-08-07,2020,8.398664311534264e-05,-0.0017290661313129618,1,0
2020-08-06,2020-08-07,2020-08-11,2020,4.87235721290713e-05,0.02350673700351158,1,0
2020-08-07,2020-08-11,2020-08-12,2020,0.00010465704463563165,0.011491628902147388,1,0
2020-08-11,2020-08-12,2020-08-13,2020,0.0006781264195927154,0.011983720364319828,1,0
2020-08-12,2020-08-13,2020-08-14,2020,0.0007720707897665941,2.8089570216938142e-05,1,0
2020-08-13,2020-08-14,2020-08-17,2020,0.000611856166387495,-0.00858719709384359,1,0
2020-08-14,2020-08-17,2020-08-18,2020,0.00040490168454420836,0.0016840210068482797,1,0
2020-08-17,2020-08-18,2020-08-19,2020,0.00033238589579240015,0.0022271790767520727,1,0
2020-08-18,2020-08-19,2020-08-20,2020,0.00025091552100954745,-0.00916742443903884,1,0
2020-08-19,2020-08-20,2020-08-21,2020,0.00013639370411745537,0.0036980821662007113,1,0
2020-08-20,2020-08-21,2020-08-24,2020,0.0002542406845797844,0.0023373148196059734,1,0
2020-08-21,2020-08-24,2020-08-25,2020,0.00012271871608412582,0.01022986647213564,1,0
2020-08-24,2020-08-25,2020-08-26,2020,3.1782844363220356e-05,-0.0003107744654794464,1,0
2020-08-25,2020-08-26,2020-08-27,2020,-0.000211056969910799,-0.0051536674036162244,-1,0
2020-08-26,2020-08-27,2020-08-28,2020,-0.00020306147812403707,-0.008797993412946958,-1,0
2020-08-27,2020-08-28,2020-08-31,2020,-8.34883373485548e-05,0.008827852995647811,-1,0
2020-08-28,2020-08-31,2020-09-01,2020,0.0001014653036532317,-0.0011502788994510738,1,0
2020-08-31,2020-09-01,2020-09-02,2020,-0.00013738202315537645,0.005142804815916113,-1,0
2020-09-01,2020-09-02,2020-09-03,2020,-0.00016838568728061256,0.004702855016229801,-1,0
2020-09-02,2020-09-03,2020-09-04,2020,-0.00028096764398837486,-0.009510187307085083,-1,0
2020-09-03,2020-09-04,2020-09-07,2020,-0.0002996716251966994,-0.00489846397256688,-1,0
2020-09-04,2020-09-07,2020-09-08,2020,-0.00029424943832532407,0.007352662310118996,-1,0
2020-09-07,2020-09-08,2020-09-09,2020,-0.0004085584098477296,-0.009532689179138965,-1,0
2020-09-08,2020-09-09,2020-09-10,2020,-0.0003705645926188469,0.011423215889801108,-1,0
2020-09-09,2020-09-10,2020-09-11,2020,-0.0010057009323137728,0.007347832107539309,-1,0
2020-09-10,2020-09-11,2020-09-14,2020,-0.00016000264086054661,0.008059255665364473,-1,0
2020-09-11,2020-09-14,2020-09-15,2020,0.00046574321127167514,-0.004988760509517021,1,0
2020-09-14,2020-09-15,2020-09-16,2020,0.0007837640566716444,0.0031192647417850328,1,0
2020-09-15,2020-09-16,2020-09-17,2020,0.00032452273976834505,-0.0031040761362566283,1,0
2020-09-16,2020-09-17,2020-09-18,2020,0.00036286952294008515,0.004842889337067113,1,0
2020-09-17,2020-09-18,2020-09-23,2020,0.00015996242735629202,-0.0006288726191305827,1,0
2020-09-18,2020-09-23,2020-09-24,2020,0.00024070371280254376,-0.011418679129117093,1,0
2020-09-23,2020-09-24,2020-09-25,2020,0.00015732659074354805,0.0054043963420975505,1,0
2020-09-24,2020-09-25,2020-09-28,2020,-0.00035304278307472206,0.016360456421939285,-1,0
2020-09-25,2020-09-28,2020-09-29,2020,-0.00013391481719565615,-0.0026284675136677427,-1,0
2020-09-28,2020-09-29,2020-09-30,2020,0.00048115339028217274,-0.02085836139738928,1,0
2020-09-29,2020-09-30,2020-10-02,2020,0.0002536434925213173,-0.009516190971578964,1,0
2020-09-30,2020-10-02,2020-10-05,2020,-0.0005742441582736026,0.01711872160096717,-1,0
2020-10-02,2020-10-05,2020-10-06,2020,-0.0010020154532233488,0.004983247735259377,-1,0
2020-10-05,2020-10-06,2020-10-07,2020,-0.00030558678252321685,0.0007972289681459355,-1,0
2020-10-06,2020-10-07,2020-10-08,2020,-0.00013105638435947152,0.00611938724027139,-1,0
2020-10-07,2020-10-08,2020-10-09,2020,-0.000134965699143311,-0.004029791419109974,-1,0
2020-10-08,2020-10-09,2020-10-12,2020,0.0001045518981964239,-0.0019514783442068362,1,0
2020-10-09,2020-10-12,2020-10-13,2020,-7.475790977243579e-05,0.003033698642236571,-1,0
2020-10-12,2020-10-13,2020-10-14,2020,-0.00014513099751655754,-0.0021719242477198364,-1,0
2020-10-13,2020-10-14,2020-10-15,2020,-6.28987773776911e-05,-0.007480039551064799,-1,0
2020-10-14,2020-10-15,2020-10-16,2020,-0.00014768373772211104,-0.008422757855438667,-1,0
2020-10-15,2020-10-16,2020-10-19,2020,-0.0006761711823800437,0.012337840162278901,-1,0
2020-10-16,2020-10-19,2020-10-20,2020,-0.0012059816174845265,-0.006956197652873142,-1,0
2020-10-19,2020-10-20,2020-10-21,2020,-0.0003890706849445012,0.006610964462624658,-1,0
2020-10-20,2020-10-21,2020-10-22,2020,-0.0007871061832490136,-0.011732288747121733,-1,0
2020-10-21,2020-10-22,2020-10-23,2020,-0.00037455699759865685,0.002987687659124605,-1,0
2020-10-22,2020-10-23,2020-10-26,2020,-0.0009505739970527187,-0.0046815585226802625,-1,0
2020-10-23,2020-10-26,2020-10-27,2020,-0.0006866692383406438,-7.980689478326308e-05,-1,0
2020-10-26,2020-10-27,2020-10-28,2020,-0.0008045033806995065,-0.002499477558747465,-1,0
2020-10-27,2020-10-28,2020-10-29,2020,-0.0007384252883169248,-0.0015851404229202393,-1,0
2020-10-28,2020-10-29,2020-10-30,2020,-0.0006702942522641324,-0.019464180514518703,-1,0
2020-10-29,2020-10-30,2020-11-02,2020,-0.0005584523339099135,0.016494174849072785,-1,0
2020-10-30,2020-11-02,2020-11-04,2020,-0.00048501137416336667,0.01281920661130087,-1,0
2020-11-02,2020-11-04,2020-11-05,2020,-0.00011728463974402681,0.015216213632704312,-1,0
2020-11-04,2020-11-05,2020-11-06,2020,-1.0994679776102982e-05,0.00472009297888909,-1,0
2020-11-05,2020-11-06,2020-11-09,2020,6.997033354917867e-05,0.014904598933551227,1,0
2020-11-06,2020-11-09,2020-11-10,2020,-6.121580279715475e-05,0.007344790050656691,-1,0
2020-11-09,2020-11-10,2020-11-11,2020,-0.00038794488153357095,0.01655381826896085,-1,0
2020-11-10,2020-11-11,2020-11-12,2020,-0.00055400380687837,-0.0009426921243931297,-1,0
2020-11-11,2020-11-12,2020-11-13,2020,-0.0008996845523639976,-0.011888428166834775,-1,0
2020-11-12,2020-11-13,2020-11-16,2020,-0.0008244926806455516,0.01640553388416044,-1,0
2020-11-13,2020-11-16,2020-11-17,2020,-0.0005177649832401037,8.215102787434425e-05,-1,0
2020-11-16,2020-11-17,2020-11-18,2020,-0.0008324619508858711,-0.007909093933750944,-1,0
2020-11-17,2020-11-18,2020-11-19,2020,-0.0007754401880614902,0.0034951198770560854,-1,0
2020-11-18,2020-11-19,2020-11-20,2020,-0.0005731373460938458,0.0005485365674600118,-1,0
2020-11-19,2020-11-20,2020-11-24,2020,-0.0006354289356445288,0.019941061778398383,-1,0
2020-11-20,2020-11-24,2020-11-25,2020,-0.0005988825252252112,0.0021024297569733896,-1,0
2020-11-24,2020-11-25,2020-11-26,2020,-0.0009257437471139032,0.006535142033232466,-1,0
2020-11-25,2020-11-26,2020-11-27,2020,-0.0008552133895273988,0.004780994295729757,-1,0
2020-11-26,2020-11-27,2020-11-30,2020,-0.0008613692572379518,-0.015782443871525387,-1,0
2020-11-27,2020-11-30,2020-12-01,2020,-0.0008453701570889811,0.007560812238148085,-1,0
2020-11-30,2020-12-01,2020-12-02,2020,-0.0005538494819187649,0.0023962293345636265,-1,0
2020-12-01,2020-12-02,2020-12-03,2020,-0.000637398007741622,0.0005825236461391992,-1,0
2020-12-02,2020-12-03,2020-12-04,2020,-0.0006258533907133145,7.102875168896183e-05,-1,0
2020-12-03,2020-12-04,2020-12-07,2020,-0.0005555184135182371,-0.009104944264313408,-1,0
2020-12-04,2020-12-07,2020-12-08,2020,-0.0005136726089480854,-0.0003165274284366859,-1,0
2020-12-07,2020-12-08,2020-12-09,2020,-0.0004109407325199756,0.01091084075231774,-1,0
2020-12-08,2020-12-09,2020-12-10,2020,-0.00045080375695294775,-0.0018826820378701203,-1,0
2020-12-09,2020-12-10,2020-12-11,2020,-0.00032847932853157804,0.004120169793467854,-1,0
2020-12-10,2020-12-11,2020-12-14,2020,-0.00033798148465242236,0.004924420350022052,-1,0
2020-12-11,2020-12-14,2020-12-15,2020,-0.0002261901468295006,-0.0044365182990010466,-1,0
2020-12-14,2020-12-15,2020-12-16,2020,-0.00010290383403821459,0.0021070942039809193,-1,0
2020-12-15,2020-12-16,2020-12-17,2020,-0.00021885801108333547,0.004190458717345136,-1,0
2020-12-16,2020-12-17,2020-12-18,2020,-0.00013533961675191446,6.312571729316652e-05,-1,0
2020-12-17,2020-12-18,2020-12-21,2020,-3.447114256700143e-05,-0.002540453725092484,-1,0
2020-12-18,2020-12-21,2020-12-22,2020,-3.541418982158155e-05,-0.015683767509432234,-1,0
2020-12-21,2020-12-22,2020-12-23,2020,-8.271096149804485e-05,0.0033847890438802875,-1,0
2020-12-22,2020-12-23,2020-12-24,2020,-0.0010599436380820972,0.005214361559568559,-1,0
2020-12-23,2020-12-24,2020-12-25,2020,-0.0010806334909378326,0.0020925285588073717,-1,0
2020-12-24,2020-12-25,2020-12-28,2020,-0.0005915765373146739,0.005105600314544212,-1,0
2020-12-25,2020-12-28,2020-12-29,2020,-0.0004049446408378174,0.017443991083722743,-1,0
2020-12-28,2020-12-29,2020-12-30,2020,9.925151192944082e-05,-0.007210134335860818,1,0
2020-12-29,2020-12-30,2021-01-04,2020,0.001275948718597676,-0.004949147772665419,1,0
2020-12-30,2021-01-04,2021-01-05,2021,0.000765671863104686,-0.002483795882398998,1,0
2021-01-04,2021-01-05,2021-01-06,2021,0.0008549484637229856,0.002280500052844081,1,0
2021-01-05,2021-01-06,2021-01-07,2021,0.0008587396151378947,0.01541999661831972,1,0
2021-01-06,2021-01-07,2021-01-08,2021,0.0007947209195447029,0.016014145294171556,1,0
2021-01-07,2021-01-08,2021-01-12,2021,0.0007276017372469645,0.0008747810835341152,1,0
2021-01-08,2021-01-12,2021-01-13,2021,0.0007436632770898376,0.0035384918743768257,1,0
2021-01-12,2021-01-13,2021-01-14,2021,0.0008638875373329615,0.004538578767351753,1,0
2021-01-13,2021-01-14,2021-01-15,2021,0.0009764411802037617,-0.008615390963101932,1,0
2021-01-14,2021-01-15,2021-01-18,2021,0.0010955975893393653,-0.005526399287183348,1,0
2021-01-15,2021-01-18,2021-01-19,2021,0.0009596303717004726,0.005375101468868326,1,0
2021-01-18,2021-01-19,2021-01-20,2021,0.000886977951114766,-0.003737449396762238,1,0
2021-01-19,2021-01-20,2021-01-21,2021,0.0010126237057095293,0.006781525393524834,1,0
2021-01-20,2021-01-21,2021-01-22,2021,0.0009641957440025137,-0.0018734375724853702,1,0
2021-01-21,2021-01-22,2021-01-25,2021,0.0011948487136360412,0.0038720766182018806,1,0
2021-01-22,2021-01-25,2021-01-26,2021,0.001126864311137303,-0.007802211961364214,1,0
2021-01-25,2021-01-26,2021-01-27,2021,0.0012160132261257329,0.006661398209060421,1,0
2021-01-26,2021-01-27,2021-01-28,2021,0.0009675493112931753,-0.011465794503730753,1,0
2021-01-27,2021-01-28,2021-01-29,2021,0.001150055519932137,-0.01606487424209524,1,0
2021-01-28,2021-01-29,2021-02-01,2021,0.0009382257935594955,0.011777023074297954,1,0
2021-01-29,2021-02-01,2021-02-02,2021,0.0009664061094211997,0.00936907805807996,1,0
2021-02-01,2021-02-02,2021-02-03,2021,0.001147416130544045,0.012834511975068796,1,0
2021-02-02,2021-02-03,2021-02-04,2021,0.0012633995407874707,-0.003840321042537287,1,0
2021-02-03,2021-02-04,2021-02-05,2021,0.0014100318238659166,0.01312154279655875,1,0
2021-02-04,2021-02-05,2021-02-08,2021,0.0013551810003998976,0.016625923429933076,1,0
2021-02-05,2021-02-08,2021-02-09,2021,0.0013889303822911666,0.0013848721336113812,1,0
2021-02-08,2021-02-09,2021-02-10,2021,0.0014982411465481345,0.0026013181431883137,1,0
2021-02-09,2021-02-10,2021-02-12,2021,0.0015845644240454178,0.002048585329023078,1,0
2021-02-10,2021-02-12,2021-02-15,2021,0.0016639322505414497,0.010030986056542623,1,0
2021-02-12,2021-02-15,2021-02-16,2021,0.0017413823748033623,0.005088731476854402,1,0
2021-02-15,2021-02-16,2021-02-17,2021,0.001989014409361386,-0.0024968285410695845,1,0
2021-02-16,2021-02-17,2021-02-18,2021,0.002029640180653722,-0.009220187123262558,1,0
2021-02-17,2021-02-18,2021-02-19,2021,0.0019067594297632509,-0.0071017028288244965,1,0
2021-02-18,2021-02-19,2021-02-22,2021,0.0015652801749968016,0.0045810970576609655,1,0
2021-02-19,2021-02-22,2021-02-24,2021,0.0013479891410867017,-0.018127556823930968,1,0
2021-02-22,2021-02-24,2021-02-25,2021,0.0014755581795734133,0.011597279069118338,1,0
2021-02-24,2021-02-25,2021-02-26,2021,0.0010576348673415684,-0.031053518717545137,1,0
2021-02-25,2021-02-26,2021-03-01,2021,0.0013517871872490686,0.01987079474654818,1,0
2021-02-26,2021-03-01,2021-03-02,2021,0.0006903246400354294,-0.004345868724970003,1,0
2021-03-01,2021-03-02,2021-03-03,2021,0.0011370649256840408,0.004312687665363635,1,0
2021-03-02,2021-03-03,2021-03-04,2021,0.0010523488950824969,-0.010872946520618987,1,0
2021-03-03,2021-03-04,2021-03-05,2021,0.0011569298256800648,0.0052538173758232,1,0
2021-03-04,2021-03-05,2021-03-08,2021,0.000994008900956004,-0.0023081417562991202,1,0
2021-03-05,2021-03-08,2021-03-09,2021,0.001108833725347322,0.012412897389728839,1,0
2021-03-08,2021-03-09,2021-03-10,2021,0.0010975797127064945,0.0008401957535355553,1,0
2021-03-09,2021-03-10,2021-03-11,2021,0.0013749021196712043,0.0035360700622808494,1,0
2021-03-10,2021-03-11,2021-03-12,2021,0.0013591074613533206,0.01360779556232461,1,0
2021-03-11,2021-03-12,2021-03-15,2021,0.0013495344173953643,0.00857454624013676,1,0
2021-03-12,2021-03-15,2021-03-16,2021,0.0014001282846600408,0.006330597586095887,1,0
2021-03-15,2021-03-16,2021-03-17,2021,0.0014148253429041371,0.0016806418825452418,1,0
2021-03-16,2021-03-17,2021-03-18,2021,0.0014323438726780826,0.012066549981051722,1,0
2021-03-17,2021-03-18,2021-03-19,2021,0.0014127924250052423,0.0007861332636500684,1,0
2021-03-18,2021-03-19,2021-03-22,2021,0.0015862910832671552,-0.011678232098768504,1,0
2021-03-19,2021-03-22,2021-03-23,2021,0.0015362076259312696,-0.008765983993940352,1,0
2021-03-22,2021-03-23,2021-03-24,2021,0.0011746466612502806,-0.021400843810735815,1,0
2021-03-23,2021-03-24,2021-03-25,2021,0.000963672184938413,0.013373800629257193,1,0
2021-03-24,2021-03-25,2021-03-26,2021,0.0006028766122755998,0.014663981943294768,1,0
2021-03-25,2021-03-26,2021-03-29,2021,0.0008877990785282923,0.004694326496476053,1,0
2021-03-26,2021-03-29,2021-03-30,2021,0.0012679536151146713,-0.008184505014750432,1,0
2021-03-29,2021-03-30,2021-03-31,2021,0.0013840860775219362,-0.010485947862496126,1,0
2021-03-30,2021-03-31,2021-04-01,2021,0.0011442544217154555,0.0016273191735824977,1,0
2021-03-31,2021-04-01,2021-04-02,2021,0.0008144182324621281,0.007053092196107835,1,0
2021-04-01,2021-04-02,2021-04-05,2021,0.0008540840291898406,0.00572108389227477,1,0
2021-04-02,2021-04-05,2021-04-06,2021,0.0010882622901448682,-0.014630280832188425,1,0
2021-04-05,2021-04-06,2021-04-07,2021,0.0013121197452944972,0.006758687031921395,1,0
2021-04-06,2021-04-07,2021-04-08,2021,0.000879839007096913,-0.007279157570635908,1,0
2021-04-07,2021-04-08,2021-04-09,2021,0.0010827778828607837,0.0035914569527919493,1,0
2021-04-08,2021-04-09,2021-04-12,2021,0.0009327175884544021,-0.0027994674591060864,1,0
2021-04-09,2021-04-12,2021-04-13,2021,0.0010635849727411684,0.0024378999888521324,1,0
2021-04-12,2021-04-13,2021-04-14,2021,0.0010720551205012567,-0.002875766275757141,1,0
2021-04-13,2021-04-14,2021-04-15,2021,0.0011116408471181622,0.0031839989511379674,1,0
2021-04-14,2021-04-15,2021-04-16,2021,0.0009740740234532757,0.001149581416127532,1,0
2021-04-15,2021-04-16,2021-04-19,2021,0.0010736399453644262,-0.00198820106623121,1,0
2021-04-16,2021-04-19,2021-04-20,2021,0.0010567731495369367,-0.015364901184478308,1,0
2021-04-19,2021-04-20,2021-04-21,2021,0.0008528776794673989,-0.019817139099381542,1,0
2021-04-20,2021-04-21,2021-04-22,2021,0.0007141231768861949,0.01823196716095432,1,0
2021-04-21,2021-04-22,2021-04-23,2021,0.0002118502937748325,-0.004156193191744206,1,0
2021-04-22,2021-04-23,2021-04-26,2021,0.00033740848073794704,0.0014174619528004584,1,0
2021-04-23,2021-04-26,2021-04-27,2021,0.00021879996640533823,-0.006784125006534358,1,0
2021-04-26,2021-04-27,2021-04-28,2021,0.0001587651408628118,0.002472977196064985,1,0
2021-04-27,2021-04-28,2021-04-30,2021,-0.0002601751430454244,-0.005588186286611285,-1,0
2021-04-28,2021-04-30,2021-05-06,2021,-0.00039164667160271165,0.013921822045600551,-1,0
2021-04-30,2021-05-06,2021-05-07,2021,-0.0007959853349689572,0.002358118148477528,-1,0
2021-05-06,2021-05-07,2021-05-10,2021,-0.00016428425315266924,0.00902913508158143,-1,0
2021-05-07,2021-05-10,2021-05-11,2021,-0.000175971735140795,-0.023430430655386747,-1,0
2021-05-10,2021-05-11,2021-05-12,2021,9.127511153106843e-05,-0.01400597152419547,1,0
2021-05-11,2021-05-12,2021-05-13,2021,-0.0009673408625858798,-0.016045910377285866,-1,0
2021-05-12,2021-05-13,2021-05-14,2021,-0.0015336573346558277,0.019406597832830608,-1,0
2021-05-13,2021-05-14,2021-05-17,2021,-0.002088755806114374,-0.003630126880890927,-1,0
2021-05-14,2021-05-17,2021-05-18,2021,-0.001332248600383781,0.015068247211157404,-1,0
2021-05-17,2021-05-18,2021-05-19,2021,-0.0014088940136859744,-0.006617361918767939,-1,0
2021-05-18,2021-05-19,2021-05-20,2021,-0.0007836381276539506,0.0008494627093051932,-1,0
2021-05-19,2021-05-20,2021-05-21,2021,-0.0010600434608144603,0.005133961749143934,-1,0
2021-05-20,2021-05-21,2021-05-24,2021,-0.0010461055830729908,0.0035056272015272505,-1,0
2021-05-21,2021-05-24,2021-05-25,2021,-0.0008642552732585294,0.0035432153327261684,-1,0
2021-05-24,2021-05-25,2021-05-26,2021,-0.0007634056619666183,0.000966521327616876,-1,0
2021-05-25,2021-05-26,2021-05-27,2021,-0.0007524508380601078,-0.004533803530950342,-1,0
2021-05-26,2021-05-27,2021-05-28,2021,-0.0007764648063939549,0.018099280949033014,-1,0
2021-05-27,2021-05-28,2021-05-31,2021,-0.0009988779741597412,-0.011793594144870134,-1,0
2021-05-28,2021-05-31,2021-06-01,2021,-0.0004401745652056029,0.0014070100202325797,-1,0
2021-05-31,2021-06-01,2021-06-02,2021,-0.0008618228292634173,0.007275783006157388,-1,0
2021-06-01,2021-06-02,2021-06-03,2021,-0.0008266923048494463,0.008299187509176242,-1,0
2021-06-02,2021-06-03,2021-06-04,2021,-0.0005719939964826381,-0.00021680794980927232,-1,0
2021-06-03,2021-06-04,2021-06-07,2021,-0.00024207780964803066,0.0014651946770680713,-1,0
2021-06-04,2021-06-07,2021-06-08,2021,-0.00021318694094649287,0.001361854674315932,-1,0
2021-06-07,2021-06-08,2021-06-09,2021,-0.00014498892719398273,-0.0025735967993945064,-1,0
2021-06-08,2021-06-09,2021-06-10,2021,-6.298591633756008e-05,5.078001302893931e-05,-1,0
2021-06-09,2021-06-10,2021-06-11,2021,-0.0003038717547250267,-0.0004941296262704897,-1,0
2021-06-10,2021-06-11,2021-06-14,2021,-0.0002401916531801076,0.0034185617783522027,-1,0
2021-06-11,2021-06-14,2021-06-15,2021,-0.00023152061132771537,0.007916801711532973,-1,0
2021-06-14,2021-06-15,2021-06-16,2021,0.00014046348475668834,-6.28162003941668e-05,1,0
2021-06-15,2021-06-16,2021-06-17,2021,0.0005348237416353128,-0.006328250435410521,1,0
2021-06-16,2021-06-17,2021-06-18,2021,0.0005713948341806998,-0.008160676930480504,1,0
2021-06-17,2021-06-18,2021-06-21,2021,0.00034685987578330604,-0.02382642346608954,1,0
2021-06-18,2021-06-21,2021-06-22,2021,2.3035886120070965e-05,0.03105759297109878,1,0
2021-06-21,2021-06-22,2021-06-23,2021,-0.0006635911498801567,-0.004330589866150536,-1,0
2021-06-22,2021-06-23,2021-06-24,2021,0.00047176009029963316,-0.0008448321561344008,1,0
2021-06-23,2021-06-24,2021-06-25,2021,0.0003840838839575227,0.007398389899618829,1,0
2021-06-24,2021-06-25,2021-06-28,2021,0.0004360406074576948,0.0015655118083215402,1,0
2021-06-25,2021-06-28,2021-06-29,2021,0.0007347438210845979,-0.008070284966798513,1,0
2021-06-28,2021-06-29,2021-06-30,2021,0.0008568782767933878,-0.0022441351129204312,1,0
2021-06-29,2021-06-30,2021-07-01,2021,0.0005324642160389448,-0.002612788124539356,1,0
2021-06-30,2021-07-01,2021-07-02,2021,0.0005185802293336332,0.008137103500266196,1,0
2021-07-01,2021-07-02,2021-07-05,2021,0.0005455865470549322,-0.0038959132565918875,1,0
2021-07-02,2021-07-05,2021-07-06,2021,0.000861673971861976,0.002507208170404951,1,0
2021-07-05,2021-07-06,2021-07-07,2021,0.0007793339219974294,-0.008152761815211185,1,0
2021-07-06,2021-07-07,2021-07-08,2021,0.000891723395705553,-0.009004954223427064,1,0
2021-07-07,2021-07-08,2021-07-09,2021,0.0005687782729038609,-0.004129028777542287,1,0
2021-07-08,2021-07-09,2021-07-12,2021,0.00028808513744085204,0.02080994638157141,1,0
2021-07-09,2021-07-12,2021-07-13,2021,9.021950406908008e-05,0.006826590032769531,1,0
2021-07-12,2021-07-13,2021-07-14,2021,0.000850662087714905,-0.0019121044736865045,1,0
2021-07-13,2021-07-14,2021-07-15,2021,0.0010741201566316291,-0.01182110148564508,1,0
2021-07-14,2021-07-15,2021-07-16,2021,0.0009744776656530909,-0.003944461630237983,1,0
2021-07-15,2021-07-16,2021-07-19,2021,0.0005210303508263076,-0.012337810294072882,1,0
2021-07-16,2021-07-19,2021-07-20,2021,0.0003029013613064235,-0.008939779206913578,1,0
2021-07-19,2021-07-20,2021-07-21,2021,-0.00014111216355914614,0.00802882309546682,-1,0
2021-07-20,2021-07-21,2021-07-26,2021,-0.0006505902681885166,0.010780577901978727,-1,0
2021-07-21,2021-07-26,2021-07-27,2021,-0.0002402950900245242,0.006015836037069899,-1,0
2021-07-26,2021-07-27,2021-07-28,2021,0.0002143556131130522,-0.010280890118540387,1,0
2021-07-27,2021-07-28,2021-07-29,2021,0.0004379826040081937,0.0037926438387811956,1,0
2021-07-28,2021-07-29,2021-07-30,2021,-8.645721083053973e-05,-0.013499763525531172,-1,0
2021-07-29,2021-07-30,2021-08-02,2021,7.710689793345951e-06,0.019887762354489302,1,0
2021-07-30,2021-08-02,2021-08-03,2021,-0.0007185511896604555,-0.004881601728460638,-1,0
2021-08-02,2021-08-03,2021-08-04,2021,0.00017792829341397082,-0.004712518751146977,1,0
2021-08-03,2021-08-04,2021-08-05,2021,-4.69505181042693e-05,0.003149884476835174,-1,0
2021-08-04,2021-08-05,2021-08-06,2021,-0.0002770684299838762,0.0002296782633539607,-1,0
2021-08-05,2021-08-06,2021-08-10,2021,-0.00017734205239615145,0.004112303125900274,-1,0
2021-08-06,2021-08-10,2021-08-11,2021,-0.0002911572171096044,0.008460719123497773,-1,0
2021-08-10,2021-08-11,2021-08-12,2021,-8.585966156083653e-05,-0.0005331592638492255,-1,0
2021-08-11,2021-08-12,2021-08-13,2021,0.00027273861945930716,0.001654168943984624,1,0
2021-08-12,2021-08-13,2021-08-16,2021,0.00020406443062196016,-0.015875198398023982,1,0
2021-08-13,2021-08-16,2021-08-17,2021,0.000295624020878187,-0.004891483552245446,1,0
2021-08-16,2021-08-17,2021-08-18,2021,-0.00088969221402483,0.004638337751094346,-1,0
2021-08-17,2021-08-18,2021-08-19,2021,-0.0012236764432613865,-0.012846293665998432,-1,0
2021-08-18,2021-08-19,2021-08-20,2021,-0.0009764353137106623,-0.008649000316467315,-1,0
2021-08-19,2021-08-20,2021-08-23,2021,-0.0017092740582038263,0.01845342745983869,-1,0
2021-08-20,2021-08-23,2021-08-24,2021,-0.0021843456856350703,0.009575257971166762,-1,0
2021-08-23,2021-08-24,2021-08-25,2021,-0.0010352974986091359,0.0011099279815962593,-1,0
2021-08-24,2021-08-25,2021-08-26,2021,-0.0004887061489409,0.0001843557449052735,-1,0
2021-08-25,2021-08-26,2021-08-27,2021,-0.00040933973647583354,-0.003350795839646037,-1,0
2021-08-26,2021-08-27,2021-08-30,2021,-0.00043363050839763476,0.010599153350615786,-1,0
2021-08-27,2021-08-30,2021-08-31,2021,-0.000691512909020705,0.005928083765308179,-1,0
2021-08-30,2021-08-31,2021-09-01,2021,5.445608664312012e-05,0.009887785509706148,1,0
2021-08-31,2021-09-01,2021-09-02,2021,0.0004359454243696487,0.0016242893853750662,1,0
2021-09-01,2021-09-02,2021-09-03,2021,0.0011108576610135863,0.015615954191754877,1,0
2021-09-02,2021-09-03,2021-09-06,2021,0.0012641453197317313,0.012952007678860511,1,0
2021-09-03,2021-09-06,2021-09-07,2021,0.0023201949038709844,0.009803391962600605,1,0
2021-09-06,2021-09-07,2021-09-08,2021,0.002944899185060785,0.0075436860635622605,1,0
2021-09-07,2021-09-08,2021-09-09,2021,0.0031797343226059064,-0.006927262714624738,1,0
2021-09-08,2021-09-09,2021-09-10,2021,0.0031925579034974443,0.012913188015788668,1,0
2021-09-09,2021-09-10,2021-09-13,2021,0.0025930506227925323,0.0027798761958093277,1,0
2021-09-10,2021-09-13,2021-09-14,2021,0.002974818898079423,0.010007061002627271,1,0
2021-09-13,2021-09-14,2021-09-15,2021,0.0028383295359971977,-0.009744823508199274,1,0
2021-09-14,2021-09-15,2021-09-16,2021,0.0029493050579696214,-0.003673374784811889,1,0
2021-09-15,2021-09-16,2021-09-17,2021,0.0023240926363028796,0.005215913075465206,1,0
2021-09-16,2021-09-17,2021-09-21,2021,0.001992114668494579,-0.017065202046219197,1,0
2021-09-17,2021-09-21,2021-09-22,2021,0.0021119503024570113,-0.010041822141065637,1,0
2021-09-21,2021-09-22,2021-09-24,2021,0.001422799338806318,0.023050905475965555,1,0
2021-09-22,2021-09-24,2021-09-27,2021,0.0011548979122240652,-0.0018840620181209689,1,0
2021-09-24,2021-09-27,2021-09-28,2021,0.0018499062457999077,-0.003508211193827604,1,0
2021-09-27,2021-09-28,2021-09-29,2021,0.0017345848732865635,-0.019894416143393268,1,0
2021-09-28,2021-09-29,2021-09-30,2021,0.0016085849577176588,-0.003905082380506464,1,0
2021-09-29,2021-09-30,2021-10-01,2021,0.0010896991894082783,-0.020364428677746127,1,0
2021-09-30,2021-10-01,2021-10-04,2021,0.0010696807996523538,-0.006502461283157901,1,0
2021-10-01,2021-10-04,2021-10-05,2021,0.0008420494513440925,-0.014239909318028876,1,0
2021-10-04,2021-10-05,2021-10-06,2021,0.00082297990669156,-0.003740985178275258,1,0
2021-10-05,2021-10-06,2021-10-07,2021,0.000540332548438219,-0.00042665763920723965,1,0
2021-10-06,2021-10-07,2021-10-08,2021,0.00039607804108135377,0.01190903858134762,1,0
2021-10-07,2021-10-08,2021-10-11,2021,0.0002586722741209893,0.017107701971450284,1,0
2021-10-08,2021-10-11,2021-10-12,2021,0.0005120077003365439,-0.007502020332804671,1,0
2021-10-11,2021-10-12,2021-10-13,2021,0.0008767147620901218,-0.0041372297294928195,1,0
2021-10-12,2021-10-13,2021-10-14,2021,0.00058975902319182,0.006843721821043536,1,0
2021-10-13,2021-10-14,2021-10-15,2021,0.0004038990868295274,0.018040147587542243,1,0
2021-10-14,2021-10-15,2021-10-18,2021,0.0005212014155673918,-0.0022044680488093604,1,0
2021-10-15,2021-10-18,2021-10-19,2021,0.0009139998529809591,0.004274030944250384,1,0
2021-10-18,2021-10-19,2021-10-20,2021,0.0007384108648817955,0.0002883747681101667,1,0
2021-10-19,2021-10-20,2021-10-21,2021,0.0007358390944130745,-0.01333975684793065,1,0
2021-10-20,2021-10-21,2021-10-22,2021,0.0006495756400355929,0.00038602362791939626,1,0
2021-10-21,2021-10-22,2021-10-25,2021,0.00012800050962003375,-0.0035943049678041072,1,0
2021-10-22,2021-10-25,2021-10-26,2021,0.0001546015793066035,0.012005970700762258,1,0
2021-10-25,2021-10-26,2021-10-27,2021,6.060787187656613e-05,-0.0019238125423559627,1,0
2021-10-26,2021-10-27,2021-10-28,2021,0.0003136972228263161,-0.0059175224518536185,1,0
2021-10-27,2021-10-28,2021-10-29,2021,0.00020356552911215563,0.0004019845529212862,1,0
2021-10-28,2021-10-29,2021-11-01,2021,-6.740562786145881e-05,0.02079384842692078,-1,0
2021-10-29,2021-11-01,2021-11-02,2021,-0.00012437916727936043,-0.006432463117072795,-1,0
2021-11-01,2021-11-02,2021-11-04,2021,0.00011676974400307432,0.011397189961135812,1,0
2021-11-02,2021-11-04,2021-11-05,2021,2.8668219212620123e-05,-0.006247275934555652,1,0
2021-11-04,2021-11-05,2021-11-08,2021,0.0002239673818755168,-0.003848552415654738,1,0
2021-11-05,2021-11-08,2021-11-09,2021,0.00011565354894182221,-0.007678372671948708,1,0
2021-11-08,2021-11-09,2021-11-10,2021,-2.5266946041351934e-05,-0.004389067649654743,-1,0
2021-11-09,2021-11-10,2021-11-11,2021,-8.012795836809029e-05,0.0029677257165481308,-1,0
2021-11-10,2021-11-11,2021-11-12,2021,-1.0620966178985383e-05,0.012762568702923582,-1,0
2021-11-11,2021-11-12,2021-11-15,2021,1.8087958624502046e-05,0.004615187881360061,1,0
2021-11-12,2021-11-15,2021-11-16,2021,0.00012060898772659657,0.0014268294250183722,1,0
2021-11-15,2021-11-16,2021-11-17,2021,7.919935233575536e-05,-0.005921212537463139,1,0
2021-11-16,2021-11-17,2021-11-18,2021,6.400785201818891e-05,-0.0016406321233128907,1,0
2021-11-17,2021-11-18,2021-11-19,2021,5.104541790020443e-05,0.004100691917184651,1,0
2021-11-18,2021-11-19,2021-11-22,2021,-5.4602191505949075e-05,-0.0006681276778317535,-1,0
2021-11-19,2021-11-22,2021-11-24,2021,4.191670533577142e-05,-0.011959941154539355,1,0
2021-11-22,2021-11-24,2021-11-25,2021,4.132745274036414e-05,0.002854179398711354,1,0
2021-11-24,2021-11-25,2021-11-26,2021,-0.00012916501760072978,-0.019863609444266572,-1,0
2021-11-25,2021-11-26,2021-11-29,2021,-4.541778293421789e-05,-0.018222082585782173,-1,0
2021-11-26,2021-11-29,2021-11-30,2021,-0.00017201479705742964,-0.010550809713418374,-1,0
2021-11-29,2021-11-30,2021-12-01,2021,-0.0007822098365564021,0.0031605749003720263,-1,0
2021-11-30,2021-12-01,2021-12-02,2021,-0.0013132813435201324,-0.0057755243946217005,-1,0
2021-12-01,2021-12-02,2021-12-03,2021,-0.0013244411176916767,0.01604540034500035,-1,0
