Variant,Parameter,Value,AsOf
v16_feature_01,alpha,-0.0018788877890462989,2021-12-03
v16_feature_01,T5,-0.0014565291119315758,2021-12-03
v16_feature_01,T22,-0.004536770957388912,2021-12-03
v16_feature_01,T60,-0.004540489699978506,2021-12-03
v16_feature_01,V5,0.0011979840703479775,2021-12-03
v16_feature_01,V22,0.0010646621743169724,2021-12-03
v16_feature_01,V60,0.0011288030727459103,2021-12-03
v16_feature_01,P5xV5,-0.0006683979785485948,2021-12-03
v16_feature_01,P22xV22,-0.0021314217381875095,2021-12-03
v16_feature_01,P60xV60,-0.0013976935265874349,2021-12-03
v16_feature_01,PR1,0.00143429040171272,2021-12-03
v16_feature_01,VR1,-0.0008194054268601923,2021-12-03
v16_feature_01,NetSalesActualGrowth,0.00013763531004632842,2021-12-03
v16_feature_02,alpha,-0.001887239079332222,2021-12-03
v16_feature_02,T5,-0.001457562075051361,2021-12-03
v16_feature_02,T22,-0.004537806712968965,2021-12-03
v16_feature_02,T60,-0.004541542501004328,2021-12-03
v16_feature_02,V5,0.00120014523569432,2021-12-03
v16_feature_02,V22,0.0010631668905491903,2021-12-03
v16_feature_02,V60,0.0011276545914948434,2021-12-03
v16_feature_02,P5xV5,-0.00066906610536947,2021-12-03
v16_feature_02,P22xV22,-0.002131863306234009,2021-12-03
v16_feature_02,P60xV60,-0.0013981248924927203,2021-12-03
v16_feature_02,PR1,0.0014373342414516948,2021-12-03
v16_feature_02,VR1,-0.0008188075976715504,2021-12-03
v16_feature_02,NetSalesExpectedGrowth,0.0002446364006829261,2021-12-03
v16_feature_03,alpha,-0.0018716756082162635,2021-12-03
v16_feature_03,T5,-0.0014563802271512685,2021-12-03
v16_feature_03,T22,-0.0045358385235608365,2021-12-03
v16_feature_03,T60,-0.004538146744882869,2021-12-03
v16_feature_03,V5,0.0011962249205808599,2021-12-03
v16_feature_03,V22,0.001063163730925063,2021-12-03
v16_feature_03,V60,0.0011317808307925088,2021-12-03
v16_feature_03,P5xV5,-0.0006684396604082317,2021-12-03
v16_feature_03,P22xV22,-0.0021319432564796967,2021-12-03
v16_feature_03,P60xV60,-0.0013972184413608008,2021-12-03
v16_feature_03,PR1,0.0014078912688739015,2021-12-03
v16_feature_03,VR1,-0.0008200247783226972,2021-12-03
v16_feature_03,NetSalesForecastQoQ,0.00027511032378818156,2021-12-03
v16_feature_04,alpha,-0.00187463740539645,2021-12-03
v16_feature_04,T5,-0.001456296299510479,2021-12-03
v16_feature_04,T22,-0.004535864344156807,2021-12-03
v16_feature_04,T60,-0.004539336336219427,2021-12-03
v16_feature_04,V5,0.0011972294195406442,2021-12-03
v16_feature_04,V22,0.0010634373221725313,2021-12-03
v16_feature_04,V60,0.0011309418889348462,2021-12-03
v16_feature_04,P5xV5,-0.0006680686484991699,2021-12-03
v16_feature_04,P22xV22,-0.002131627723367037,2021-12-03
v16_feature_04,P60xV60,-0.0013976000252437734,2021-12-03
v16_feature_04,PR1,0.0014078253525013989,2021-12-03
v16_feature_04,VR1,-0.0008198600729632439,2021-12-03
v16_feature_04,NetSalesForecastYoY,0.00032594880842473536,2021-12-03
v16_feature_05,alpha,-0.001870938077356785,2021-12-03
v16_feature_05,T5,-0.001456281780563655,2021-12-03
v16_feature_05,T22,-0.004535745148725627,2021-12-03
v16_feature_05,T60,-0.0045383560186161576,2021-12-03
v16_feature_05,V5,0.0011957760574567398,2021-12-03
v16_feature_05,V22,0.00106314538665713,2021-12-03
v16_feature_05,V60,0.001132330040718135,2021-12-03
v16_feature_05,P5xV5,-0.0006684164203656451,2021-12-03
v16_feature_05,P22xV22,-0.0021315442157579636,2021-12-03
v16_feature_05,P60xV60,-0.00139720966838691,2021-12-03
v16_feature_05,PR1,0.0014079137417595115,2021-12-03
v16_feature_05,VR1,-0.0008201608401224142,2021-12-03
v16_feature_05,NetSalesRevision,0.00014618001378849914,2021-12-03
v16_feature_06,alpha,0.0006159811960566824,2021-12-03
v16_feature_06,T5,-0.00230524711596825,2021-12-03
v16_feature_06,T22,-0.004095414699853604,2021-12-03
v16_feature_06,T60,-0.0038366813366566208,2021-12-03
v16_feature_06,V5,0.0014176893631371204,2021-12-03
v16_feature_06,V22,0.0009728729472474891,2021-12-03
v16_feature_06,V60,0.0011370166223489179,2021-12-03
v16_feature_06,P5xV5,0.0001864503454149389,2021-12-03
v16_feature_06,P22xV22,-0.0017920528856628926,2021-12-03
v16_feature_06,P60xV60,-0.0013189084175895302,2021-12-03
v16_feature_06,PR1,0.00114774306614261,2021-12-03
v16_feature_06,VR1,-0.0011826656526640626,2021-12-03
v16_feature_06,OperatingProfitActualGrowth,0.0003548725714538375,2021-12-03
v16_feature_07,alpha,-0.00024758529882656574,2021-12-03
v16_feature_07,T5,-0.002206453562420959,2021-12-03
v16_feature_07,T22,-0.0041517197332841226,2021-12-03
v16_feature_07,T60,-0.004003186284883053,2021-12-03
v16_feature_07,V5,0.0015681133641330832,2021-12-03
v16_feature_07,V22,0.0010499801238220453,2021-12-03
v16_feature_07,V60,0.0012844221352274416,2021-12-03
v16_feature_07,P5xV5,-6.766697468302906e-05,2021-12-03
v16_feature_07,P22xV22,-0.0018761064411247329,2021-12-03
v16_feature_07,P60xV60,-0.0013658296774127386,2021-12-03
v16_feature_07,PR1,0.0013255100538856629,2021-12-03
v16_feature_07,VR1,-0.0011086459411666434,2021-12-03
v16_feature_07,OperatingProfitExpectedGrowth,0.0008316307371579845,2021-12-03
v16_feature_08,alpha,-0.0009087314872745897,2021-12-03
v16_feature_08,T5,-0.0004500446323830755,2021-12-03
v16_feature_08,T22,-2.9736650415102922e-05,2021-12-03
v16_feature_08,T60,0.00013151229419142407,2021-12-03
v16_feature_08,V5,0.0002662602066509829,2021-12-03
v16_feature_08,V22,0.00021262441860259737,2021-12-03
v16_feature_08,V60,0.00028385269950567926,2021-12-03
v16_feature_08,P5xV5,0.0007852958808037291,2021-12-03
v16_feature_08,P22xV22,0.00011796051606433843,2021-12-03
v16_feature_08,P60xV60,0.0002764565213029218,2021-12-03
v16_feature_08,PR1,0.0013396795556474845,2021-12-03
v16_feature_08,VR1,0.00013129275152483114,2021-12-03
v16_feature_08,OperatingProfitForecastQoQ,2.1217191951839037e-05,2021-12-03
v16_feature_09,alpha,-0.0003032358825389588,2021-12-03
v16_feature_09,T5,-0.0015634863890514991,2021-12-03
v16_feature_09,T22,-0.0044160176451730985,2021-12-03
v16_feature_09,T60,-0.0043478348405238025,2021-12-03
v16_feature_09,V5,0.0010839822806205366,2021-12-03
v16_feature_09,V22,0.0008420342961248587,2021-12-03
v16_feature_09,V60,0.0010012489741933607,2021-12-03
v16_feature_09,P5xV5,-0.00014798500504370553,2021-12-03
v16_feature_09,P22xV22,-0.001777322595722166,2021-12-03
v16_feature_09,P60xV60,-0.0011221797541786916,2021-12-03
v16_feature_09,PR1,0.0013845506512412532,2021-12-03
v16_feature_09,VR1,-0.0010300181402846534,2021-12-03
v16_feature_09,OperatingProfitForecastYoY,0.0006053151462895866,2021-12-03
v16_feature_10,alpha,-0.0018358196248321914,2021-12-03
v16_feature_10,T5,-0.0015276338337168003,2021-12-03
v16_feature_10,T22,-0.004541985669843053,2021-12-03
v16_feature_10,T60,-0.0045176304975299685,2021-12-03
v16_feature_10,V5,0.0012103503284603264,2021-12-03
v16_feature_10,V22,0.0011427836516380637,2021-12-03
v16_feature_10,V60,0.0011961839040216735,2021-12-03
v16_feature_10,P5xV5,-0.0005641838764225125,2021-12-03
v16_feature_10,P22xV22,-0.0020617490067691207,2021-12-03
v16_feature_10,P60xV60,-0.0013744057242391513,2021-12-03
v16_feature_10,PR1,0.0014144892251360737,2021-12-03
v16_feature_10,VR1,-0.0008644239228600106,2021-12-03
v16_feature_10,OperatingProfitRevision,-0.00020081085509184295,2021-12-03
v16_feature_11,alpha,-0.0003291952973415701,2021-12-03
v16_feature_11,T5,-0.001123027256573165,2021-12-03
v16_feature_11,T22,-0.0008120854365334022,2021-12-03
v16_feature_11,T60,-0.0003317666144184153,2021-12-03
v16_feature_11,V5,-4.993506499369495e-05,2021-12-03
v16_feature_11,V22,-0.0002684246219942373,2021-12-03
v16_feature_11,V60,5.172412199292288e-05,2021-12-03
v16_feature_11,P5xV5,0.00029085515289695017,2021-12-03
v16_feature_11,P22xV22,-0.000662915328634962,2021-12-03
v16_feature_11,P60xV60,-5.881519976815751e-05,2021-12-03
v16_feature_11,PR1,0.0011009511434619261,2021-12-03
v16_feature_11,VR1,-0.00019417809278000979,2021-12-03
v16_feature_11,EPSActualGrowth,0.00035375756657630747,2021-12-03
v16_feature_12,alpha,-0.0009879930368674882,2021-12-03
v16_feature_12,T5,-0.0011476311165009214,2021-12-03
v16_feature_12,T22,-0.001410461482641605,2021-12-03
v16_feature_12,T60,-0.0011533730277476333,2021-12-03
v16_feature_12,V5,0.0005586956348290178,2021-12-03
v16_feature_12,V22,0.00013006024141235098,2021-12-03
v16_feature_12,V60,0.0005394297920653801,2021-12-03
v16_feature_12,P5xV5,-5.928913393808374e-05,2021-12-03
v16_feature_12,P22xV22,-0.0009667320755046809,2021-12-03
v16_feature_12,P60xV60,-0.0003655785430603136,2021-12-03
v16_feature_12,PR1,0.0011204857734856202,2021-12-03
v16_feature_12,VR1,-0.000594772334335636,2021-12-03
v16_feature_12,EPSExpectedGrowth,0.0007215189235753469,2021-12-03
v16_feature_13,alpha,-0.0016497183850679624,2021-12-03
v16_feature_13,T5,-0.0010777796259160972,2021-12-03
v16_feature_13,T22,-0.004968942774196224,2021-12-03
v16_feature_13,T60,-0.004236494107885355,2021-12-03
v16_feature_13,V5,0.0014079639987723805,2021-12-03
v16_feature_13,V22,0.0007688099369232523,2021-12-03
v16_feature_13,V60,0.0012641849824076021,2021-12-03
v16_feature_13,P5xV5,-0.0007464212002568119,2021-12-03
v16_feature_13,P22xV22,-0.0020189721465027188,2021-12-03
v16_feature_13,P60xV60,-0.0014855553918617739,2021-12-03
v16_feature_13,PR1,0.0013727968159042844,2021-12-03
v16_feature_13,VR1,-0.0008364219247116837,2021-12-03
v16_feature_13,EPSForecastQoQ,-0.0001426120460374555,2021-12-03
v16_feature_14,alpha,-0.001853657173367137,2021-12-03
v16_feature_14,T5,-0.001595465511753468,2021-12-03
v16_feature_14,T22,-0.004456478308594683,2021-12-03
v16_feature_14,T60,-0.004560496458944862,2021-12-03
v16_feature_14,V5,0.001168011114542632,2021-12-03
v16_feature_14,V22,0.0010822952125021158,2021-12-03
v16_feature_14,V60,0.001203695228803557,2021-12-03
v16_feature_14,P5xV5,-0.0006780195864657937,2021-12-03
v16_feature_14,P22xV22,-0.002116135634825278,2021-12-03
v16_feature_14,P60xV60,-0.001374258196749422,2021-12-03
v16_feature_14,PR1,0.001367840049743075,2021-12-03
v16_feature_14,VR1,-0.000838283182926071,2021-12-03
v16_feature_14,EPSForecastYoY,0.00023897195418442476,2021-12-03
v16_feature_15,alpha,-0.001743168580725183,2021-12-03
v16_feature_15,T5,-0.0015495397037674293,2021-12-03
v16_feature_15,T22,-0.004532366733484497,2021-12-03
v16_feature_15,T60,-0.004498228597201768,2021-12-03
v16_feature_15,V5,0.0012199669185314877,2021-12-03
v16_feature_15,V22,0.0011631533630145074,2021-12-03
v16_feature_15,V60,0.001196078296348654,2021-12-03
v16_feature_15,P5xV5,-0.0005256805074558014,2021-12-03
v16_feature_15,P22xV22,-0.0020358577513356095,2021-12-03
v16_feature_15,P60xV60,-0.0013680230766965952,2021-12-03
v16_feature_15,PR1,0.0014915351018718879,2021-12-03
v16_feature_15,VR1,-0.0008848615231557758,2021-12-03
v16_feature_15,EPSRevision,-3.0419826610623135e-05,2021-12-03
v17_eps_forecast_actual_qoq,alpha,0.0005508245374311398,2021-12-03
v17_eps_forecast_actual_qoq,T5,-0.0008337177328222432,2021-12-03
v17_eps_forecast_actual_qoq,T22,-0.00016720236603735085,2021-12-03
v17_eps_forecast_actual_qoq,T60,0.00011531738024098123,2021-12-03
v17_eps_forecast_actual_qoq,V5,0.0007445637339674017,2021-12-03
v17_eps_forecast_actual_qoq,V22,0.0005664936107202794,2021-12-03
v17_eps_forecast_actual_qoq,V60,0.0010302334618374845,2021-12-03
v17_eps_forecast_actual_qoq,P5xV5,0.0003434860532948828,2021-12-03
v17_eps_forecast_actual_qoq,P22xV22,-0.0002717016891408426,2021-12-03
v17_eps_forecast_actual_qoq,P60xV60,0.00016620404264282916,2021-12-03
v17_eps_forecast_actual_qoq,PR1,0.0013234509448284708,2021-12-03
v17_eps_forecast_actual_qoq,VR1,0.0009946699733743107,2021-12-03
v17_eps_forecast_actual_qoq,EPSForecastActualQoQ,3.493293727332279e-05,2021-12-03
v17_eps_forecast_actual_yoy,alpha,-0.0018803243127738204,2021-12-03
v17_eps_forecast_actual_yoy,T5,-0.0015180616654630853,2021-12-03
v17_eps_forecast_actual_yoy,T22,-0.004494738866277956,2021-12-03
v17_eps_forecast_actual_yoy,T60,-0.004555347331136456,2021-12-03
v17_eps_forecast_actual_yoy,V5,0.001176007244357969,2021-12-03
v17_eps_forecast_actual_yoy,V22,0.0011453885708730674,2021-12-03
v17_eps_forecast_actual_yoy,V60,0.0011353311762476272,2021-12-03
v17_eps_forecast_actual_yoy,P5xV5,-0.0006452916779553227,2021-12-03
v17_eps_forecast_actual_yoy,P22xV22,-0.0021138621749288776,2021-12-03
v17_eps_forecast_actual_yoy,P60xV60,-0.0013848172638058973,2021-12-03
v17_eps_forecast_actual_yoy,PR1,0.0013099983681760464,2021-12-03
v17_eps_forecast_actual_yoy,VR1,-0.0008301846023917893,2021-12-03
v17_eps_forecast_actual_yoy,EPSForecastActualYoY,0.00010600354576660748,2021-12-03
v17_sales_revision_relative,alpha,-0.0018706138321204387,2021-12-03
v17_sales_revision_relative,T5,-0.0014563419330076118,2021-12-03
v17_sales_revision_relative,T22,-0.004535651774434263,2021-12-03
v17_sales_revision_relative,T60,-0.004538112180719499,2021-12-03
v17_sales_revision_relative,V5,0.0011957141558696974,2021-12-03
v17_sales_revision_relative,V22,0.0010630244626694048,2021-12-03
v17_sales_revision_relative,V60,0.0011324200199862113,2021-12-03
v17_sales_revision_relative,P5xV5,-0.0006686229134475833,2021-12-03
v17_sales_revision_relative,P22xV22,-0.002131769538405474,2021-12-03
v17_sales_revision_relative,P60xV60,-0.0013971218339898872,2021-12-03
v17_sales_revision_relative,PR1,0.001407889368371096,2021-12-03
v17_sales_revision_relative,VR1,-0.0008201182704056119,2021-12-03
v17_sales_revision_relative,NetSalesRevisionRelative,0.00011728729211058755,2021-12-03
v17_profit_revision_relative,alpha,-0.0019641135266332908,2021-12-03
v17_profit_revision_relative,T5,-0.0015048075566967958,2021-12-03
v17_profit_revision_relative,T22,-0.004563870454125008,2021-12-03
v17_profit_revision_relative,T60,-0.004553484467314347,2021-12-03
v17_profit_revision_relative,V5,0.001238189003218619,2021-12-03
v17_profit_revision_relative,V22,0.0010251969398478024,2021-12-03
v17_profit_revision_relative,V60,0.001197541481443401,2021-12-03
v17_profit_revision_relative,P5xV5,-0.0006333710983190907,2021-12-03
v17_profit_revision_relative,P22xV22,-0.0021234875302797085,2021-12-03
v17_profit_revision_relative,P60xV60,-0.0013827588151092984,2021-12-03
v17_profit_revision_relative,PR1,0.001409179650630519,2021-12-03
v17_profit_revision_relative,VR1,-0.0008334150337930976,2021-12-03
v17_profit_revision_relative,OperatingProfitRevisionRelative,0.0007775547459626321,2021-12-03
v17_eps_revision_relative,alpha,-0.0018691124711679892,2021-12-03
v17_eps_revision_relative,T5,-0.001458147510301387,2021-12-03
v17_eps_revision_relative,T22,-0.004535036301782151,2021-12-03
v17_eps_revision_relative,T60,-0.004536939476248303,2021-12-03
v17_eps_revision_relative,V5,0.0011914023297327659,2021-12-03
v17_eps_revision_relative,V22,0.001073856037608469,2021-12-03
v17_eps_revision_relative,V60,0.0011248776354657285,2021-12-03
v17_eps_revision_relative,P5xV5,-0.0006695313533443655,2021-12-03
v17_eps_revision_relative,P22xV22,-0.0021305337931544974,2021-12-03
v17_eps_revision_relative,P60xV60,-0.0013974576337350828,2021-12-03
v17_eps_revision_relative,PR1,0.0014094490042219404,2021-12-03
v17_eps_revision_relative,VR1,-0.0008200017694784337,2021-12-03
v17_eps_revision_relative,EPSRevisionRelative,8.903716619648906e-05,2021-12-03
v17_eps_actual_qoq,alpha,-0.0008589257308116612,2021-12-03
v17_eps_actual_qoq,T5,-0.0015949545302346476,2021-12-03
v17_eps_actual_qoq,T22,-0.004368295272658481,2021-12-03
v17_eps_actual_qoq,T60,-0.004370064967960095,2021-12-03
v17_eps_actual_qoq,V5,0.0013827107760109754,2021-12-03
v17_eps_actual_qoq,V22,0.0010067955053512279,2021-12-03
v17_eps_actual_qoq,V60,0.001307939922732425,2021-12-03
v17_eps_actual_qoq,P5xV5,-0.0003833277861341591,2021-12-03
v17_eps_actual_qoq,P22xV22,-0.0019306125828662316,2021-12-03
v17_eps_actual_qoq,P60xV60,-0.001231674822431452,2021-12-03
v17_eps_actual_qoq,PR1,0.0011879334055644945,2021-12-03
v17_eps_actual_qoq,VR1,-0.0010321624186122012,2021-12-03
v17_eps_actual_qoq,EPSActualQoQ,0.0006857924823648247,2021-12-03
