Variant,Feature,Label,Status,ValidationYear,Sharpe,OldSharpe,GSharpe,RankIC,GRankIC,MSE
v16_feature_01,NetSalesActualGrowth,營收／實際年增,current,2018,-0.009249516745265389,-0.009249516745265389,-0.011513767098899539,-0.0013190024973649538,-0.0013176849962878868,0.0006659535489908341
v16_feature_01,NetSalesActualGrowth,營收／實際年增,current,2019,0.05495589813877359,0.05495589813877359,0.05006717553385376,0.0006086839803216707,0.0005016931421235166,0.000488081497237356
v16_feature_01,NetSalesActualGrowth,營收／實際年增,current,2020,0.059937179508408545,0.05069251537589452,0.05085734661690184,0.003805551206936082,0.0029874903673574545,0.00099103322950124
v16_feature_01,NetSalesActualGrowth,營收／實際年增,current,2021,-0.09027854733122499,-0.08875975835986442,-0.08760480813901657,-0.005331085566318454,-0.005407671377389036,0.0005042360751642525
v16_feature_02,NetSalesExpectedGrowth,營收／實績公布時事前預期成長,current,2018,-0.010806532614891291,-0.010806532614891291,-0.011513767098899539,-0.0013019830805939237,-0.0013176849962878868,0.0006659538748355575
v16_feature_02,NetSalesExpectedGrowth,營收／實績公布時事前預期成長,current,2019,0.052271870321121794,0.052271870321121794,0.05006717553385376,0.0005469018554078479,0.0005016931421235166,0.0004880900518135485
v16_feature_02,NetSalesExpectedGrowth,營收／實績公布時事前預期成長,current,2020,0.061310529751543254,0.0503647100779051,0.05085734661690184,0.0038336258233128318,0.0029874903673574545,0.0009909935218057181
v16_feature_02,NetSalesExpectedGrowth,營收／實績公布時事前預期成長,current,2021,-0.08799066815345803,-0.08670326547281018,-0.08760480813901657,-0.005403117157618963,-0.005407671377389036,0.0005042397401996115
v16_feature_03,NetSalesForecastQoQ,營收／預測對前季預測,current,2018,-0.011179580618870203,-0.011179580618870203,-0.011513767098899539,-0.0013188119929873393,-0.0013176849962878868,0.0006659560373497086
v16_feature_03,NetSalesForecastQoQ,營收／預測對前季預測,current,2019,0.05196410285171617,0.05196410285171617,0.05006717553385376,0.000493690410368907,0.0005016931421235166,0.0004880849507649594
v16_feature_03,NetSalesForecastQoQ,營收／預測對前季預測,current,2020,0.049992957668959274,0.049992957668959274,0.05085734661690184,0.002983048166615879,0.0029874903673574545,0.00099139603758875
v16_feature_03,NetSalesForecastQoQ,營收／預測對前季預測,current,2021,-0.08705479587051011,-0.08705479587051011,-0.08760480813901657,-0.005409771048603192,-0.005407671377389036,0.0005042317636277973
v16_feature_04,NetSalesForecastYoY,營收／預測對去年同季預測,current,2018,-0.010713413401902778,-0.010713413401902778,-0.011513767098899539,-0.0013267142549248958,-0.0013176849962878868,0.0006659569751791408
v16_feature_04,NetSalesForecastYoY,營收／預測對去年同季預測,current,2019,0.051669091564384734,0.051669091564384734,0.05006717553385376,0.0005136018044673277,0.0005016931421235166,0.0004880836405455012
v16_feature_04,NetSalesForecastYoY,營收／預測對去年同季預測,current,2020,0.05041416003630398,0.05041416003630398,0.05085734661690184,0.002981696401503631,0.0029874903673574545,0.0009913949350003393
v16_feature_04,NetSalesForecastYoY,營收／預測對去年同季預測,current,2021,-0.08557007146750038,-0.08557007146750038,-0.08760480813901657,-0.005377844058955686,-0.005407671377389036,0.0005042296790578568
v16_feature_05,NetSalesRevision,營收／舊版修正（去年實績基期）,legacy_replaced,2018,-0.011462408088927052,-0.011462408088927052,-0.011513767098899539,-0.0013187408784170478,-0.0013176849962878868,0.0006659567379373201
v16_feature_05,NetSalesRevision,營收／舊版修正（去年實績基期）,legacy_replaced,2019,0.050026092064684724,0.050026092064684724,0.05006717553385376,0.0005042169977978574,0.0005016931421235166,0.00048808427767989336
v16_feature_05,NetSalesRevision,營收／舊版修正（去年實績基期）,legacy_replaced,2020,0.05033402690438128,0.05033402690438128,0.05085734661690184,0.002989905160895345,0.0029874903673574545,0.0009913958550966386
v16_feature_05,NetSalesRevision,營收／舊版修正（去年實績基期）,legacy_replaced,2021,-0.08822546440130265,-0.08822546440130265,-0.08760480813901657,-0.005404605139666943,-0.005407671377389036,0.0005042311719321884
v16_feature_06,OperatingProfitActualGrowth,營業利益／實際年增,current,2018,-0.001872260888329519,-0.007277521059720258,-0.011513767098899539,-0.0016005463352630602,-0.0013176849962878868,0.0006660850758416877
v16_feature_06,OperatingProfitActualGrowth,營業利益／實際年增,current,2019,0.04656114894758603,0.06711413490326429,0.05006717553385376,0.00037612711372076466,0.0005016931421235166,0.00048169852338701127
v16_feature_06,OperatingProfitActualGrowth,營業利益／實際年增,current,2020,0.08854350613316057,0.051533570574522194,0.05085734661690184,0.006654601766126224,0.0029874903673574545,0.0009873336098814832
v16_feature_06,OperatingProfitActualGrowth,營業利益／實際年增,current,2021,-0.1323388174937796,-0.09287649857476102,-0.08760480813901657,-0.006473072808577163,-0.005407671377389036,0.0005008251705447281
v16_feature_07,OperatingProfitExpectedGrowth,營業利益／實績公布時事前預期成長,current,2018,-0.023676254618294732,-0.01868924456231742,-0.011513767098899539,-0.0018877249207628118,-0.0013176849962878868,0.0006646188625040604
v16_feature_07,OperatingProfitExpectedGrowth,營業利益／實績公布時事前預期成長,current,2019,0.004719212764644797,0.05086798209273077,0.05006717553385376,-0.001536261504049093,0.0005016931421235166,0.0004813029150544802
v16_feature_07,OperatingProfitExpectedGrowth,營業利益／實績公布時事前預期成長,current,2020,0.06571256975772849,0.052693997165016576,0.05085734661690184,0.0035550114075837266,0.0029874903673574545,0.0009913380576641818
v16_feature_07,OperatingProfitExpectedGrowth,營業利益／實績公布時事前預期成長,current,2021,-0.12246046609108865,-0.08177281753886269,-0.08760480813901657,-0.006258106809207824,-0.005407671377389036,0.0005011980621173538
v16_feature_08,OperatingProfitForecastQoQ,營業利益／預測對前季預測,current,2018,-0.04139632194618814,-0.013938964137066169,-0.011513767098899539,-0.003933154352219747,-0.0013176849962878868,0.0006652688414668392
v16_feature_08,OperatingProfitForecastQoQ,營業利益／預測對前季預測,current,2019,0.03275337327998209,0.044553405726211213,0.05006717553385376,-0.0019085095111720089,0.0005016931421235166,0.000488476240642736
v16_feature_08,OperatingProfitForecastQoQ,營業利益／預測對前季預測,current,2020,0.051775935491043514,0.05341851295555911,0.05085734661690184,0.0029246326618525085,0.0029874903673574545,0.0009914184306658797
v16_feature_08,OperatingProfitForecastQoQ,營業利益／預測對前季預測,current,2021,-0.14002998550110685,-0.07945193459825878,-0.08760480813901657,-0.010614725775466806,-0.005407671377389036,0.0005006264123894275
v16_feature_09,OperatingProfitForecastYoY,營業利益／預測對去年同季預測,current,2018,-0.015150145482045959,-0.015277149261636005,-0.011513767098899539,-0.0017884741697212095,-0.0013176849962878868,0.0006659927341695335
v16_feature_09,OperatingProfitForecastYoY,營業利益／預測對去年同季預測,current,2019,0.05004495234585296,0.04961592673165871,0.05006717553385376,0.0007111939808037234,0.0005016931421235166,0.0004881552188195008
v16_feature_09,OperatingProfitForecastYoY,營業利益／預測對去年同季預測,current,2020,0.050246382856935994,0.050091386180576625,0.05085734661690184,0.002886342295821024,0.0029874903673574545,0.0009914287635338452
v16_feature_09,OperatingProfitForecastYoY,營業利益／預測對去年同季預測,current,2021,-0.05697895513210923,-0.07811346803061082,-0.08760480813901657,-0.0035270153306242807,-0.005407671377389036,0.0005005930907776436
v16_feature_10,OperatingProfitRevision,營業利益／舊版修正（去年實績基期）,legacy_replaced,2018,-0.010846883608087023,-0.010846883608087023,-0.011513767098899539,-0.0013484699195955615,-0.0013176849962878868,0.0006659555829615517
v16_feature_10,OperatingProfitRevision,營業利益／舊版修正（去年實績基期）,legacy_replaced,2019,0.04795415402293672,0.047888055918648864,0.05006717553385376,0.0008484400605331217,0.0005016931421235166,0.00048821450917826053
v16_feature_10,OperatingProfitRevision,營業利益／舊版修正（去年實績基期）,legacy_replaced,2020,0.033871512713999755,0.05100591072759188,0.05085734661690184,0.0010165256291567624,0.0029874903673574545,0.000993702181506887
v16_feature_10,OperatingProfitRevision,營業利益／舊版修正（去年實績基期）,legacy_replaced,2021,-0.09357125638754973,-0.09006248780263325,-0.08760480813901657,-0.005948455524925789,-0.005407671377389036,0.0005036252001577018
v16_feature_11,EPSActualGrowth,EPS／實際年增,current,2018,-0.02517382441681204,-0.024483103253205615,-0.011513767098899539,-0.003002284681290393,-0.0013176849962878868,0.0006647292000177495
v16_feature_11,EPSActualGrowth,EPS／實際年增,current,2019,0.01427739695375966,0.03678795893521923,0.05006717553385376,-0.0025427675720600144,0.0005016931421235166,0.0004805996596234158
v16_feature_11,EPSActualGrowth,EPS／實際年增,current,2020,0.03680828920880075,0.05618078892616676,0.05085734661690184,0.0023160713898862004,0.0029874903673574545,0.0009894340821351255
v16_feature_11,EPSActualGrowth,EPS／實際年增,current,2021,-0.16636353756245983,-0.08320857661620258,-0.08760480813901657,-0.008605156148162797,-0.005407671377389036,0.0005009097734686898
v16_feature_12,EPSExpectedGrowth,EPS／實績公布時事前預期成長,current,2018,-0.025068612798343954,-0.01965864886198403,-0.011513767098899539,-0.0024508170979732715,-0.0013176849962878868,0.0006665185320938901
v16_feature_12,EPSExpectedGrowth,EPS／實績公布時事前預期成長,current,2019,-0.026163633483070287,0.07362088326854094,0.05006717553385376,-0.0032011522831624623,0.0005016931421235166,0.0004839692024836689
v16_feature_12,EPSExpectedGrowth,EPS／實績公布時事前預期成長,current,2020,0.0296384070451171,0.04768036662198056,0.05085734661690184,0.0012605724891068914,0.0029874903673574545,0.0009889441182093788
v16_feature_12,EPSExpectedGrowth,EPS／實績公布時事前預期成長,current,2021,-0.054507521031969874,-0.08049259815392351,-0.08760480813901657,-0.0030064089512858733,-0.005407671377389036,0.0005001972222314872
v16_feature_13,EPSForecastQoQ,EPS／預測對前季預測,legacy_replaced,2018,-0.0464324835890636,-0.018606262239457463,-0.011513767098899539,-0.002933502143494646,-0.0013176849962878868,0.0006642110257953509
v16_feature_13,EPSForecastQoQ,EPS／預測對前季預測,legacy_replaced,2019,0.08790614167950733,0.04214953738593099,0.05006717553385376,0.003667192609157212,0.0005016931421235166,0.00047660416018206926
v16_feature_13,EPSForecastQoQ,EPS／預測對前季預測,legacy_replaced,2020,0.056540082386883246,0.0481937258921599,0.05085734661690184,0.0032101418336642268,0.0029874903673574545,0.0009912619936678596
v16_feature_13,EPSForecastQoQ,EPS／預測對前季預測,legacy_replaced,2021,-0.09285545047299523,-0.08149504895493112,-0.08760480813901657,-0.0070570758993315705,-0.005407671377389036,0.0005049665625523066
v16_feature_14,EPSForecastYoY,EPS／預測對去年同季預測,legacy_replaced,2018,-0.02782434516998964,-0.01568654572711681,-0.011513767098899539,-0.001901937778834354,-0.0013176849962878868,0.0006664054894658518
v16_feature_14,EPSForecastYoY,EPS／預測對去年同季預測,legacy_replaced,2019,0.042272274049721226,0.0529730853621539,0.05006717553385376,0.00040953455817932435,0.0005016931421235166,0.00048776849669561164
v16_feature_14,EPSForecastYoY,EPS／預測對去年同季預測,legacy_replaced,2020,0.03725066651267554,0.04303137624886896,0.05085734661690184,0.000811795961047709,0.0029874903673574545,0.000994735166292455
v16_feature_14,EPSForecastYoY,EPS／預測對去年同季預測,legacy_replaced,2021,-0.041761896177096136,-0.08680215607881092,-0.08760480813901657,-0.0016326448936912206,-0.005407671377389036,0.0005040513012305178
v16_feature_15,EPSRevision,EPS／舊版修正（去年實績基期）,legacy_replaced,2018,0.01800761813557212,-0.011764654145855456,-0.011513767098899539,0.0018413270777312644,-0.0013176849962878868,0.0006655528474233318
v16_feature_15,EPSRevision,EPS／舊版修正（去年實績基期）,legacy_replaced,2019,0.03299028252899128,0.04934177079758648,0.05006717553385376,-8.409070275769943e-05,0.0005016931421235166,0.0004887971246594232
v16_feature_15,EPSRevision,EPS／舊版修正（去年實績基期）,legacy_replaced,2020,0.05467691658353183,0.04898650314104617,0.05085734661690184,0.0037994314420307334,0.0029874903673574545,0.0009915989735692764
v16_feature_15,EPSRevision,EPS／舊版修正（去年實績基期）,legacy_replaced,2021,-0.07620581439690878,-0.07390365996503397,-0.08760480813901657,-0.005238979518504507,-0.005407671377389036,0.0005031107773897413
v17_eps_forecast_actual_qoq,EPSForecastActualQoQ,EPS／預測對前季實績,current,2018,-0.0465668279137522,-0.022493158435783353,-0.011513767098899539,-0.00653796208526088,-0.0013176849962878868,0.000753493806014556
v17_eps_forecast_actual_qoq,EPSForecastActualQoQ,EPS／預測對前季實績,current,2019,0.016219394958708777,0.05826265083944309,0.05006717553385376,-0.002428248523124623,0.0005016931421235166,0.0004828810184773187
v17_eps_forecast_actual_qoq,EPSForecastActualQoQ,EPS／預測對前季實績,current,2020,0.06426410635147671,0.06256793526150492,0.05085734661690184,0.0013115668996655126,0.0029874903673574545,0.000989347146725979
v17_eps_forecast_actual_qoq,EPSForecastActualQoQ,EPS／預測對前季實績,current,2021,-0.09895807166404827,-0.08784407737551965,-0.08760480813901657,-0.005175333319703432,-0.005407671377389036,0.000502382941749501
v17_eps_forecast_actual_yoy,EPSForecastActualYoY,EPS／預測對去年同季實績,current,2018,-0.00500174743367557,-0.01586764411788089,-0.011513767098899539,-0.0004381908560740062,-0.0013176849962878868,0.0006673053551550824
v17_eps_forecast_actual_yoy,EPSForecastActualYoY,EPS／預測對去年同季實績,current,2019,0.022794506815768296,0.05116418087474236,0.05006717553385376,-0.0003779927273311908,0.0005016931421235166,0.0004908375763951474
v17_eps_forecast_actual_yoy,EPSForecastActualYoY,EPS／預測對去年同季實績,current,2020,0.02873680775584777,0.04884860273463882,0.05085734661690184,0.0009666173967465049,0.0029874903673574545,0.0009987108154261024
v17_eps_forecast_actual_yoy,EPSForecastActualYoY,EPS／預測對去年同季實績,current,2021,-0.08484736422425106,-0.09057627782277819,-0.08760480813901657,-0.004906886601075772,-0.005407671377389036,0.0005010639121383986
v17_sales_revision_relative,NetSalesRevisionRelative,營收／修正相對舊單季預測,current,2018,-0.010858555480751719,-0.010858555480751719,-0.011513767098899539,-0.001295393090848801,-0.0013176849962878868,0.0006659558948666118
v17_sales_revision_relative,NetSalesRevisionRelative,營收／修正相對舊單季預測,current,2019,0.049210391682780345,0.049210391682780345,0.05006717553385376,0.00048389304967624456,0.0005016931421235166,0.00048809151331712157
v17_sales_revision_relative,NetSalesRevisionRelative,營收／修正相對舊單季預測,current,2020,0.04964687253473051,0.049967513513204886,0.05085734661690184,0.0029703209828242354,0.0029874903673574545,0.0009914096023487802
v17_sales_revision_relative,NetSalesRevisionRelative,營收／修正相對舊單季預測,current,2021,-0.08816699355793098,-0.08823657094385763,-0.08760480813901657,-0.005423374731001125,-0.005407671377389036,0.0005042329158521783
v17_profit_revision_relative,OperatingProfitRevisionRelative,營業利益／修正相對舊單季預測,current,2018,-0.015100385655907577,-0.016575956781330118,-0.011513767098899539,-0.0011679174560749995,-0.0013176849962878868,0.0006659266288239641
v17_profit_revision_relative,OperatingProfitRevisionRelative,營業利益／修正相對舊單季預測,current,2019,0.04985435581501226,0.04901385715600325,0.05006717553385376,0.0005252768707040127,0.0005016931421235166,0.0004880832759617112
v17_profit_revision_relative,OperatingProfitRevisionRelative,營業利益／修正相對舊單季預測,current,2020,0.05130732782473618,0.05073769736859324,0.05085734661690184,0.002966469785682762,0.0029874903673574545,0.000991284250233083
v17_profit_revision_relative,OperatingProfitRevisionRelative,營業利益／修正相對舊單季預測,current,2021,-0.08285297189081291,-0.08658606418185458,-0.08760480813901657,-0.004841490162027784,-0.005407671377389036,0.0005029397967777547
v17_eps_revision_relative,EPSRevisionRelative,EPS／修正相對舊單季預測,current,2018,-0.021004751443478523,-0.01222622434574132,-0.011513767098899539,-0.0018123071233640195,-0.0013176849962878868,0.0006656819009924857
v17_eps_revision_relative,EPSRevisionRelative,EPS／修正相對舊單季預測,current,2019,0.04624393188617097,0.057437573494574845,0.05006717553385376,0.0011093355633852824,0.0005016931421235166,0.00048726423470002786
v17_eps_revision_relative,EPSRevisionRelative,EPS／修正相對舊單季預測,current,2020,-0.024559376575242774,0.05455219016093872,0.05085734661690184,-0.0045420099589056715,0.0029874903673574545,0.0009855581448271467
v17_eps_revision_relative,EPSRevisionRelative,EPS／修正相對舊單季預測,current,2021,-0.06520915631434447,-0.08196735987002776,-0.08760480813901657,-0.005094597274844761,-0.005407671377389036,0.0005030224477700947
v17_eps_actual_qoq,EPSActualQoQ,EPS／實際季增,current,2018,-0.08807390457911327,-0.025627563684771256,-0.011513767098899539,-0.004803734662375382,-0.0013176849962878868,0.0006473842995273833
v17_eps_actual_qoq,EPSActualQoQ,EPS／實際季增,current,2019,0.07868937221145231,0.03221653644212605,0.05006717553385376,0.002318286319210051,0.0005016931421235166,0.0004730057220274938
v17_eps_actual_qoq,EPSActualQoQ,EPS／實際季增,current,2020,0.04492113237618572,0.07549821228703991,0.05085734661690184,0.002918651642551485,0.0029874903673574545,0.0009878342700539184
v17_eps_actual_qoq,EPSActualQoQ,EPS／實際季增,current,2021,-0.10214434922236955,-0.0746576545147377,-0.08760480813901657,-0.005469942693933118,-0.005407671377389036,0.0005001746407855449
