Date,ValidationYear,OfficialDailySpread,RankIC,SelectedMissingTargets,FallbackStocks,SelectedFallbackStocks,DistinctScores,StocksRanked
2017-12-29,2018,0.2173490083396219,-0.004621128335047349,0,20,0,1877,1896
2018-01-04,2018,0.024851061705057315,-0.010354431293682438,0,20,0,1877,1896
2018-01-05,2018,-0.42386010503559585,-0.04933671818338206,0,20,0,1877,1896
2018-01-09,2018,-0.9642617095424236,-0.017109610722212475,0,20,0,1877,1896
2018-01-10,2018,-0.3784485199082758,0.008876199571384927,0,20,0,1877,1896
2018-01-11,2018,0.6743322287566449,0.0046935881569715975,0,20,0,1877,1896
2018-01-12,2018,0.46018373155601183,-0.011984705917752131,0,20,0,1877,1896
2018-01-15,2018,0.4066415544646096,-0.005341353709989064,0,20,0,1877,1896
2018-01-16,2018,-0.09871937259814183,0.0038567421438381135,0,20,0,1877,1896
2018-01-17,2018,-0.13128971387446833,-0.02703824621791003,0,20,0,1877,1896
2018-01-18,2018,-1.4997372932405575,-0.060713789609681115,0,20,0,1877,1896
2018-01-19,2018,0.1468363365659311,0.006607692440015565,0,20,0,1877,1896
2018-01-22,2018,-0.6753932342627387,-0.01828619453725091,0,20,0,1877,1896
2018-01-23,2018,0.09924079477476629,0.0011548487518577455,0,20,0,1877,1896
2018-01-24,2018,-0.08759797188246154,-0.003911005556251305,0,20,0,1877,1896
2018-01-25,2018,-0.4370111421412106,-0.030634730833231007,0,20,0,1877,1896
2018-01-26,2018,0.047470988990809815,-0.010380139166159638,0,20,0,1877,1896
2018-01-29,2018,-0.48981767095857043,-0.026086391869890244,0,20,0,1877,1896
2018-01-30,2018,0.39255790474132307,0.0626840312152265,0,20,0,1877,1896
2018-01-31,2018,-0.2981189081205649,-0.002562869359144279,0,20,0,1877,1896
2018-02-01,2018,-0.10995402456120178,-0.007113283451654455,0,20,0,1877,1896
2018-02-02,2018,-1.3312330409601383,-0.03772372538270277,0,20,0,1877,1896
2018-02-05,2018,-0.29120287555730956,-0.018712385073152447,0,20,0,1877,1896
2018-02-06,2018,0.5743144003527997,0.027386645112321882,0,20,0,1877,1896
2018-02-07,2018,0.006354341673375785,0.006985252280457126,0,20,0,1877,1896
2018-02-08,2018,-0.17684448907765335,-0.00735744188237926,0,20,0,1877,1896
2018-02-09,2018,0.2984765989372959,0.028897926792399508,0,20,0,1877,1896
2018-02-13,2018,-0.15003143679602302,0.02014393320177756,0,20,0,1877,1896
2018-02-14,2018,0.19611684904314508,-0.008144668063838578,0,20,0,1877,1896
2018-02-15,2018,0.15974399475413156,0.03389599472036205,0,20,0,1877,1896
2018-02-16,2018,0.21203850584291764,0.010791969051518855,0,20,0,1877,1896
2018-02-19,2018,-0.5749585297417799,0.012180636078137387,0,20,0,1877,1896
2018-02-20,2018,-0.5160402429880654,-0.01209865513781235,0,20,0,1877,1896
2018-02-21,2018,0.18857916634238947,0.022555612974809295,0,20,0,1877,1896
2018-02-22,2018,0.4441037605212621,0.0122787504722932,0,20,0,1877,1896
2018-02-23,2018,-0.4818307263029971,0.003154382310318094,0,20,0,1877,1896
2018-02-26,2018,-0.8250156748985461,-0.02802347343812369,0,20,0,1877,1896
2018-02-27,2018,0.32114124333161875,0.013545756320847549,0,20,0,1877,1896
2018-02-28,2018,-0.732133649704045,-0.04297171986170385,0,20,0,1877,1896
2018-03-01,2018,0.3803129857311678,0.004227466062766198,0,20,0,1877,1896
2018-03-02,2018,-0.35855142136226686,-0.0361648560308214,0,20,0,1877,1896
2018-03-05,2018,-0.3507678913551973,0.009405275260708463,0,20,0,1877,1896
2018-03-06,2018,-0.16854174750024034,0.0061907233480073,0,20,0,1877,1896
2018-03-07,2018,0.011953008726481787,-0.007123184857832926,0,20,0,1877,1896
2018-03-08,2018,0.22830643074119195,0.028159277719254368,0,20,0,1877,1896
2018-03-09,2018,0.21653777021950602,0.020165140746832583,0,20,0,1877,1896
2018-03-12,2018,-0.29805211278674476,-0.03821289933456378,0,20,0,1877,1896
2018-03-13,2018,-0.1697075268323569,0.006756119307991798,0,20,0,1877,1896
2018-03-14,2018,0.17954718485502572,0.02241841730002667,0,20,0,1877,1896
2018-03-15,2018,-0.14337534691447948,0.011234718160754352,0,20,0,1877,1896
2018-03-16,2018,0.46393116189162215,0.00040131265548715264,0,21,0,1877,1897
2018-03-19,2018,-1.1836632011737633,-0.02632248990468529,0,21,0,1877,1897
2018-03-20,2018,0.8418284077929385,0.028138638572447413,0,21,0,1877,1897
2018-03-22,2018,-0.1941541187195582,0.00119223829086423,0,22,0,1877,1898
2018-03-23,2018,0.4495562263994313,-0.019781452996766157,0,24,0,1877,1900
2018-03-26,2018,0.2468877691606092,-0.007144204095058033,0,24,0,1877,1900
2018-03-27,2018,-0.5823203305550985,-0.0127589413071963,0,25,0,1877,1901
2018-03-28,2018,0.16434272362759442,0.01576198816382395,0,25,0,1877,1901
2018-03-29,2018,-0.31195975113445856,-0.025351119180243478,0,25,0,1877,1901
2018-03-30,2018,-0.6205935734997724,-0.04399685565216885,0,25,0,1877,1901
2018-04-02,2018,-0.3582267505057499,-0.02157420663102342,0,26,0,1877,1902
2018-04-03,2018,0.5257324920199937,0.00868631030963423,0,26,0,1877,1902
2018-04-04,2018,-0.1774205183926011,0.020239952959492342,0,26,0,1877,1902
2018-04-05,2018,0.10213877716478077,-0.019926588770603163,0,26,0,1877,1902
2018-04-06,2018,-0.05485216221169383,0.0023690696918431805,0,26,0,1877,1902
2018-04-09,2018,0.9745817416706197,0.017241479515886025,0,26,0,1877,1902
2018-04-10,2018,-0.022902818270575127,-0.00597540890277307,0,26,0,1877,1902
2018-04-11,2018,0.6899733552646402,0.03106328715967735,0,26,0,1877,1902
2018-04-12,2018,0.7817385674282317,-0.0012198530625573952,0,26,0,1877,1902
2018-04-13,2018,0.35225450949531717,0.013126998338308535,0,26,0,1877,1902
2018-04-16,2018,0.85790208263754,0.024191923464835993,0,26,0,1877,1902
2018-04-17,2018,0.3052404320140902,-0.004431934065396919,0,26,0,1877,1902
2018-04-18,2018,-0.5686870948468822,-0.03483215366362392,0,26,0,1877,1902
2018-04-19,2018,0.8007286899419007,0.02348383855382303,0,26,0,1877,1902
2018-04-20,2018,-0.06348699571029777,0.01703651567211304,0,27,0,1877,1903
2018-04-23,2018,0.4457042216303974,-0.0030931595694099544,0,27,0,1877,1903
2018-04-24,2018,0.5504414497028477,0.026685132561941383,0,27,0,1877,1903
2018-04-25,2018,-0.07661634788813333,0.03286002833445574,0,27,0,1877,1903
2018-04-26,2018,-0.786228968680696,-0.07526798439170222,0,27,0,1877,1903
2018-04-27,2018,0.11622011484747485,-0.01829892169734203,0,27,0,1877,1903
2018-05-01,2018,-0.18787342409801364,-0.01630485160004761,0,27,0,1877,1903
2018-05-02,2018,0.6350965120530555,0.028597189456163682,0,27,0,1877,1903
2018-05-07,2018,-1.1894279146637452,-0.031009385385765184,0,27,0,1877,1903
2018-05-08,2018,0.777484472001564,0.04515142304569093,0,27,0,1877,1903
2018-05-09,2018,-0.22735777356779416,0.03079886363301742,0,27,0,1877,1903
2018-05-10,2018,-1.2274492550182807,0.01770119946922395,0,27,0,1877,1903
2018-05-11,2018,0.18118773751401965,0.025875272457434977,0,27,0,1877,1903
2018-05-14,2018,-0.12457488483927748,-0.0026028843586050248,0,27,0,1877,1903
2018-05-15,2018,0.24207659030069095,0.044805279540156465,0,27,0,1877,1903
2018-05-16,2018,-0.010076140884808312,0.017505307664871236,0,27,0,1877,1903
2018-05-17,2018,-0.21419322342400507,0.02560268892245883,0,27,0,1877,1903
2018-05-18,2018,0.9618979869848725,0.003575593574202908,0,27,0,1877,1903
2018-05-21,2018,-0.7248016149418529,-0.03630957067425786,0,27,0,1877,1903
2018-05-22,2018,0.5072303689573463,0.041298334062309684,0,27,0,1877,1903
2018-05-23,2018,0.20280932324500758,-0.003208038301095211,0,27,0,1877,1903
2018-05-24,2018,-0.6130470054686027,-0.037488472032591445,0,27,0,1877,1903
2018-05-25,2018,-0.03540379031776553,0.005145984212755134,0,27,0,1877,1903
2018-05-28,2018,-0.16553035914390524,-0.004796838477345372,0,27,0,1877,1903
2018-05-29,2018,0.4740344227296034,0.013823473399840231,0,27,0,1877,1903
2018-05-30,2018,0.301717415170156,0.008121655675934265,0,27,0,1877,1903
2018-05-31,2018,-0.5522187551695822,-0.0020315176536284743,0,28,0,1877,1904
2018-06-01,2018,0.47196257323948937,0.001426495639164054,0,28,0,1877,1904
2018-06-04,2018,-0.4654380368311071,-0.001757543261327741,0,28,0,1877,1904
2018-06-05,2018,-0.703262205181718,-0.01704453333227048,0,28,0,1877,1904
2018-06-06,2018,0.17539187572792184,-0.005546269550142544,0,28,0,1877,1904
2018-06-07,2018,0.4835556112848047,-0.008516410280192475,0,28,0,1877,1904
2018-06-08,2018,0.1949126339924733,0.03364955718726122,0,28,0,1877,1904
2018-06-11,2018,0.2449982442206798,-0.032181091726321776,0,28,0,1877,1904
2018-06-12,2018,-0.38791492619616674,-0.006072132054825976,0,28,0,1877,1904
2018-06-13,2018,-0.04712303188711101,0.00483151156040115,0,28,0,1877,1904
2018-06-14,2018,-1.3297557362283776,-0.06953101828038573,0,28,0,1877,1904
2018-06-15,2018,0.18919631181791155,-0.012781101471480266,0,28,0,1877,1904
2018-06-18,2018,0.03976160111227944,-0.00021471265766255266,0,28,0,1877,1904
2018-06-19,2018,-0.24042464689339446,0.024667270955725053,0,29,0,1877,1905
2018-06-20,2018,0.40332965507173785,-0.018264710905763044,0,29,0,1877,1905
2018-06-21,2018,0.38722857269680055,0.050244064328978995,0,30,0,1877,1906
2018-06-22,2018,-0.7325907050566625,-0.014458057375704226,0,31,0,1877,1907
2018-06-25,2018,-0.007909327748493547,-0.009914146850039312,0,31,0,1877,1907
2018-06-26,2018,-0.14684662796208636,0.005255974493448518,0,32,0,1877,1908
2018-06-27,2018,0.02448124547936444,0.05032744742657751,0,33,0,1877,1909
2018-06-28,2018,0.8757488572285007,0.02032534495207982,0,33,0,1877,1909
2018-06-29,2018,-1.1476961112171267,-0.018560433717022387,0,34,0,1877,1910
2018-07-02,2018,0.2625641467765301,0.003888352276023939,0,34,0,1877,1910
2018-07-03,2018,0.1590003831014363,0.009810014723589524,0,34,0,1877,1910
2018-07-04,2018,-0.5234987460647579,-0.04027386377867161,0,34,0,1877,1910
2018-07-05,2018,-0.5771042248275619,-0.013490199127926287,0,34,0,1877,1910
2018-07-06,2018,0.4255562510880779,0.002569402864130032,0,34,0,1877,1910
2018-07-09,2018,-0.18392284305438,0.001020093534364566,0,34,0,1877,1910
2018-07-10,2018,0.1734202886573771,-0.024502534910524877,0,35,0,1877,1911
2018-07-11,2018,0.49063294840568794,0.02675695886289776,0,35,0,1877,1911
2018-07-12,2018,0.5009461345354502,0.006485068770996113,0,35,0,1877,1911
2018-07-13,2018,-0.09777359044518737,0.02937354290064077,0,35,0,1877,1911
2018-07-17,2018,0.09865224554973478,0.049595190278781016,0,35,0,1877,1911
2018-07-18,2018,-0.1455365247234103,0.001490511720497482,0,35,0,1877,1911
2018-07-19,2018,0.38843650773448396,0.044327254622337296,0,35,0,1877,1911
2018-07-20,2018,0.08842722069128801,0.017738369027413013,0,35,0,1877,1911
2018-07-23,2018,-0.42737433737226543,-0.0136611764703388,0,36,0,1877,1912
2018-07-24,2018,0.4998280259595232,0.0287233072600292,0,36,0,1877,1912
2018-07-25,2018,0.395093797709644,0.03281341854218294,0,37,0,1877,1913
2018-07-26,2018,0.48815752528542183,0.006376575738843287,0,37,0,1877,1913
2018-07-27,2018,0.19952567495960846,-0.018505700680688242,0,37,0,1877,1913
2018-07-30,2018,0.4642223612768454,0.027187747715503717,0,37,0,1877,1913
2018-07-31,2018,-0.6949598648084877,0.0015965376557536715,0,37,0,1877,1913
2018-08-01,2018,0.5607573500570325,0.004694483026201474,0,37,0,1877,1913
2018-08-02,2018,-0.5513834470468074,0.017268892623970942,0,37,0,1877,1913
2018-08-03,2018,-0.2715937751629496,-0.026004118508187634,0,37,0,1877,1913
2018-08-06,2018,-0.09766603523599127,0.010839590309151707,0,37,0,1877,1913
2018-08-07,2018,0.0006024809226848523,0.005338490818356626,0,37,0,1877,1913
2018-08-08,2018,-0.7215876410856102,-0.011585596329662107,0,37,0,1877,1913
2018-08-09,2018,-0.320435738386843,-0.024752003285730125,0,37,0,1877,1913
2018-08-10,2018,-0.9397512141451442,-0.01051457317999162,0,37,0,1877,1913
2018-08-13,2018,0.03811251175475405,0.028539414465752578,0,37,0,1877,1913
2018-08-14,2018,0.587013921975362,0.0024900058477390304,0,37,0,1877,1913
2018-08-15,2018,0.3837658115342289,0.037278727872012016,0,37,0,1877,1913
2018-08-16,2018,-0.4900604469750946,0.0008638241422394806,0,37,0,1877,1913
2018-08-17,2018,-1.153238367811091,-0.06315996164405177,0,37,0,1877,1913
2018-08-20,2018,-1.1801523484338994,-0.06212950946608654,0,37,0,1877,1913
2018-08-21,2018,-0.5983292751212511,-0.024061717767096456,0,37,0,1877,1913
2018-08-22,2018,0.2922435553975064,-0.00024582017023392136,0,37,0,1877,1913
2018-08-23,2018,1.3637774259865445,0.03314104058557526,0,37,0,1877,1913
2018-08-24,2018,0.48096781228993907,0.011115563837140543,0,37,0,1877,1913
2018-08-27,2018,-0.585468319728602,0.036424970085617195,0,37,0,1877,1913
2018-08-28,2018,0.3504879270620373,-0.009304094691038324,0,37,0,1877,1913
2018-08-29,2018,0.0908293577468124,-0.015799003925439415,0,37,0,1877,1913
2018-08-30,2018,0.17508702577810423,0.029508257737431313,0,37,0,1877,1913
2018-08-31,2018,-0.11958810613401592,0.03194362493406298,0,37,0,1877,1913
2018-09-03,2018,0.02403255415464578,-0.0058035458415523974,0,37,0,1877,1913
2018-09-04,2018,0.07153584264615216,-0.019915088008612858,0,37,0,1877,1913
2018-09-05,2018,-0.21688921854679086,-0.02385861982273146,0,37,0,1877,1913
2018-09-06,2018,0.175116210175129,0.010427912882322905,0,37,0,1877,1913
2018-09-07,2018,-0.08532278910515156,0.05293976131718757,0,37,0,1877,1913
2018-09-10,2018,-0.16507794558055977,-0.058993690021397656,0,37,0,1877,1913
2018-09-11,2018,-0.20889017089464432,-0.03084751298128426,0,37,0,1877,1913
2018-09-12,2018,-0.2760103485350456,0.008324337357808012,0,37,0,1877,1913
2018-09-13,2018,0.34366569843492467,-0.014979698382442905,0,37,0,1877,1913
2018-09-14,2018,0.12030839595896659,0.029480630522803607,0,37,0,1877,1913
2018-09-18,2018,0.42049004180385396,-0.011949193598669958,0,37,0,1877,1913
2018-09-19,2018,0.22229332224806195,0.02483426526264012,0,37,0,1877,1913
2018-09-20,2018,-0.6240406984085691,-0.029717133642835614,0,38,0,1876,1913
2018-09-21,2018,-0.5422376885886965,-0.04081792572403561,0,39,0,1876,1914
2018-09-25,2018,-0.22675689065687088,-0.0520225486492146,0,39,0,1877,1915
2018-09-26,2018,-0.6374201674335028,-0.018866706418156857,0,39,0,1877,1915
2018-09-27,2018,-0.23824533200820772,0.003979643963452659,0,40,0,1877,1916
2018-09-28,2018,-0.6387723729107303,-0.012905982150837693,0,41,0,1877,1917
2018-10-01,2018,0.3076189788953731,0.0202007028725534,0,44,0,1877,1920
2018-10-02,2018,0.32978053232578847,0.0431224017931213,0,44,0,1877,1920
2018-10-03,2018,-0.1270722205060535,-0.0019726839348269847,0,44,0,1877,1920
2018-10-04,2018,0.6027109640072842,0.01281072967857378,0,44,0,1877,1920
2018-10-05,2018,-0.11626966084643915,-0.0059032546231525184,0,44,0,1877,1920
2018-10-09,2018,0.2878447197554195,0.013210899812818139,0,44,0,1877,1920
2018-10-10,2018,-0.30310546103332275,-0.02653387261363956,0,44,0,1877,1920
2018-10-11,2018,0.4805094157219643,0.01968444547982108,0,44,0,1877,1920
2018-10-12,2018,-0.03146250560353003,-0.010089913040774903,0,44,0,1877,1920
2018-10-15,2018,-0.5065617902125616,-0.04272703765599783,0,44,0,1877,1920
2018-10-16,2018,-0.41507820594390693,-0.003483314798504734,0,44,0,1877,1920
2018-10-17,2018,0.09629285153803391,-0.011877628715712739,0,44,0,1877,1920
2018-10-18,2018,-0.37157621621914405,-0.020556740690772048,0,44,0,1877,1920
2018-10-19,2018,-0.18827949086212628,-0.01227186770809362,0,45,0,1877,1921
2018-10-22,2018,-0.4612012240913473,-0.01765375146010562,0,45,0,1877,1921
2018-10-23,2018,-0.06405550669071285,0.031001398151367137,0,45,0,1877,1921
2018-10-24,2018,-0.7524416490377392,-0.015425811815164933,0,45,0,1877,1921
2018-10-25,2018,-0.8072631405820333,-0.006692573275059102,0,45,0,1877,1921
2018-10-26,2018,-0.25309700166866617,-0.018534944251173302,0,45,0,1877,1921
2018-10-29,2018,-0.8704259476640294,-0.01753278785654197,0,45,0,1877,1921
2018-10-30,2018,1.6374582899616492,0.026240572099366425,0,45,0,1877,1921
2018-10-31,2018,0.5962221791698218,0.030923708962459374,0,45,0,1877,1921
2018-11-01,2018,-0.1897648510081361,-0.014066224985096744,0,45,0,1877,1921
2018-11-02,2018,-0.3808998532863869,-0.04911763371026563,0,45,0,1877,1921
2018-11-05,2018,1.2448286242052582,0.0260011232158987,0,45,0,1877,1921
2018-11-06,2018,0.4511263297414967,0.009634721591035204,0,45,0,1877,1921
2018-11-07,2018,0.45553686881561983,0.007277123392624868,0,45,0,1877,1921
2018-11-08,2018,0.15956654495740352,-0.021372215682199797,0,45,0,1877,1921
2018-11-09,2018,0.20229931091208306,-0.0059049057914701076,0,45,0,1877,1921
2018-11-12,2018,-0.1271703051092906,-0.011033754177330086,0,45,0,1877,1921
2018-11-13,2018,0.7662955964092774,-0.005218986914167221,0,45,0,1877,1921
2018-11-14,2018,-0.7061828835872358,0.0030051158536851283,0,45,0,1877,1921
2018-11-15,2018,-0.9122160639918461,-0.047704569274303825,0,45,0,1877,1921
2018-11-16,2018,0.19172439781081074,-0.017064627076876372,0,45,0,1877,1921
2018-11-19,2018,-0.5484862852517167,-0.007775601308986351,0,45,0,1877,1921
2018-11-20,2018,0.43245789949733204,-0.00010867802728524814,0,45,0,1877,1921
2018-11-21,2018,0.6251356300781802,0.05066885809208523,0,45,0,1877,1921
2018-11-22,2018,0.03845839961540539,0.0245902145973175,0,45,0,1877,1921
2018-11-26,2018,-0.3935410681353737,-0.01883971279495747,0,45,0,1877,1921
2018-11-27,2018,-0.010702017498785743,-0.009607057311968944,0,45,0,1877,1921
2018-11-28,2018,-0.3546276488967346,0.0019940667787459255,0,46,0,1877,1922
2018-11-29,2018,0.4335583783327109,0.006488549414361396,0,46,0,1877,1922
2018-11-30,2018,-0.008161642550385059,0.022243659843870087,0,46,0,1877,1922
2018-12-03,2018,-0.05335557742825644,-0.02639439656028459,0,46,0,1877,1922
2018-12-04,2018,-0.08458229208277679,-0.022935630757301602,0,46,0,1877,1922
2018-12-05,2018,0.503035833942817,-0.004128142000543897,0,46,0,1877,1922
2018-12-06,2018,0.007472686392740495,0.012955263660102247,0,46,0,1877,1922
2018-12-07,2018,-1.0788780021581588,-0.04455315762720705,0,46,0,1877,1922
2018-12-10,2018,0.473833073193702,0.01753851324330275,0,46,0,1877,1922
2018-12-11,2018,0.43843408793210187,0.0021476178438969195,0,46,0,1877,1922
2018-12-12,2018,0.319216021209348,0.04328080191389449,0,47,0,1877,1923
2018-12-13,2018,-0.3545385363672435,0.0019041644754788716,0,48,0,1877,1924
2018-12-14,2018,0.6385086629132198,0.012687907743068806,0,48,0,1876,1923
2018-12-17,2018,0.26323073796794605,-0.017260485221116374,0,48,0,1876,1923
2018-12-18,2018,0.2534986630598854,0.0045636232819413645,0,48,0,1876,1923
2018-12-19,2018,0.31435628114489883,0.0009477022357777723,0,50,0,1876,1925
2018-12-20,2018,0.7868324145623333,0.028378341684026743,0,50,0,1876,1925
2018-12-21,2018,-0.5107641784032732,0.007559068502958291,0,53,0,1876,1928
2018-12-25,2018,-1.4445346385645952,-0.059981257156500316,0,54,0,1876,1929
2018-12-26,2018,-0.25463714806172694,0.005953636206048991,0,54,0,1876,1929
2018-12-27,2018,0.727865259983048,-0.0038524649657731306,0,54,0,1876,1929
2018-12-28,2019,1.0994857792851451,0.040621782907280996,0,21,0,1910,1930
2019-01-04,2019,0.09299076448440058,-0.030063958350150813,0,21,0,1910,1930
2019-01-07,2019,0.723010078265645,0.020006530267843114,0,21,0,1910,1930
2019-01-08,2019,-0.29164059275611337,-0.015877288389364346,0,21,0,1910,1930
2019-01-09,2019,-0.09928802147793221,0.004951539010583461,0,21,0,1910,1930
2019-01-10,2019,0.12587839756143637,0.024279105966143417,0,21,0,1910,1930
2019-01-11,2019,0.2804103536583001,0.01343477831800585,0,21,0,1910,1930
2019-01-15,2019,0.029450707316704516,-0.02317689711475134,0,21,0,1910,1930
2019-01-16,2019,0.13123188343917716,-0.009058414301380577,0,21,0,1910,1930
2019-01-17,2019,0.814926400032331,0.040781554123987755,0,21,0,1909,1929
2019-01-18,2019,0.09157731322689777,-0.020735395689860096,0,21,0,1909,1929
2019-01-21,2019,-0.11557108109907081,0.009484347487961271,0,21,0,1909,1929
2019-01-22,2019,0.016329682596831024,-0.00951076986991828,0,21,0,1909,1929
2019-01-23,2019,-0.724884044969171,-0.0642231291718632,0,21,0,1909,1929
2019-01-24,2019,0.4505135591659579,0.026029607407764915,0,21,0,1909,1929
2019-01-25,2019,0.2233750143818715,-0.0034798600571679513,0,21,0,1909,1929
2019-01-28,2019,-0.19841615225270579,0.010641635707881287,0,21,0,1909,1929
2019-01-29,2019,-0.6131743511280986,-0.01062619118381339,0,21,0,1909,1929
2019-01-30,2019,0.29957470793803237,0.034658738416623494,0,21,0,1909,1929
2019-01-31,2019,0.5710434665346208,0.04292056216555946,0,21,0,1909,1929
2019-02-01,2019,0.7403577386213386,0.03972317221517752,0,21,0,1909,1929
2019-02-04,2019,-0.7532956834918799,-0.011296505736935527,0,21,0,1909,1929
2019-02-05,2019,-0.5632486149339041,-0.01405105754053696,0,21,0,1909,1929
2019-02-06,2019,-0.3479610715930696,-0.016974859748606158,0,21,0,1909,1929
2019-02-07,2019,-0.2671835315602766,-0.01382089529811231,0,21,0,1909,1929
2019-02-08,2019,-2.0147767751693735,-0.06178721245446388,0,21,0,1909,1929
2019-02-12,2019,-0.30891126497222726,0.0011489895061857081,0,21,0,1909,1929
2019-02-13,2019,-1.1043650489928813,-0.007215742347697196,0,21,0,1909,1929
2019-02-14,2019,0.7605082874832844,0.018242655596612138,0,21,0,1909,1929
2019-02-15,2019,0.5620581700824325,0.0214028112225828,0,21,0,1909,1929
2019-02-18,2019,0.4304249296221317,-0.009528224224510386,0,21,0,1909,1929
2019-02-19,2019,0.03391656287998546,-0.007828057327388883,0,21,0,1909,1929
2019-02-20,2019,-0.4590844453214486,-0.0404388340205825,0,21,0,1909,1929
2019-02-21,2019,-0.20717367912566095,-0.0036780710277103637,0,21,0,1909,1929
2019-02-22,2019,1.8830744489008822,0.032846438947225866,0,21,0,1909,1929
2019-02-25,2019,-0.8819279742348735,-0.0036700742749101035,0,21,0,1909,1929
2019-02-26,2019,-0.7149022369398348,0.015293456772287094,0,21,0,1909,1929
2019-02-27,2019,-0.46247322031412413,-0.01776068092745732,0,21,0,1909,1929
2019-02-28,2019,-1.0832751841778225,-0.0597162135171178,0,22,0,1909,1930
2019-03-01,2019,0.14943292975568268,-0.005235335433894466,0,23,0,1909,1931
2019-03-04,2019,-0.5646796091136518,-0.017024101252443084,0,23,0,1909,1931
2019-03-05,2019,-0.30265041367651957,0.004655570405631412,0,24,0,1909,1932
2019-03-06,2019,0.2788041839966855,0.0021137867224964102,0,24,0,1909,1932
2019-03-07,2019,-0.8581976743606132,0.0058381532221122474,0,24,0,1909,1932
2019-03-08,2019,-0.2655161434033075,-0.06973692130075182,0,24,0,1909,1932
2019-03-11,2019,-0.4063535428813519,0.0006016140720080026,0,24,0,1909,1932
2019-03-12,2019,0.4886177301598218,-0.006629473863941575,0,24,0,1909,1932
2019-03-13,2019,-0.23826794167907503,-0.05037133688642522,0,25,0,1909,1933
2019-03-14,2019,0.025219910526467732,-5.4460570059472754e-05,0,25,0,1909,1933
2019-03-15,2019,-0.9260371621830306,-0.02072769092895381,0,26,0,1909,1934
2019-03-18,2019,0.530094891586595,0.02936112793990606,0,26,0,1909,1934
2019-03-19,2019,-0.6861411181323399,-0.0027468758517528217,0,27,0,1909,1935
2019-03-20,2019,-0.11520939985860561,-0.03574618861533561,0,28,0,1909,1936
2019-03-22,2019,-0.1578682514188253,0.012188197131201227,0,28,0,1909,1936
2019-03-25,2019,0.17423933451635842,0.0068935716281440474,0,28,0,1909,1936
2019-03-26,2019,-0.8576033860443596,-0.028666423443766624,0,28,0,1909,1936
2019-03-27,2019,0.5317475284766792,0.03528689854341726,0,28,0,1909,1936
2019-03-28,2019,0.06362683655271617,-0.029480872888135022,0,29,0,1909,1937
2019-03-29,2019,0.2121691402060916,0.0032871141043108805,0,29,0,1909,1937
2019-04-01,2019,0.9428031800088158,0.07331847253907084,0,29,0,1909,1937
2019-04-02,2019,0.7474275724324303,0.04891150035516559,0,29,0,1909,1937
2019-04-03,2019,0.4525410319104977,0.015493763587741355,0,29,0,1909,1937
2019-04-04,2019,-0.44216377270348173,-0.008017643631518951,0,29,0,1909,1937
2019-04-05,2019,0.2717650393627559,0.0012070194712422292,0,29,0,1909,1937
2019-04-08,2019,0.3677053920956594,-0.0025322265646612495,0,29,0,1909,1937
2019-04-09,2019,0.7696347957746316,0.027172291082693405,0,29,0,1909,1937
2019-04-10,2019,-0.04923294906536935,-0.002362665972431656,0,29,0,1910,1938
2019-04-11,2019,-0.5903737194063226,-0.020170531314734865,0,29,0,1910,1938
2019-04-12,2019,0.06384215661592452,-0.015361948845308677,0,29,0,1910,1938
2019-04-15,2019,0.774088265123333,0.06682704249430928,0,29,0,1910,1938
2019-04-16,2019,-0.27361682915431906,0.009684742188783289,0,29,0,1910,1938
2019-04-17,2019,-0.42598691107798076,-0.02732833135258095,0,29,0,1910,1938
2019-04-18,2019,0.8200042669730655,0.03682988044625229,0,29,0,1910,1938
2019-04-19,2019,0.8020069140638938,0.027551003613852404,0,29,0,1910,1938
2019-04-22,2019,-0.5435828960610444,-0.0024865594046663128,0,29,0,1910,1938
2019-04-23,2019,0.2838040722093991,0.029479736554259898,0,29,0,1910,1938
2019-04-24,2019,-0.5817107672168466,-0.028831966899320657,0,29,0,1910,1938
2019-04-25,2019,0.6696622054643079,0.022537015505102464,0,29,0,1910,1938
2019-04-26,2019,-0.4098956823198776,-0.06037670996531504,0,29,0,1910,1938
2019-05-07,2019,0.7301083076383167,0.0025084711482709055,0,29,0,1910,1938
2019-05-08,2019,-0.18642900666299064,-0.00852204396301454,0,29,0,1910,1938
2019-05-09,2019,0.39044591042074295,0.06010214643812658,0,29,0,1910,1938
2019-05-10,2019,-0.2212462358022965,0.002614775544684809,0,29,0,1910,1938
2019-05-13,2019,-0.18448262270649826,-0.04342924609195016,0,29,0,1910,1938
2019-05-14,2019,0.9271477300177741,0.0362565475006178,0,29,0,1910,1938
2019-05-15,2019,-0.026642558638960107,-0.019979110594116622,0,29,0,1910,1938
2019-05-16,2019,-0.24019864543753608,-0.00711970455048247,0,29,0,1910,1938
2019-05-17,2019,0.3001656335726775,0.0008553938809762041,0,29,0,1910,1938
2019-05-20,2019,0.16036983601020371,0.017030485935987882,0,29,0,1910,1938
2019-05-21,2019,-0.15907690009509304,0.00117410484682794,0,29,0,1910,1938
2019-05-22,2019,-0.640381525464495,-0.010352622061736752,0,29,0,1910,1938
2019-05-23,2019,0.09063240886350792,0.0057015869744257534,0,29,0,1910,1938
2019-05-24,2019,0.07390790502534032,0.03185525373470246,0,29,0,1910,1938
2019-05-27,2019,0.3709479303592418,0.016196700822924428,0,29,0,1910,1938
2019-05-28,2019,-0.4120280210429644,0.004243091813904241,0,29,0,1910,1938
2019-05-29,2019,-0.5128477850766539,-0.02174323390495079,0,29,0,1910,1938
2019-05-30,2019,-0.05224498719263693,-0.033255456592284675,0,29,0,1910,1938
2019-05-31,2019,-0.6690656329495068,-0.029714372449220174,0,29,0,1910,1938
2019-06-03,2019,-0.28359758913968075,-0.003038342516872302,0,30,0,1910,1939
2019-06-04,2019,0.24835551077286264,0.015866361601272944,0,30,0,1910,1939
2019-06-05,2019,0.10036603035400926,0.02226292679543129,0,30,0,1910,1939
2019-06-06,2019,0.2487862473726977,-0.004158519401946322,0,30,0,1910,1939
2019-06-07,2019,0.3627666605123279,0.042546150948700505,0,30,0,1910,1939
2019-06-10,2019,-0.40260649727764725,-0.022067027685177192,0,30,0,1910,1939
2019-06-11,2019,0.30713298674752626,-0.0035479375434230537,0,30,0,1910,1939
2019-06-12,2019,-0.8711876342873746,-0.040827828662690246,0,31,0,1910,1940
2019-06-13,2019,0.15500948629610267,0.021062113811832303,0,31,0,1910,1940
2019-06-14,2019,0.48664114321851165,0.01445479545909723,0,31,0,1910,1940
2019-06-17,2019,0.6197569349868542,0.026113502344177576,0,31,0,1910,1940
2019-06-18,2019,-0.476201513290075,-0.016963682991423763,0,32,0,1910,1941
2019-06-19,2019,-0.4443111012160846,-0.029013820210809445,0,33,0,1910,1942
2019-06-20,2019,0.024091060394227332,-0.010209565861879488,0,33,0,1910,1942
2019-06-21,2019,0.08505223851271415,0.0296312153044979,0,33,0,1910,1942
2019-06-24,2019,0.1955333654842457,0.04525641913463836,0,33,0,1910,1942
2019-06-25,2019,-0.04050106981235905,0.01249474698254381,0,33,0,1910,1942
2019-06-26,2019,-0.02819789179548791,0.03415662039500521,0,33,0,1910,1942
2019-06-27,2019,0.24282084130490963,0.03274549213339801,0,34,0,1910,1943
2019-06-28,2019,0.17354624408207245,0.016523717817931178,0,34,0,1910,1943
2019-07-01,2019,-0.3494657723102135,-0.03838240880115805,0,34,0,1910,1943
2019-07-02,2019,-0.03153745606060143,-0.05213031151341028,0,34,0,1910,1943
2019-07-03,2019,0.07945292117953673,0.005298923485709399,0,34,0,1910,1943
2019-07-04,2019,0.3086742963532032,0.023854026588757158,0,34,0,1910,1943
2019-07-05,2019,-0.21300520335432113,-0.03765031087574715,0,34,0,1910,1943
2019-07-08,2019,-0.32433206475881776,-0.017289601731317075,0,34,0,1910,1943
2019-07-09,2019,0.07199246159697988,0.008005008604261728,0,34,0,1910,1943
2019-07-10,2019,0.3556048955597039,0.03121398838895542,0,34,0,1910,1943
2019-07-11,2019,-0.14613851356998073,-0.0183137238468738,0,34,0,1910,1943
2019-07-12,2019,0.0652970444372117,-0.0010574985486638947,0,34,0,1910,1943
2019-07-16,2019,0.24745414487935177,0.013926689625572053,0,34,0,1910,1943
2019-07-17,2019,1.0695479915552688,0.07066715725291364,0,34,0,1910,1943
2019-07-18,2019,-0.05241023814753909,-0.049406730035994016,0,35,0,1910,1944
2019-07-19,2019,-0.10591127115649357,0.023010977155489,0,35,0,1910,1944
2019-07-22,2019,-0.14772757338415557,-0.005810367599606253,0,35,0,1910,1944
2019-07-23,2019,-0.05452950170097163,0.00048026610662478086,0,35,0,1910,1944
2019-07-24,2019,0.07967429168149091,0.01318950410050522,0,35,0,1910,1944
2019-07-25,2019,-0.2398057215883361,-0.043766221828867864,0,35,0,1910,1944
2019-07-26,2019,0.5870512225621322,0.02599440756224511,0,35,0,1910,1944
2019-07-29,2019,-0.19670265049610336,-0.022301557659613083,0,36,0,1910,1945
2019-07-30,2019,-0.2666624234449389,-0.008220105796922632,0,36,0,1910,1945
2019-07-31,2019,0.15265145292702678,0.024732793386047024,0,36,0,1910,1945
2019-08-01,2019,0.5482802430031425,-0.002464275217295934,0,36,0,1910,1945
2019-08-02,2019,-0.2280575818059054,-0.0007416599348354406,0,36,0,1910,1945
2019-08-05,2019,-0.5887925539976006,0.0053358982237284485,0,36,0,1910,1945
2019-08-06,2019,-0.4829749488048884,-0.02892325461672949,0,36,0,1910,1945
2019-08-07,2019,-0.1325466763921267,-0.005538000155882766,0,36,0,1910,1945
2019-08-08,2019,-0.20876364820933122,0.013835946841456802,0,36,0,1910,1945
2019-08-09,2019,0.47329772371768186,0.007135774889790447,0,37,0,1910,1946
2019-08-13,2019,-0.06511327791698267,0.03347145608259861,0,37,0,1910,1946
2019-08-14,2019,-0.29272653674177035,0.03729596137445372,0,37,0,1910,1946
2019-08-15,2019,0.4349475808414332,0.014150099864066729,0,37,0,1910,1946
2019-08-16,2019,-0.426697057562255,0.0086161329502873,0,37,0,1910,1946
2019-08-19,2019,-0.44258838807265705,0.012209207867041437,0,37,0,1910,1946
2019-08-20,2019,0.21467016935223202,-0.014290103625007539,0,37,0,1910,1946
2019-08-21,2019,0.4009335301118568,0.014658746183017112,0,37,0,1910,1946
2019-08-22,2019,-0.24797513553028652,-0.02831511217510065,0,37,0,1910,1946
2019-08-23,2019,-1.1074270885508264,0.006750083274273936,0,37,0,1910,1946
2019-08-26,2019,0.10290143554566396,0.04209816251624703,0,37,0,1910,1946
2019-08-27,2019,-0.4873767072958493,-0.01607630050452206,0,37,0,1910,1946
2019-08-28,2019,-0.07766518220506195,-0.015613372849681126,0,37,0,1910,1946
2019-08-29,2019,-0.17751364210414802,-0.015684542243600098,0,37,0,1910,1946
2019-08-30,2019,-0.3543277498514266,-0.025514497708479196,0,37,0,1910,1946
2019-09-02,2019,-0.46942128030558133,-0.01401953096792308,0,38,0,1910,1947
2019-09-03,2019,0.26485504985940445,0.005885510959001297,0,38,0,1910,1947
2019-09-04,2019,-0.033976477506877455,0.00819799807949367,0,38,0,1910,1947
2019-09-05,2019,0.39507002730625435,-0.004891852488684542,0,38,0,1910,1947
2019-09-06,2019,0.010416901788698326,-0.019167730569043487,0,38,0,1910,1947
2019-09-09,2019,0.49885136235077887,0.037801283459976534,0,38,0,1910,1947
2019-09-10,2019,0.003452622180700027,-0.010855742325019456,0,38,0,1910,1947
2019-09-11,2019,0.09185008532457377,-0.0329274305140541,0,38,0,1910,1947
2019-09-12,2019,0.8530188847091718,-0.014912192247958811,0,38,0,1910,1947
2019-09-13,2019,-0.13663215976857326,-0.01911592215480195,0,38,0,1909,1946
2019-09-17,2019,0.1899162885183173,-0.02258488878304095,0,38,0,1908,1945
2019-09-18,2019,-0.16208260203101807,-0.002733201741861995,0,38,0,1908,1945
2019-09-19,2019,0.32280930697307203,-0.0018201916430911592,0,38,0,1908,1945
2019-09-20,2019,-0.1244666757992703,-0.008257414212267718,0,39,0,1908,1946
2019-09-24,2019,-0.21242050973042326,0.04225945578955606,0,40,0,1908,1947
2019-09-25,2019,0.2235568613526183,-0.017981949020668783,0,40,0,1908,1947
2019-09-26,2019,0.5222993740324308,0.024227093062271995,0,40,0,1908,1947
2019-09-27,2019,-0.1331462267649647,-0.018624933664937362,0,40,0,1909,1948
2019-09-30,2019,0.7053861710742758,0.0599153349518565,0,40,0,1909,1948
2019-10-01,2019,-0.47394147285535543,-0.017324361672069934,0,40,0,1910,1949
2019-10-02,2019,0.058520595877373204,-0.0035020657090728924,0,40,0,1910,1949
2019-10-03,2019,0.1596764349848693,0.005921740774973528,0,40,0,1910,1949
2019-10-04,2019,0.25973049926215513,0.013472453672156045,0,40,0,1910,1949
2019-10-07,2019,0.1466628260309657,0.0060417274745310475,0,40,0,1910,1949
2019-10-08,2019,0.2596810308478125,0.012362757826030763,0,41,0,1910,1950
2019-10-09,2019,0.42645940364700397,0.006890741202015648,0,42,0,1910,1951
2019-10-10,2019,-0.11398325521784791,0.00044357886736321817,0,42,0,1910,1951
2019-10-11,2019,0.9158250450492552,0.07147735775832556,0,42,0,1910,1951
2019-10-15,2019,0.3154465330163086,0.027028190108421567,0,42,0,1910,1951
2019-10-16,2019,-0.3122771790183947,0.026035701459033785,0,42,0,1910,1951
2019-10-17,2019,-0.21011524754695454,-0.019750431045788816,0,42,0,1910,1951
2019-10-18,2019,1.2541061893333687,0.05312449733849565,0,42,0,1910,1951
2019-10-21,2019,-0.07602254751712663,0.001340380429771954,0,42,0,1910,1951
2019-10-23,2019,0.46734723814477735,0.021056955816518515,0,42,0,1910,1951
2019-10-24,2019,0.597294510420239,0.02799788383157897,0,42,0,1910,1951
2019-10-25,2019,0.07950693047147173,0.006870782404935605,0,43,0,1910,1952
2019-10-28,2019,-0.5315693057380623,-0.05287252538521755,0,44,0,1910,1953
2019-10-29,2019,0.34938837427316144,0.0422155201872979,0,44,0,1910,1953
2019-10-30,2019,-0.8160367965230585,-0.0002126605327093131,0,45,0,1910,1954
2019-10-31,2019,0.02362732974552273,-0.010182797937445058,0,45,0,1910,1954
2019-11-01,2019,0.6442231407621832,-2.905366749131251e-06,0,46,0,1910,1955
2019-11-05,2019,-0.6171967397031454,-0.027916598306925056,0,46,0,1910,1955
2019-11-06,2019,0.2941972036338377,0.04757374963466439,0,46,0,1910,1955
2019-11-07,2019,0.6468952795846418,0.03791893425074025,0,46,0,1910,1955
2019-11-08,2019,0.6033562442211363,-0.0017679739630069653,0,46,0,1910,1955
2019-11-11,2019,0.2923220880903002,0.0012545528985319768,0,46,0,1910,1955
2019-11-12,2019,-1.116243019773661,-0.054479970566715184,0,46,0,1910,1955
2019-11-13,2019,-0.5722110173433125,-0.020390201092354298,0,46,0,1910,1955
2019-11-14,2019,-0.8433127252897582,-0.013749572761158886,0,46,0,1910,1955
2019-11-15,2019,-0.29484258524156937,-0.040071753148420174,0,46,0,1910,1955
2019-11-18,2019,0.21192868545780028,0.005946959459445557,0,46,0,1910,1955
2019-11-19,2019,-0.35782393824214204,-0.016392312593899738,0,46,0,1910,1955
2019-11-20,2019,-0.9452580273455046,-0.024919268253086452,0,46,0,1910,1955
2019-11-21,2019,0.3166396440109465,0.031378311080874965,0,46,0,1910,1955
2019-11-22,2019,0.7752614040086511,0.03799220966031605,0,46,0,1910,1955
2019-11-25,2019,-0.17138498699476093,0.03137276704790622,0,46,0,1910,1955
2019-11-26,2019,0.46356679993617417,-0.021253173711667774,0,46,0,1910,1955
2019-11-27,2019,-0.5124190987402166,0.0027471134394671886,0,46,0,1910,1955
2019-11-28,2019,0.7130829006556697,0.044958313468142226,0,46,0,1910,1955
2019-11-29,2019,-0.0515495978473958,-0.030915234618938043,0,46,0,1910,1955
2019-12-02,2019,-0.08458642362556562,-0.033372275521020824,0,46,0,1910,1955
2019-12-03,2019,0.3987292189092872,0.0033489041574444275,0,46,0,1910,1955
2019-12-04,2019,-0.4901035130215532,-0.036270824812452765,0,46,0,1910,1955
2019-12-05,2019,0.5576873277959574,0.03197788065000641,0,46,0,1910,1955
2019-12-06,2019,0.48085349069939376,-0.011168331590293751,0,46,0,1910,1955
2019-12-09,2019,-0.0770811105112097,-0.006154198819125719,0,46,0,1910,1955
2019-12-10,2019,-0.470991347541311,-0.004199455591693359,0,47,0,1910,1956
2019-12-11,2019,-0.6448286440194989,-0.028331226364841217,0,48,0,1910,1957
2019-12-12,2019,-0.07758842942242024,-0.012970781029756283,0,49,0,1910,1958
2019-12-13,2019,0.30643596942761125,-0.011226799129330776,0,49,0,1910,1958
2019-12-16,2019,-0.49227860733408635,-0.03166513658543157,0,51,0,1910,1960
2019-12-17,2019,0.3789665328884384,-0.008723841085412857,0,53,0,1910,1962
2019-12-18,2019,0.13571016971906888,0.0026493475017972455,0,55,0,1910,1964
2019-12-19,2019,0.05157837267383888,-0.01304758890231094,0,56,0,1910,1965
2019-12-20,2019,0.5909536073865365,0.05870251608127821,0,56,0,1910,1965
2019-12-23,2019,-0.26154060395140366,0.021246300591554926,0,56,0,1910,1965
2019-12-24,2019,-0.24220190551259466,-0.0015926598544563398,0,56,0,1910,1965
2019-12-25,2019,-0.10181616762186607,-0.006946635909527963,0,57,0,1910,1966
2019-12-26,2019,-0.9469826242112777,-0.06225489549473291,0,57,0,1910,1966
2019-12-27,2019,-1.2686775133356225,-0.08397704313300935,0,57,0,1910,1966
2019-12-30,2020,0.34052741183123975,0.045883243898241464,0,24,0,1943,1966
2020-01-06,2020,0.900517743630188,0.050346433064194264,0,24,0,1943,1966
2020-01-07,2020,-0.33370218865471024,-0.04135949149570999,0,24,0,1943,1966
2020-01-08,2020,0.21733178689874333,0.014257856264232274,0,24,0,1943,1966
2020-01-09,2020,-0.6332435190369413,-0.05026360131262421,0,24,0,1943,1966
2020-01-10,2020,0.4024449214980075,0.0008691360204368556,0,24,0,1943,1966
2020-01-14,2020,0.06859336954048138,-0.054403908755304486,0,24,0,1943,1966
2020-01-15,2020,0.6060762336053863,0.02060468085617256,0,24,0,1943,1966
2020-01-16,2020,0.0012310036344276298,0.012135232230726259,0,24,0,1943,1966
2020-01-17,2020,0.4784967714755093,0.06292349972034025,0,24,0,1943,1966
2020-01-20,2020,0.520807199618737,-0.0014534027481104823,0,24,0,1943,1966
2020-01-21,2020,-0.4625611516417993,-0.032915967988367933,0,24,0,1943,1966
2020-01-22,2020,-0.32684575145001676,-0.03713623280473087,0,24,0,1943,1966
2020-01-23,2020,-0.7575498141902527,-0.03612624068972448,0,24,0,1943,1966
2020-01-24,2020,0.17347629061629144,0.03970477346680642,0,24,0,1943,1966
2020-01-27,2020,0.014066692769955017,-0.015151675081969762,0,24,0,1943,1966
2020-01-28,2020,0.7253463244854389,0.07586459802111326,0,24,0,1943,1966
2020-01-29,2020,0.3152501655152345,-0.009965477546426326,0,24,0,1943,1966
2020-01-30,2020,0.18264431058677033,0.022366916318612075,0,24,0,1943,1966
2020-01-31,2020,0.4478714123204585,0.040137751079738625,0,24,0,1943,1966
2020-02-03,2020,0.034913287430982244,0.005794274443257857,0,24,0,1943,1966
2020-02-04,2020,0.14908358218551973,0.026228695149985028,0,24,0,1943,1966
2020-02-05,2020,-0.35918513750306696,-0.006086151743441989,0,24,0,1943,1966
2020-02-06,2020,0.8536694293986079,0.039326023217087024,0,24,0,1943,1966
2020-02-07,2020,0.2076431644435354,0.007006182593252399,0,25,0,1943,1967
2020-02-10,2020,-0.23157076395771878,-0.02551937879428799,0,25,0,1943,1967
2020-02-12,2020,1.3220786793212238,0.05001685577827989,0,25,0,1943,1967
2020-02-13,2020,1.5231035875366805,0.02659267364880757,0,25,0,1943,1967
2020-02-14,2020,0.3057953705018986,0.001493692887596379,0,25,0,1943,1967
2020-02-17,2020,-0.21934792319404237,0.045381085385256946,0,25,0,1943,1967
2020-02-18,2020,0.4593614660745026,-0.007835634893777437,0,25,0,1943,1967
2020-02-19,2020,-0.07749577213028425,-0.015594425143831662,0,25,0,1943,1967
2020-02-20,2020,-0.5910233779369953,-0.023282226352011662,0,25,0,1943,1967
2020-02-21,2020,0.17994495192715684,0.008910216608535755,0,25,0,1943,1967
2020-02-25,2020,0.5961719041134543,0.02389350554165234,0,25,0,1943,1967
2020-02-26,2020,0.2504621336088775,0.008159637657044949,0,25,0,1943,1967
2020-02-27,2020,-1.599245990087212,0.04226681768427768,0,25,0,1943,1967
2020-02-28,2020,0.13962818397598298,-0.00459540458414507,0,25,0,1943,1967
2020-03-02,2020,-0.4300107947515959,-0.059102358276233016,0,26,0,1943,1968
2020-03-03,2020,0.3843736236840769,0.02817593604070314,0,26,0,1943,1968
2020-03-04,2020,0.5295064901188553,0.06025537871466552,0,26,0,1943,1968
2020-03-05,2020,1.3828916582368838,0.03995077846418387,0,26,0,1943,1968
2020-03-06,2020,-1.1054978291063648,-0.02270455965656721,0,26,0,1943,1968
2020-03-09,2020,0.20732405604317586,-0.005742530928387111,0,27,0,1943,1969
2020-03-10,2020,0.719946798508906,0.05712084416769951,0,28,0,1943,1970
2020-03-11,2020,0.6049334476462936,-0.001206153228745134,0,28,0,1943,1970
2020-03-12,2020,0.41857992707440395,0.012368894245155512,0,28,0,1943,1970
2020-03-13,2020,1.4005251695390974,0.023667829839170255,0,29,0,1943,1971
2020-03-16,2020,1.9685970786590261,0.05858790289354491,0,29,0,1943,1971
2020-03-17,2020,-1.6494884608454115,-0.013180254415134113,0,29,0,1943,1971
2020-03-18,2020,4.458210003146113,0.08888036877171189,0,29,0,1943,1971
2020-03-19,2020,3.8299648686556984,0.07723489512665051,0,29,0,1943,1971
2020-03-23,2020,0.7216988832337942,0.000514405814482465,0,29,0,1943,1971
2020-03-24,2020,-1.394377494769382,-0.01503780459048812,0,29,0,1943,1971
2020-03-25,2020,1.5034472936732601,0.008426397261299191,0,29,0,1943,1971
2020-03-26,2020,-0.8849833835016708,-0.03577741338004832,0,30,0,1943,1972
2020-03-27,2020,1.637081957792054,0.024292278507920373,0,30,0,1943,1972
2020-03-30,2020,-0.567096876623849,-0.007595594543451082,0,31,0,1943,1973
2020-03-31,2020,0.47479052328635757,-0.0032247635735744413,0,32,0,1943,1974
2020-04-01,2020,-0.007146518137489011,-0.009889152043939147,0,32,0,1943,1974
2020-04-02,2020,-0.8130421164488778,-0.043570502446988756,0,32,0,1943,1974
2020-04-03,2020,0.6714879029241688,0.03745352447003872,0,32,0,1943,1974
2020-04-06,2020,0.6862024049465448,0.04022167787752988,0,32,0,1943,1974
2020-04-07,2020,0.40293159741234036,0.07555125710391127,0,32,0,1943,1974
2020-04-08,2020,0.7339506243428183,0.030969367171597963,0,32,0,1943,1974
2020-04-09,2020,0.4678332845244692,-0.009692560699347897,0,32,0,1943,1974
2020-04-10,2020,0.08630121700923965,0.06769598048078547,0,32,0,1943,1974
2020-04-13,2020,0.42235639636084404,0.022007674302076622,0,32,0,1943,1974
2020-04-14,2020,-0.29293042576470896,-0.005305344457286546,0,32,0,1943,1974
2020-04-15,2020,0.6138084554442492,-0.00027608312579942664,0,32,0,1943,1974
2020-04-16,2020,-0.049965868559920544,0.007169780523228227,0,32,0,1943,1974
2020-04-17,2020,-0.18542668769237558,-0.030074132984375123,0,32,0,1943,1974
2020-04-20,2020,-0.02698916958344751,-0.019928398884052356,0,32,0,1943,1974
2020-04-21,2020,0.5963701856973973,0.07756634705235065,0,32,0,1943,1974
2020-04-22,2020,-0.6717927891361696,-0.0032016725957608933,0,32,0,1943,1974
2020-04-23,2020,1.6800390528659424,0.08173409497780597,0,32,0,1943,1974
2020-04-24,2020,-0.6629043410967027,-0.014526752617120092,0,32,0,1943,1974
2020-04-27,2020,0.6592486052778449,0.006428803900391392,0,32,0,1943,1974
2020-04-28,2020,-0.44363683960203854,-0.08964350141974596,0,32,0,1943,1974
2020-04-30,2020,0.5461899359354864,0.006169641810978183,0,32,0,1943,1974
2020-05-01,2020,1.2418651609337534,0.07348551136932219,0,32,0,1943,1974
2020-05-07,2020,1.238972591971912,0.034386601250374564,0,32,0,1943,1974
2020-05-08,2020,0.9550649327204336,0.050060620136439686,0,32,0,1943,1974
2020-05-11,2020,0.5694465558998857,-0.007066063725506052,0,32,0,1943,1974
2020-05-12,2020,-0.2573702760006166,-0.03201759920615226,0,32,0,1943,1974
2020-05-13,2020,-1.6342590841221682,-0.020935070880672903,0,32,0,1943,1974
2020-05-14,2020,-1.6862630191063852,0.014591720992403317,0,32,0,1943,1974
2020-05-15,2020,0.5121727703190349,-0.0005611755101663023,0,32,0,1943,1974
2020-05-18,2020,0.13895783830188968,0.05088305716371635,0,32,0,1943,1974
2020-05-19,2020,-0.3039038835960528,-0.0036333662393692886,0,32,0,1943,1974
2020-05-20,2020,-1.1662351189878541,-0.05408726729374449,0,32,0,1943,1974
2020-05-21,2020,0.4383104040790897,0.016762588847157315,0,32,0,1943,1974
2020-05-22,2020,1.288366125493787,0.05000817439738685,0,32,0,1943,1974
2020-05-25,2020,-0.8491619939884032,-0.004219260177948459,0,32,0,1943,1974
2020-05-26,2020,1.1108848982378954,0.03225298373693213,0,32,0,1943,1974
2020-05-27,2020,-0.9523627968651156,0.0034247435787478245,0,32,0,1943,1974
2020-05-28,2020,-0.28833232081059795,0.03258688907220373,0,32,0,1943,1974
2020-05-29,2020,-0.020222403737848893,0.04060408932839391,0,32,0,1943,1974
2020-06-01,2020,0.3442941990473749,0.016635539661882352,0,32,0,1943,1974
2020-06-02,2020,0.20484745225068765,0.006992502459284426,0,32,0,1943,1974
2020-06-03,2020,0.8284046463850631,0.02314609001314569,0,32,0,1943,1974
2020-06-04,2020,2.0748639708438175,0.08327555434475796,0,32,0,1943,1974
2020-06-05,2020,0.04229944388945539,0.03791262431970121,0,32,0,1943,1974
2020-06-08,2020,-0.044362781192836064,0.008893981975383384,0,32,0,1943,1974
2020-06-09,2020,-1.852528971307213,-0.08531490705247466,0,32,0,1943,1974
2020-06-10,2020,-0.1667203315739124,-0.049111898983546697,0,32,0,1943,1974
2020-06-11,2020,-0.5164694187331401,-0.03268059402592624,0,32,0,1943,1974
2020-06-12,2020,0.2843309018322439,-0.014846432798170101,0,32,0,1943,1974
2020-06-15,2020,-0.8826941517796135,-0.07409794127077617,0,32,0,1943,1974
2020-06-16,2020,-0.5625249157177766,-0.047417238801609696,0,32,0,1943,1974
2020-06-17,2020,-1.5418395482475997,-0.0435766838304565,0,32,0,1943,1974
2020-06-18,2020,-0.1538744406024031,-0.042164538986394294,0,32,0,1943,1974
2020-06-19,2020,0.39914553144371173,0.04395608798388944,0,32,0,1943,1974
2020-06-22,2020,-0.10342776671985583,-0.03691043071277731,0,32,0,1943,1974
2020-06-23,2020,-1.360059036273058,-0.046456217941284635,0,32,0,1943,1974
2020-06-24,2020,0.6342868819834818,0.025534582913790117,0,32,0,1943,1974
2020-06-25,2020,0.1452638364549846,-0.009878133804199444,0,32,0,1943,1974
2020-06-26,2020,0.421115233100926,-0.005645796767674465,0,32,0,1943,1974
2020-06-29,2020,-0.2522229229637822,0.002802793386281628,0,32,0,1943,1974
2020-06-30,2020,-0.060125730203979565,0.009266926989480964,0,33,0,1943,1975
2020-07-01,2020,-1.1996439079094,-0.04833847244578084,0,33,0,1943,1975
2020-07-02,2020,-0.941611619533548,-0.007850048119677612,0,33,0,1943,1975
2020-07-03,2020,-1.5938950832876992,-0.06012983006359043,0,33,0,1943,1975
2020-07-06,2020,0.05110207551150955,0.029340135352542335,0,33,0,1943,1975
2020-07-07,2020,-0.8126221601132309,0.0034776683136967267,0,33,0,1943,1975
2020-07-08,2020,-0.18145803717777298,0.0008021221452711999,0,33,0,1943,1975
2020-07-09,2020,1.275187198187486,0.05990238846654961,0,33,0,1943,1975
2020-07-10,2020,0.7313381500378836,0.03808166910698627,0,34,0,1943,1976
2020-07-13,2020,0.002510552496649036,0.005070089309428045,0,34,0,1943,1976
2020-07-14,2020,-0.0006831913478673179,0.020663549306058307,0,34,0,1943,1976
2020-07-15,2020,-0.5900158102608647,-0.03641232055074086,0,36,0,1943,1978
2020-07-16,2020,-0.419903188127011,-0.010902432961606449,0,36,0,1943,1978
2020-07-17,2020,0.4933868672821656,-0.010131447581317276,0,36,0,1943,1978
2020-07-20,2020,0.3396199675342381,0.03481373605318092,0,36,0,1943,1978
2020-07-21,2020,-0.6765969992860911,-0.04350573217138751,0,36,0,1943,1978
2020-07-22,2020,-0.3440459641648908,-0.038559120283973715,0,36,0,1943,1978
2020-07-27,2020,-0.15748932699239818,-0.019907543680128332,0,36,0,1943,1978
2020-07-28,2020,-1.4977706835638696,-0.043364938840566976,0,36,0,1943,1978
2020-07-29,2020,-0.5143966908533315,-0.03625907475543294,0,36,0,1943,1978
2020-07-30,2020,-0.5823737867833927,-0.025237930543516675,0,36,0,1943,1978
2020-07-31,2020,0.15024186729379707,0.01843354026776962,0,38,0,1943,1980
2020-08-03,2020,-1.031467152098628,-0.031212086748228406,0,39,0,1943,1981
2020-08-04,2020,0.9746187655994322,0.03862418760115121,0,39,0,1943,1981
2020-08-05,2020,0.8546046157798236,0.06513592575175874,0,39,0,1943,1981
2020-08-06,2020,2.703198799404632,0.054538481184737385,0,39,0,1943,1981
2020-08-07,2020,0.518504520734372,0.02567685791833591,0,39,0,1943,1981
2020-08-11,2020,0.13323649662792114,0.028660542819306783,0,39,0,1943,1981
2020-08-12,2020,0.21748383315926625,-0.004372993614917235,0,39,0,1943,1981
2020-08-13,2020,-0.4374157785196762,-0.020864523006210955,0,39,0,1943,1981
2020-08-14,2020,-1.5599059287949348,-0.04934174160446581,0,39,0,1943,1981
2020-08-17,2020,-0.47066902769298763,-0.020604332957564333,0,39,0,1943,1981
2020-08-18,2020,-0.6913089419831175,-0.021749285120313884,0,39,0,1943,1981
2020-08-19,2020,-0.3614266265135126,-0.009168827724538425,0,39,0,1943,1981
2020-08-20,2020,0.2582555046748041,0.005533515133079158,0,40,0,1943,1982
2020-08-21,2020,0.2571171832373323,-0.02030591242284397,0,40,0,1943,1982
2020-08-24,2020,0.16184410744786973,0.021055919030379816,0,40,0,1943,1982
2020-08-25,2020,0.340173855477605,0.023106683149401747,0,40,0,1943,1982
2020-08-26,2020,0.028664121597823684,0.0076919959042414275,0,40,0,1943,1982
2020-08-27,2020,-0.6091574850445234,-0.027347567858738743,0,40,0,1943,1982
2020-08-28,2020,-1.2556409828867405,0.017608297210277853,0,40,0,1943,1982
2020-08-31,2020,-0.7830637975930609,-0.03230888119833778,0,40,0,1943,1982
2020-09-01,2020,0.3019395632433533,0.022323523307991186,0,40,0,1943,1982
2020-09-02,2020,0.14208542870255977,0.029323007163852388,0,40,0,1943,1982
2020-09-03,2020,0.7799592231431021,-0.039891652971703016,0,40,0,1943,1982
2020-09-04,2020,0.6394110116444033,-0.03298582023108888,0,40,0,1943,1982
2020-09-07,2020,0.288411039910437,0.0013101270269238127,0,40,0,1943,1982
2020-09-08,2020,0.9807283970762027,0.033191158286219866,0,40,0,1943,1982
2020-09-09,2020,-0.08083940315459603,-0.006190597932476503,0,40,0,1943,1982
2020-09-10,2020,0.15282624846295967,0.011914742456616247,0,40,0,1943,1982
2020-09-11,2020,0.11399976760425419,0.005359997389168478,0,40,0,1943,1982
2020-09-14,2020,-0.2049658738292761,-0.00931287471569315,0,40,0,1943,1982
2020-09-15,2020,-0.06588983888535578,-0.029561262253909693,0,40,0,1943,1982
2020-09-16,2020,0.10009428580365694,-0.005344168214585782,0,40,0,1943,1982
2020-09-17,2020,-0.3167026774517691,-0.027611312451629927,0,41,0,1943,1983
2020-09-18,2020,-0.25528959896324227,-0.05032890116861587,0,41,0,1943,1983
2020-09-23,2020,-0.4639797606339986,-0.04100527670110589,0,41,0,1943,1983
2020-09-24,2020,0.16348792069944137,0.014504616629904868,0,42,0,1943,1984
2020-09-25,2020,-0.3232469308414361,0.001544299215194383,0,44,0,1943,1986
2020-09-28,2020,-0.5674016869349293,0.02824515721535038,0,44,0,1943,1986
2020-09-29,2020,0.0,,0,44,0,1943,1986
2020-09-30,2020,-0.2986317495803519,-0.008408052881041388,0,44,0,1943,1986
2020-10-02,2020,0.4799912128343809,0.025488120853324858,0,47,0,1943,1989
2020-10-05,2020,0.3596533091211407,-0.009909580662690001,0,48,0,1943,1990
2020-10-06,2020,0.2770505757131447,0.02912810172178088,0,48,0,1943,1990
2020-10-07,2020,-0.8851308921416283,-0.01636175144083513,0,48,0,1943,1990
2020-10-08,2020,-0.7533236142035565,0.001056047364862438,0,48,0,1943,1990
2020-10-09,2020,-0.3361374360104435,-0.035976892004786064,0,48,0,1943,1990
2020-10-12,2020,-0.3978827372668517,-0.04858192380211963,0,48,0,1943,1990
2020-10-13,2020,-0.5788433014721823,-0.03956004141137156,0,48,0,1943,1990
2020-10-14,2020,0.5165186904422546,0.025574639757928633,0,48,0,1943,1990
2020-10-15,2020,-0.11154564613668565,-0.003077276901719383,0,48,0,1942,1989
2020-10-16,2020,-0.22210643999542143,0.00878342614053499,0,48,0,1942,1989
2020-10-19,2020,0.3077657413760478,-0.004391181092331498,0,48,0,1942,1989
2020-10-20,2020,0.141814565990065,0.0321724745103069,0,48,0,1942,1989
2020-10-21,2020,-0.5871630962290345,-0.00941735290757883,0,48,0,1942,1989
2020-10-22,2020,0.9250538039292678,0.034296856569102835,0,48,0,1942,1989
2020-10-23,2020,0.11123178295487064,0.030844365589992796,0,48,0,1942,1989
2020-10-26,2020,0.9891371214737289,0.03260909843622083,0,48,0,1942,1989
2020-10-27,2020,0.206364764442288,0.032390945439379586,0,48,0,1942,1989
2020-10-28,2020,-0.02378975326935162,0.00758505738434406,0,49,0,1942,1990
2020-10-29,2020,0.2546634134185597,0.02383210841825376,0,49,0,1943,1991
2020-10-30,2020,-0.9759943690027093,-0.011808038499090614,0,49,0,1943,1991
2020-11-02,2020,0.10740041614282791,0.0110044297620696,0,49,0,1943,1991
2020-11-04,2020,0.4287998984376536,9.668346659362731e-05,0,49,0,1943,1991
2020-11-05,2020,-0.4082122020110228,0.010014285479430533,0,49,0,1943,1991
2020-11-06,2020,2.335963441953479,0.0514055421727881,0,49,0,1943,1991
2020-11-09,2020,-0.0880604909229105,-0.015863223516559423,0,49,0,1943,1991
2020-11-10,2020,0.06732936569699872,0.008800520756304416,0,49,0,1943,1991
2020-11-11,2020,0.6492909027746269,0.03877768911045058,0,49,0,1943,1991
2020-11-12,2020,-1.0188708070389538,-0.016046408070973083,0,49,0,1943,1991
2020-11-13,2020,-0.014887707089375665,0.005248655218118889,0,49,0,1943,1991
2020-11-16,2020,0.3990362500181837,0.033479162175930416,0,49,0,1943,1991
2020-11-17,2020,0.1697208081380394,0.027871201550858225,0,49,0,1943,1991
2020-11-18,2020,0.3187637406369032,0.006364497201845995,0,49,0,1943,1991
2020-11-19,2020,-0.11133020299116403,-0.032017515729451926,0,49,0,1943,1991
2020-11-20,2020,-0.573741481436478,-0.050956059325777785,0,49,0,1943,1991
2020-11-24,2020,-0.5333985595514917,-0.0053708814386875196,0,49,0,1943,1991
2020-11-25,2020,-0.38658973627990684,0.015270011690278803,0,49,0,1943,1991
2020-11-26,2020,-2.4931024372693273,-0.09530075114647488,0,49,0,1943,1991
2020-11-27,2020,-1.9489534649877618,-0.02374169383203595,0,49,0,1943,1991
2020-11-30,2020,0.5500502892315119,0.010808813716172818,0,49,0,1943,1991
2020-12-01,2020,-0.0737659793256525,-0.005734941402562237,0,49,0,1943,1991
2020-12-02,2020,-0.2661423842698842,-0.02606134431266541,0,49,0,1943,1991
2020-12-03,2020,0.7459880500930733,0.026066633754190507,0,49,0,1943,1991
2020-12-04,2020,-0.7735690441145762,-0.00853249958623674,0,49,0,1943,1991
2020-12-07,2020,-0.02185532147945694,-0.00582336635529284,0,49,0,1943,1991
2020-12-08,2020,0.037064151657333046,0.024829746260485498,0,49,0,1943,1991
2020-12-09,2020,-0.4748578748676359,-0.00975925383839965,0,49,0,1943,1991
2020-12-10,2020,0.0014115222532122829,-0.002066725929818349,0,49,0,1943,1991
2020-12-11,2020,-0.6598729864574655,-0.009502464230296387,0,49,0,1943,1991
2020-12-14,2020,-0.15223312991240537,-0.020161275546263655,0,49,0,1943,1991
2020-12-15,2020,0.5269714014356087,-0.009031339525560681,0,49,0,1942,1990
2020-12-16,2020,0.3827184724602275,0.04288797298131628,0,52,0,1942,1993
2020-12-17,2020,-0.7004283740055093,-0.026934540745946936,0,53,0,1942,1994
2020-12-18,2020,0.06810966502506233,-0.013832755816104022,0,54,0,1942,1995
2020-12-21,2020,-0.28644357311231694,-0.020181709481384372,0,55,0,1942,1996
2020-12-22,2020,-0.6361944287601036,-0.044619706327996854,0,57,0,1942,1998
2020-12-23,2020,0.29488424787668643,0.0036141248027420445,0,58,0,1942,1999
2020-12-24,2020,-0.44901072856572627,-0.044790895326433024,0,58,0,1942,1999
2020-12-25,2020,0.2717569282645946,0.0013168994558463622,0,58,0,1942,1999
2020-12-28,2020,0.37856044180560616,0.02249380923305246,0,58,0,1942,1999
2020-12-29,2020,0.4778112618435902,-0.033797991344366056,0,58,0,1942,1999
2020-12-30,2021,-0.42540065549427997,0.003928148739796474,0,26,0,1974,1999
2021-01-04,2021,0.19830366961099286,0.026592177983144866,0,26,0,1974,1999
2021-01-05,2021,-0.2335197344654958,-0.004198638760536845,0,26,0,1974,1999
2021-01-06,2021,0.23231592090478012,0.02198239047540983,0,26,0,1974,1999
2021-01-07,2021,0.4239569496379116,0.029958313444095667,0,26,0,1974,1999
2021-01-08,2021,1.101959782479739,0.06636320798633163,0,26,0,1974,1999
2021-01-12,2021,-0.8152025409161152,-0.023933285884446178,0,26,0,1974,1999
2021-01-13,2021,0.19879954719284795,0.019700676728185207,0,26,0,1974,1999
2021-01-14,2021,-0.42159720153183394,-0.026646735278552488,0,26,0,1974,1999
2021-01-15,2021,0.7613132173056788,0.006859518229886504,0,26,0,1974,1999
2021-01-18,2021,-0.01873679675845974,-0.034189955829562683,0,26,0,1974,1999
2021-01-19,2021,0.4740579695772215,0.054513100904897575,0,26,0,1974,1999
2021-01-20,2021,-0.6159716714147946,-0.0068921206322708605,0,26,0,1974,1999
2021-01-21,2021,-1.9953168715929808,-0.038049084029204004,0,26,0,1974,1999
2021-01-22,2021,-0.07929445451119281,0.012916073629931092,0,26,0,1974,1999
2021-01-25,2021,0.1884455653959587,-0.029725969523447363,0,26,0,1974,1999
2021-01-26,2021,-0.18815053228161446,0.03893963402406918,0,26,0,1974,1999
2021-01-27,2021,0.7086050533696499,0.011605690718437358,0,26,0,1974,1999
2021-01-28,2021,-0.3442000349831848,0.003729652858889788,0,26,0,1974,1999
2021-01-29,2021,-0.46439978276461896,0.003386304985995133,0,26,0,1974,1999
2021-02-01,2021,0.523676933978846,0.0396507211012892,0,26,0,1974,1999
2021-02-02,2021,0.28770533923478886,0.005541806350645483,0,26,0,1974,1999
2021-02-03,2021,-0.08247164405352869,0.005595503498590022,0,26,0,1974,1999
2021-02-04,2021,0.5372352073210038,0.05685247071668224,0,26,0,1974,1999
2021-02-05,2021,0.16950103695945384,0.012933871275200808,0,26,0,1974,1999
2021-02-08,2021,0.5330063494235883,0.004460971102170671,0,26,0,1974,1999
2021-02-09,2021,0.4621278707008094,0.007879381223722566,0,26,0,1974,1999
2021-02-10,2021,-0.4436621302559389,-0.014511839224487847,0,26,0,1974,1999
2021-02-12,2021,0.4875435551561404,0.022839891439909065,0,26,0,1974,1999
2021-02-15,2021,0.14044286603279335,0.017726883914422568,0,26,0,1974,1999
2021-02-16,2021,0.08527596984681966,0.023781828723542623,0,26,0,1974,1999
2021-02-17,2021,0.26231514965379105,0.029350615397718317,0,26,0,1975,2000
2021-02-18,2021,-0.01510651515404741,0.0011111640349465589,0,26,0,1975,2000
2021-02-19,2021,-0.5972493385127452,-0.015693114662300285,0,26,0,1975,2000
2021-02-22,2021,0.8270977806686535,0.0224793099742637,0,26,0,1975,2000
2021-02-24,2021,-0.1452165748833091,-0.011749143245788149,0,26,0,1975,2000
2021-02-25,2021,1.182439470136149,0.025544754784149665,0,26,0,1975,2000
2021-02-26,2021,0.4499154388650353,-0.01628536339249669,0,26,0,1975,2000
2021-03-01,2021,-0.4980895233988523,-0.035475081079582624,0,26,0,1975,2000
2021-03-02,2021,0.5731973376322389,-0.001914712105154941,0,26,0,1975,2000
2021-03-03,2021,-0.7229162355466614,-0.04290101159826179,0,26,0,1975,2000
2021-03-04,2021,0.48574370340021183,0.012061742626822454,0,26,0,1975,2000
2021-03-05,2021,0.32174745855584713,0.024592605811748568,0,26,0,1975,2000
2021-03-08,2021,-0.322916431610097,0.038911178784802686,0,26,0,1975,2000
2021-03-09,2021,0.8573862757110419,0.05954731539276207,0,26,0,1975,2000
2021-03-10,2021,0.5987358414272586,0.06511894947280206,0,26,0,1975,2000
2021-03-11,2021,0.20485424304363065,0.002133875422205062,0,26,0,1975,2000
2021-03-12,2021,0.13467562435933988,-0.009973135276497434,0,26,0,1975,2000
2021-03-15,2021,-0.7807454575473322,-0.03641241010641621,0,26,0,1975,2000
2021-03-16,2021,1.4441860429339968,0.07675557328206756,0,26,0,1975,2000
2021-03-17,2021,-0.014517558165143996,0.017219478685179142,0,26,0,1975,2000
2021-03-18,2021,-0.9882269496412602,-0.0362240412346883,0,26,0,1975,2000
2021-03-19,2021,-0.5313620095812901,-0.025977762898869942,0,26,0,1975,2000
2021-03-22,2021,-0.2307168710180806,-0.036391717602515576,0,26,0,1975,2000
2021-03-23,2021,-0.4817648996065049,-0.035026685329055916,0,26,0,1975,2000
2021-03-24,2021,0.8411021082090357,0.015425218657494917,0,26,0,1975,2000
2021-03-25,2021,0.6656890239935168,0.002241043435820571,0,26,0,1975,2000
2021-03-26,2021,2.6335656692995606,0.12598949143723626,0,26,0,1975,2000
2021-03-29,2021,0.5320040399187426,0.03655724382169518,0,26,0,1975,2000
2021-03-30,2021,0.6984960205239421,0.05978747637134399,0,26,0,1975,2000
2021-03-31,2021,-0.16603269263299225,-0.0027375519398823117,0,26,0,1975,2000
2021-04-01,2021,0.3447417374385675,-0.016989400856392705,0,26,0,1975,2000
2021-04-02,2021,-0.36023003234430845,-0.012570457761107138,0,26,0,1975,2000
2021-04-05,2021,0.054049322557607006,0.00911064170020654,0,26,0,1975,2000
2021-04-06,2021,-0.046849645150439656,0.0022832136157948323,0,26,0,1975,2000
2021-04-07,2021,-0.14119147318550715,-0.006277015223455103,0,26,0,1975,2000
2021-04-08,2021,0.050060284375222995,0.029001579976718456,0,26,0,1975,2000
2021-04-09,2021,0.1306142564197795,-0.0003095000593647821,0,26,0,1975,2000
2021-04-12,2021,0.627075273105907,0.026895307542648867,0,26,0,1975,2000
2021-04-13,2021,0.6438831979309629,-0.006079274982563337,0,26,0,1975,2000
2021-04-14,2021,0.17344307619571606,-0.012113032600027517,0,26,0,1975,2000
2021-04-15,2021,-0.4584487370235188,-0.004817594120527326,0,26,0,1975,2000
2021-04-16,2021,0.3037746060791224,0.033279746588154184,0,26,0,1975,2000
2021-04-19,2021,0.04352486567228494,0.012788838972610267,0,26,0,1975,2000
2021-04-20,2021,0.2619159032622651,-0.03645118868028533,0,26,0,1975,2000
2021-04-21,2021,-0.06992178947258114,0.023475021537735945,0,26,0,1975,2000
2021-04-22,2021,-0.2447294007139799,0.0033481606075053587,0,26,0,1975,2000
2021-04-23,2021,-0.7081523794255132,-0.026436246588383425,0,26,0,1975,2000
2021-04-26,2021,-0.46702318093255,0.00025407384299448504,0,26,0,1975,2000
2021-04-27,2021,0.013935730810470762,0.01462920377870809,0,26,0,1975,2000
2021-04-28,2021,0.005165338230621745,-0.023336983187740554,0,26,0,1974,1999
2021-04-30,2021,-0.2695458584911295,0.003733803270474243,0,26,0,1974,1999
2021-05-06,2021,0.09518879775934568,0.022507994887661285,0,26,0,1974,1999
2021-05-07,2021,-0.9107631819908916,-0.0811295267299994,0,26,0,1974,1999
2021-05-10,2021,-0.824815723253756,-0.028891528064634804,0,26,0,1974,1999
2021-05-11,2021,-0.6124958673520547,-0.0470360232153032,0,26,0,1974,1999
2021-05-12,2021,-1.0482745735423666,0.01183202841941979,0,26,0,1974,1999
2021-05-13,2021,-0.42994869978929895,-0.011396471459943942,0,26,0,1974,1999
2021-05-14,2021,0.18029055070415545,-0.00023412599908170112,0,26,0,1974,1999
2021-05-17,2021,-0.46087039094698173,-0.04478568579736437,0,26,0,1974,1999
2021-05-18,2021,0.8596508154827022,0.024294798574915392,0,26,0,1974,1999
2021-05-19,2021,-0.5547441242569929,0.02130132024798536,0,26,0,1974,1999
2021-05-20,2021,0.6957535859028585,0.01651639400671612,0,26,0,1974,1999
2021-05-21,2021,-0.7623317846416299,-0.041313009114220874,0,26,0,1974,1999
2021-05-24,2021,0.3806919488206242,-0.019597023625618312,0,26,0,1974,1999
2021-05-25,2021,-0.14446050835893143,0.0021839959457312453,0,26,0,1974,1999
2021-05-26,2021,0.09947433844319302,0.01098216920926773,0,26,0,1974,1999
2021-05-27,2021,0.06430575552667772,-0.005843864044182741,0,26,0,1974,1999
2021-05-28,2021,-0.4274528638207707,-0.008038153998790614,0,26,0,1974,1999
2021-05-31,2021,0.6923420751590398,0.001717893854156294,0,26,0,1974,1999
2021-06-01,2021,-0.07980687119621106,-0.0015176054985785983,0,26,0,1974,1999
2021-06-02,2021,-0.4576572675190809,-0.013919312448295756,0,26,0,1974,1999
2021-06-03,2021,0.3258833976681177,-0.005365847796852869,0,26,0,1974,1999
2021-06-04,2021,-0.15118642276340286,-0.018374574987316324,0,26,0,1973,1999
2021-06-07,2021,-0.1933923905662859,0.017323343924081646,0,26,0,1973,1999
2021-06-08,2021,-0.015603588269376781,-0.008598966172650834,0,26,0,1973,1999
2021-06-09,2021,-0.6414305861874406,0.017190282637268448,0,26,0,1974,1999
2021-06-10,2021,0.6126921627973928,0.009414199777135836,0,26,0,1974,1999
2021-06-11,2021,0.05755209763496216,0.015266542175222915,0,26,0,1974,1999
2021-06-14,2021,0.48181300575505887,0.016427854927056697,0,26,0,1974,1999
2021-06-15,2021,0.21810409789278618,0.009080389634030099,0,26,0,1974,1999
2021-06-16,2021,-1.2022239603387732,-0.07875212098520064,0,26,0,1974,1999
2021-06-17,2021,0.7199808984161665,0.03558983077734205,0,26,0,1974,1999
2021-06-18,2021,0.5227159851725816,0.012715567802499125,0,26,0,1974,1999
2021-06-21,2021,-0.6291004624518114,0.0015586466126585818,0,26,0,1974,1999
2021-06-22,2021,-0.1783593172607071,-0.00778350479613495,0,26,0,1974,1999
2021-06-23,2021,0.48442493972917156,-0.0032425878224296746,0,26,0,1974,1999
2021-06-24,2021,-0.07320485873475313,-0.016043409299236932,0,26,0,1974,1999
2021-06-25,2021,-0.6203620318010455,-0.03216752133095162,0,26,0,1974,1999
2021-06-28,2021,-0.44207536351357235,-0.03171493881569353,0,26,0,1974,1999
2021-06-29,2021,-0.08371989168068932,-0.017548648681273076,0,26,0,1974,1999
2021-06-30,2021,0.8514247746222777,0.040663359299375965,0,26,0,1974,1999
2021-07-01,2021,-0.6743821748997402,-0.05969251719392402,0,26,0,1974,1999
2021-07-02,2021,0.3903563117907773,0.02914121055478209,0,26,0,1974,1999
2021-07-05,2021,0.5916476551554052,0.051246588254721864,0,26,0,1974,1999
2021-07-06,2021,-0.253283904472382,0.00020349662223875784,0,26,0,1974,1999
2021-07-07,2021,0.2594388484832084,0.03552137642590562,0,26,0,1974,1999
2021-07-08,2021,-0.5936397096858362,-0.051794693490281256,0,26,0,1974,1999
2021-07-09,2021,0.34394375404809213,-0.00985052511959977,0,26,0,1974,1999
2021-07-12,2021,-0.2289329637930074,-0.008183178423158575,0,26,0,1974,1999
2021-07-13,2021,-0.5522282639262052,-0.007266285013101756,0,26,0,1974,1999
2021-07-14,2021,-0.35880853831041065,0.005692664917944331,0,26,0,1974,1999
2021-07-15,2021,-0.014418343888160953,-0.001094068628907628,0,26,0,1974,1999
2021-07-16,2021,0.6692852677080628,0.033184741975012345,0,26,0,1974,1999
2021-07-19,2021,0.30478836882116145,0.024695427769963318,0,26,0,1974,1999
2021-07-20,2021,-0.5963354590972777,-0.05184114190545881,0,26,0,1974,1999
2021-07-21,2021,0.7323097985427238,0.02130128883016751,0,26,0,1974,1999
2021-07-26,2021,-0.6221070524172619,-0.016490888497198725,0,26,0,1974,1999
2021-07-27,2021,0.3951533927581113,0.0337912241910966,0,26,0,1974,1999
2021-07-28,2021,-0.5006095846293851,-0.00651742282513987,0,26,0,1974,1999
2021-07-29,2021,0.41128040584196085,-0.018367852866253257,0,26,0,1974,1999
2021-07-30,2021,-0.04574561300012192,0.0009872049266970093,0,26,0,1974,1999
2021-08-02,2021,-0.0013291465860450675,-0.054614546401629244,0,26,0,1974,1999
2021-08-03,2021,0.18253510753817062,-0.006584338575525814,0,26,0,1974,1999
2021-08-04,2021,-0.09547017783476515,0.05779955394374134,0,26,0,1974,1999
2021-08-05,2021,0.33046473319235936,0.0213504247915897,0,26,0,1974,1999
2021-08-06,2021,0.48062842341637424,0.019556660739704766,0,26,0,1974,1999
2021-08-10,2021,-1.012735391966232,-0.04108006631974048,0,26,0,1974,1999
2021-08-11,2021,0.5551083797933131,0.019717539588502125,0,26,0,1974,1999
2021-08-12,2021,-0.1067982100626536,-0.008852054560013062,0,26,0,1974,1999
2021-08-13,2021,-0.03422475914515862,0.029523792071481918,0,26,0,1974,1999
2021-08-16,2021,1.0780125547795478,-0.0036672710354305974,0,26,0,1974,1999
2021-08-17,2021,1.5627721168327706,0.08617653461030028,0,26,0,1974,1999
2021-08-18,2021,1.1918158219059813,0.031573047996038835,0,26,0,1974,1999
2021-08-19,2021,0.02425623857017219,0.017686862617162843,0,26,0,1974,1999
2021-08-20,2021,-0.12538867276910123,-0.028923928863553546,0,26,0,1974,1999
2021-08-23,2021,0.43514820175742025,0.01690033781823803,0,26,0,1974,1999
2021-08-24,2021,-0.4731611775737588,-0.03774780228748488,0,26,0,1974,1999
2021-08-25,2021,-0.6336337459059044,-0.04833883776358237,0,26,0,1973,1999
2021-08-26,2021,0.6310093940185156,0.04008150877035009,0,26,0,1973,1999
2021-08-27,2021,-0.4488932518271798,-0.01886193845148173,0,26,0,1974,1999
2021-08-30,2021,-0.1758918571540904,-0.008217166431062094,0,26,0,1974,1999
2021-08-31,2021,1.0307704824021777,0.031891912405854546,0,26,0,1974,1999
2021-09-01,2021,1.169589601096474,0.0232535616585607,0,26,0,1974,1999
2021-09-02,2021,-0.6129322916735594,0.0052842704612046315,0,26,0,1974,1999
2021-09-03,2021,-0.08569928026201919,0.01033398521665779,0,26,0,1974,1999
2021-09-06,2021,-0.5677679342421849,0.004677236948512695,0,26,0,1974,1999
2021-09-07,2021,0.43849852596111444,-0.0019414233581489927,0,26,0,1974,1999
2021-09-08,2021,0.4740589300385037,0.018494277639868852,0,26,0,1974,1999
2021-09-09,2021,0.49638532228116344,0.0066271974131200196,0,26,0,1974,1999
2021-09-10,2021,-0.5938853622442535,0.01079003975200001,0,26,0,1974,1999
2021-09-13,2021,0.029005681931597433,-0.027542272211104977,0,26,0,1974,1999
2021-09-14,2021,-0.23215553137337772,-0.003187774896860305,0,26,0,1974,1999
2021-09-15,2021,0.20157528443212294,0.01466005540743208,0,26,0,1974,1999
2021-09-16,2021,0.48940361183124165,-0.012940499220922368,0,26,0,1974,1999
2021-09-17,2021,-0.23941630203176464,-0.013101302964654369,0,26,0,1974,1999
2021-09-21,2021,0.5008649517225964,0.015126897542444763,0,26,0,1974,1999
2021-09-22,2021,0.6015379655049716,0.0020186761818306986,0,26,0,1974,1999
2021-09-24,2021,-0.20653168901335217,-0.000722512963606747,0,26,0,1974,1999
2021-09-27,2021,-0.05228026037542636,-0.0009228329651828945,0,26,0,1974,1999
2021-09-28,2021,-0.06870113342263773,-0.015611678581152946,0,26,0,1974,1999
2021-09-29,2021,0.09560569286177827,-0.00902665427891588,0,26,0,1974,1999
2021-09-30,2021,-0.5401214683525284,-0.012367599450438804,0,26,0,1973,1998
2021-10-01,2021,-0.043349878435825794,0.006822491601220908,0,26,0,1973,1998
2021-10-04,2021,0.5270190293399575,0.056850817898116086,0,26,0,1973,1998
2021-10-05,2021,0.5765111211760933,-0.005022335310763585,0,26,0,1973,1998
2021-10-06,2021,0.06945900067702304,-0.007492349128286106,0,26,0,1973,1998
2021-10-07,2021,0.3129793556850264,0.010839278237658827,0,26,0,1973,1998
2021-10-08,2021,0.4861316893701885,0.021470140994625707,0,26,0,1973,1998
2021-10-11,2021,-0.771747948222345,-0.060067768081963256,0,26,0,1973,1998
2021-10-12,2021,0.21930948166962735,-0.02703267223625367,0,26,0,1973,1998
2021-10-13,2021,-0.0030005541749869025,0.007652846321796315,0,26,0,1973,1998
2021-10-14,2021,0.14656977075193747,-0.012706514557931233,0,26,0,1973,1998
2021-10-15,2021,-0.6461039643149963,-0.03077273773820601,0,26,0,1973,1998
2021-10-18,2021,-0.5566023479164215,-0.018911226625575716,0,26,0,1973,1998
2021-10-19,2021,-0.5644856384598101,-0.019464896427893473,0,26,0,1973,1998
2021-10-20,2021,-0.08811912523624355,0.027808913826067077,0,26,0,1973,1998
2021-10-21,2021,-0.4635760783021055,-0.06560500250583332,0,26,0,1973,1998
2021-10-22,2021,0.03360554554004658,-0.004841487453409212,0,26,0,1973,1998
2021-10-25,2021,-0.22064525732036447,0.00671339714288123,0,26,0,1973,1998
2021-10-26,2021,-0.19504811344284004,-0.04250730940302499,0,26,0,1973,1998
2021-10-27,2021,0.28291209267727413,0.007664951586092198,0,26,0,1973,1998
2021-10-28,2021,-0.8136713611398649,-0.029082864400134165,0,26,0,1973,1998
2021-10-29,2021,0.6723390676317136,0.00908889539032752,0,26,0,1973,1998
2021-11-01,2021,-0.18390731060657886,0.03769420295957158,0,26,0,1973,1998
2021-11-02,2021,0.3284439448947083,-0.01503516953309205,0,26,0,1972,1997
2021-11-04,2021,0.6122295665992584,0.020791652457659838,0,26,0,1972,1997
2021-11-05,2021,0.02729819928215793,0.0063854981791509795,0,26,0,1972,1997
2021-11-08,2021,1.1564402392742663,0.06257542921602356,0,26,0,1971,1996
2021-11-09,2021,-0.373132676314589,-0.04711723308513171,0,26,0,1971,1996
2021-11-10,2021,0.7915400908157757,0.04053090108735418,0,26,0,1971,1996
2021-11-11,2021,0.8390804796898169,0.022581598548255623,0,26,0,1971,1996
2021-11-12,2021,-0.5737332592474896,0.0080802544709949,0,26,0,1971,1996
2021-11-15,2021,-1.1789729746794204,-0.017792664563855035,0,26,0,1971,1996
2021-11-16,2021,0.07079446730360672,0.001142519276820604,0,26,0,1971,1996
2021-11-17,2021,-1.0124778329006074,0.00293874722864021,0,26,0,1972,1997
2021-11-18,2021,0.8869642714828148,0.03199501086269976,0,26,0,1972,1997
2021-11-19,2021,0.5723429132674127,0.00827574060501728,0,26,0,1972,1997
2021-11-22,2021,-0.19162370896311312,-0.015736647089620866,0,26,0,1972,1997
2021-11-24,2021,0.592676314457707,0.04011693326126126,0,26,0,1972,1997
2021-11-25,2021,0.3341879956772266,0.030418697754861564,0,26,0,1972,1997
2021-11-26,2021,-0.2636212116611632,0.04310705480725233,0,26,0,1972,1997
2021-11-29,2021,-0.8864448974424958,-0.08368472735913905,0,26,0,1972,1997
2021-11-30,2021,0.12432622317037396,0.021641347800967166,0,26,0,1971,1996
2021-12-01,2021,0.17146780412480686,-0.003236081371670527,0,26,0,1971,1996
