Feature,FeatureChinese,Variant,Sharpe,BaselineSharpe,DeltaSharpeVsV7,MatchedControlSharpe,DeltaSharpeVsMatchedControl,SharpeAboveZero,ImprovedVsV7,ImprovedVsBothControls,CommonDays,MeanRankIC,HardRankMSE,ReturnMSE,SkippedTrainingStockDays,FinalFinancialCoefficient,MedianLearningRateRatioVsMatchedControl,MinimumLearningRateRatioVsMatchedControl
OperatingProfitActualGrowth,營業利益／實際 YoY 成長,feature_06,0.011693662228076825,0.0076788715624210736,0.004014790665655752,0.007379215679253324,0.004314446548823501,True,True,True,953,-0.000710531571283694,0.1668638609635109,0.0006667333954805171,247,-7.603555517847558e-06,0.9999855729677511,0.32776313184566497
EPSExpectedGrowth,EPS／事前預測相對實際基期成長,feature_12,0.010859906124759277,0.0076788715624210736,0.003181034562338203,0.007850233645416538,0.003009672479342739,True,True,True,953,-0.0009965174935291866,0.16691152420360605,0.0006869614261740354,564,0.0011992465743706534,0.9999612474922552,0.1746677017370985
EPSRevision,EPS／預期修正,feature_15,0.009474767549127927,0.0076788715624210736,0.0017958959867068539,0.006933501921673929,0.0025412656274539985,True,True,True,953,-0.0007154336614952717,0.1668646794264185,0.0006654577628963773,150,-2.9385607076636835e-05,0.9999980063067495,0.5176526758393292
NetSalesActualGrowth,營收／實際 YoY 成長,feature_01,0.008851382566051334,0.0076788715624210736,0.0011725110036302604,0.007547819900034392,0.0013035626660169415,True,True,True,953,-0.0006968280565053913,0.16686157899142548,0.000665513718121649,8,0.00016240817530742326,0.9999998189960967,0.9996958612755813
NetSalesForecastYoY,營收／預測 YoY 成長,feature_04,0.008403103118326646,0.0076788715624210736,0.0007242315559055721,0.0076788715624210736,0.0007242315559055721,True,True,True,953,-0.000727618737481753,0.1668667103816855,0.0006654321808483266,0,0.00032594880842473536,0.9999999663266768,0.9997669190686074
OperatingProfitForecastQoQ,營業利益／預測 QoQ 成長,feature_08,0.008367099416105781,0.0076788715624210736,0.0006882278536847076,0.008314034101544288,5.306531456149288e-05,True,True,True,953,-0.001106516488498232,0.16692985650654765,0.0006656812508863372,150,1.9987484568617535e-05,0.9999951877867965,0.22500741029521543
OperatingProfitForecastYoY,營業利益／預測 YoY 成長,feature_09,0.00835834314454846,0.0076788715624210736,0.0006794715821273872,0.007793741930048602,0.0005646012144998585,True,True,True,953,-0.0008414882658756749,0.1668856876839419,0.000665588955714129,104,0.0006551521024838896,0.9999990290882972,0.8255637282049647
NetSalesExpectedGrowth,營收／事前預測相對實際基期成長,feature_02,0.008252116889843973,0.0076788715624210736,0.0005732453274228996,0.007598395799627558,0.0006537210902164154,True,True,True,953,-0.0007301793909079058,0.16686713718558294,0.000665499764330208,9,0.000253566619892391,0.9999996080853016,0.9995494176080763
OperatingProfitExpectedGrowth,營業利益／事前預測相對實際基期成長,feature_07,0.008183420948091337,0.0076788715624210736,0.0005045493856702631,0.007662199621688139,0.0005212213264031975,True,True,True,953,-0.0007916883594373275,0.16687738713802563,0.0006688894909660333,321,0.0009481212151251331,0.9999786057420573,0.32278709429148084
NetSalesForecastQoQ,營收／預測 QoQ 成長,feature_03,0.007934377982738177,0.0076788715624210736,0.00025550642031710313,0.0076788715624210736,0.00025550642031710313,True,True,True,953,-0.0007378292302145823,0.1668684119751343,0.0006654330432295548,0,0.00027511032378818156,0.9999999681253656,0.999979273761797
NetSalesRevision,營收／預期修正,feature_05,0.007390606008783928,0.0076788715624210736,-0.0002882655536371459,0.0076788715624210736,-0.0002882655536371459,True,False,False,953,-0.0007321893186892612,0.16686747203635827,0.0006654328670867017,0,0.00014618001378849914,0.9999999923127183,0.9999006483893487
OperatingProfitRevision,營業利益／預期修正,feature_10,0.007022187124107857,0.0076788715624210736,-0.0006566844383132167,0.007728932713912723,-0.0007067455898048663,True,False,False,953,-0.0007348250342624886,0.16686791116732963,0.0006653789936204819,34,-0.00020111939468390658,0.9999993279011095,0.6561486783757904
EPSForecastQoQ,EPS／預測 QoQ 成長,feature_13,0.004812821894749581,0.0076788715624210736,-0.0028660496676714926,0.007777947423623574,-0.002965125528873993,True,False,False,953,-0.0013421697070235036,0.16696913149768353,0.0006758522346162563,346,-0.00010697684650174251,0.9999852693707142,0.14852238181884364
EPSForecastYoY,EPS／預測 YoY 成長,feature_14,0.004763421689796326,0.0076788715624210736,-0.0029154498726247473,0.007542892052443718,-0.0027794703626473913,True,False,False,953,-0.0006769961470943356,0.16685827264818825,0.0006657218230343839,212,0.0002488065772109461,0.9999968260199157,0.3226813511059538
EPSActualGrowth,EPS／實際 YoY 成長,feature_11,0.004714533570624094,0.0076788715624210736,-0.0029643379917969797,0.0067817502075336955,-0.0020672166369096016,True,False,False,953,-0.001516667089757405,0.1669982101464085,0.000672690352507751,748,0.0011371393479679176,0.9999598766734343,0.10667989754157403
