PC,side,SecuritiesCode,Name,sector,loading,loading_square
1,positive,6619,W-SCOPE Corporation,ELECTRIC APPLIANCES & PRECISION INSTRUMENTS ,0.04459029550462025,0.001988294453189357
1,positive,4582,SymBio Pharmaceuticals Limited,PHARMACEUTICAL ,0.043506873683867,0.0018928480577439588
1,positive,3856,Abalance Corporation,ELECTRIC APPLIANCES & PRECISION INSTRUMENTS ,0.042492677752154005,0.001805627662548404
1,positive,6584,"Sanoh Industrial Co.,Ltd.",AUTOMOBILES & TRANSPORTATION EQUIPMENT ,0.04167240895990733,0.0017365896685217646
1,positive,7745,"A&D Company,Limited",ELECTRIC APPLIANCES & PRECISION INSTRUMENTS ,0.04037229166165416,0.00162992193401367
1,positive,6871,"MICRONICS JAPAN CO.,LTD.",ELECTRIC APPLIANCES & PRECISION INSTRUMENTS ,0.04016670201148743,0.0016133639504796282
1,positive,3891,NIPPON KODOSHI CORPORATION,RAW MATERIALS & CHEMICALS ,0.03980631261651333,0.0015845425241235883
1,positive,5702,"DAIKI ALUMINIUM INDUSTRY CO.,LTD.",STEEL & NONFERROUS METALS ,0.03950166472327493,0.0015603815159100233
1,positive,3696,CERES INC.,"IT & SERVICES, OTHERS ",0.03930786551377271,0.0015451082912488418
1,positive,7254,UNIVANCE CORPORATION,AUTOMOBILES & TRANSPORTATION EQUIPMENT ,0.039174944145045826,0.0015346762487674602
1,positive,9310,Japan Transcity Corporation,TRANSPORTATION & LOGISTICS ,0.03859066269906308,0.0014892392475528587
1,positive,6590,SHIBAURA MECHATRONICS CORPORATION,ELECTRIC APPLIANCES & PRECISION INSTRUMENTS ,0.038371751419804305,0.0014723913070232538
1,negative,7749,"MEDIKIT CO.,LTD.",ELECTRIC APPLIANCES & PRECISION INSTRUMENTS ,-0.00038117247083537626,1.4529245252274577e-07
1,negative,2653,"AEON KYUSHU CO.,LTD.",RETAIL TRADE ,0.000412676144351878,1.7030160011713205e-07
1,negative,2669,"Kanemi Co.,Ltd.",RETAIL TRADE ,0.000867080814603383,7.518291390532663e-07
1,negative,2114,Fuji Nihon Seito Corporation,FOODS ,0.0010601545678414028,1.1239277077149915e-06
1,negative,2573,"HOKKAIDO COCA-COLA BOTTLING CO.,LTD.",FOODS ,0.0017104776722929758,2.9257338674127968e-06
1,negative,2329,TOHOKUSHINSHA FILM CORPORATION,"IT & SERVICES, OTHERS ",0.0019157299171672626,3.670021115529687e-06
1,negative,5982,"MARUZEN CO.,LTD.",CONSTRUCTION & MATERIALS ,0.001966140925026054,3.865710137062307e-06
1,negative,1965,TECHNO RYOWA LTD.,CONSTRUCTION & MATERIALS ,0.00214423910538156,4.597761341047512e-06
1,negative,3800,UNIRITA Inc.,"IT & SERVICES, OTHERS ",0.00231190763319855,5.344916904441722e-06
1,negative,2702,"McDonald's Holdings Company(Japan),Ltd.",RETAIL TRADE ,0.0023830371981880677,5.678866287948036e-06
1,negative,6960,"FUKUDA DENSHI CO.,LTD.",ELECTRIC APPLIANCES & PRECISION INSTRUMENTS ,0.0025960060426630568,6.739247373543104e-06
1,negative,2830,AOHATA Corporation,FOODS ,0.0028562094043636578,8.1579321615754e-06
2,positive,4477,"BASE,Inc.","IT & SERVICES, OTHERS ",0.11932592518546184,0.014238676421366437
2,positive,4475,HENNGE K.K.,"IT & SERVICES, OTHERS ",0.10822046409874514,0.011711668849747786
2,positive,4056,Neural Pocket Inc.,"IT & SERVICES, OTHERS ",0.10618884820219679,0.011276071482509193
2,positive,6095,"MedPeer,Inc.","IT & SERVICES, OTHERS ",0.09334799766674978,0.008713848668391522
2,positive,2150,"CareNet,Inc.","IT & SERVICES, OTHERS ",0.09143088662637837,0.008359607029285655
2,positive,4308,J-Stream Inc.,"IT & SERVICES, OTHERS ",0.08952072221393918,0.008013959705705264
2,positive,3922,"PR TIMES,Inc.","IT & SERVICES, OTHERS ",0.08907532969908354,0.007934414361000433
2,positive,4479,"Makuake,Inc.","IT & SERVICES, OTHERS ",0.08898874104034103,0.007918996031944877
2,positive,6580,"Writeup Co.,Ltd.","IT & SERVICES, OTHERS ",0.08898564820376917,0.007918445586244967
2,positive,3788,GMO GlobalSign Holdings K.K.,"IT & SERVICES, OTHERS ",0.08728727434141326,0.007619068261953141
2,positive,4480,"MEDLEY,INC.","IT & SERVICES, OTHERS ",0.08678216368180809,0.007531143933296131
2,positive,6027,"Bengo4.com,Inc.","IT & SERVICES, OTHERS ",0.08279585656945397,0.006855153865069594
2,negative,5632,"Mitsubishi Steel Mfg.Co.,Ltd.",STEEL & NONFERROUS METALS ,-0.05887242046536281,0.00346596189145047
2,negative,3099,Isetan Mitsukoshi Holdings Ltd.,RETAIL TRADE ,-0.04738430111276152,0.0022452719919448527
2,negative,7211,MITSUBISHI MOTORS CORPORATION,AUTOMOBILES & TRANSPORTATION EQUIPMENT ,-0.04605975507487563,0.002121501037557531
2,negative,8016,"ONWARD HOLDINGS CO.,LTD.",RAW MATERIALS & CHEMICALS ,-0.045303201288771335,0.002052380047010933
2,negative,8242,H2O RETAILING CORPORATION,RETAIL TRADE ,-0.04509280861169593,0.0020333613884910384
2,negative,8233,"Takashimaya Company,Limited",RETAIL TRADE ,-0.044654851756543865,0.0019940557853989085
2,negative,3086,"J.FRONT RETAILING Co.,Ltd.",RETAIL TRADE ,-0.044586667316324324,0.0019879709023765835
2,negative,5406,"Kobe Steel,Ltd.",STEEL & NONFERROUS METALS ,-0.04330424456594076,0.0018752575974268096
2,negative,7003,"Mitsui E&S Holdings Co.,Ltd.",MACHINERY ,-0.043103645061224626,0.001857924217564034
2,negative,1518,"MITSUI MATSUSHIMA HOLDINGS CO.,LTD.",ENERGY RESOURCES ,-0.042995938581567444,0.00184865073450992
2,negative,8219,"AOYAMA TRADING Co.,Ltd.",RETAIL TRADE ,-0.042540005316499124,0.0018096520523277738
2,negative,5401,NIPPON STEEL CORPORATION,STEEL & NONFERROUS METALS ,-0.042476656077918416,0.0018042663115617635
3,positive,6191,AirTrip Corp.,"IT & SERVICES, OTHERS ",0.15836956746923422,0.02508091990039233
3,positive,7048,VELTRA Corporation,"IT & SERVICES, OTHERS ",0.14685185154403546,0.021565466301911432
3,positive,3926,Open Door Inc.,"IT & SERVICES, OTHERS ",0.1413544151281793,0.01998107067622965
3,positive,9603,"H.I.S.Co.,Ltd.","IT & SERVICES, OTHERS ",0.14046171921104947,0.019729494563723703
3,positive,6030,"Adventure,Inc.","IT & SERVICES, OTHERS ",0.13352502512710324,0.017828932335193552
3,positive,9726,"KNT-CT Holdings Co.,Ltd.","IT & SERVICES, OTHERS ",0.12190959357259896,0.014861949005036262
3,positive,3825,"Remixpoint,inc.","IT & SERVICES, OTHERS ",0.11673590898056328,0.013627272445518356
3,positive,2157,"KOSHIDAKA HOLDINGS Co.,LTD.","IT & SERVICES, OTHERS ",0.1084654064466246,0.011764744395631473
3,positive,4680,ROUND ONE Corporation,"IT & SERVICES, OTHERS ",0.10638494455742979,0.01131775642848741
3,positive,2440,"Gurunavi,Inc.","IT & SERVICES, OTHERS ",0.10439465762994639,0.010898244541673723
3,positive,4582,SymBio Pharmaceuticals Limited,PHARMACEUTICAL ,0.10270755483613678,0.010548841820418042
3,positive,8920,"TOSHO CO.,LTD.","IT & SERVICES, OTHERS ",0.0930224936719637,0.008653184328950528
3,negative,6845,Azbil Corporation,ELECTRIC APPLIANCES & PRECISION INSTRUMENTS ,-0.0510943329220598,0.002610630856750284
3,negative,6951,JEOL Ltd.,ELECTRIC APPLIANCES & PRECISION INSTRUMENTS ,-0.048126656614586,0.002316175076898274
3,negative,9143,"SG HOLDINGS CO.,LTD.",TRANSPORTATION & LOGISTICS ,-0.04682239896912772,0.0021923370452241724
3,negative,4186,"TOKYO OHKA KOGYO CO.,LTD.",RAW MATERIALS & CHEMICALS ,-0.0455254965378599,0.0020725708350186937
3,negative,9386,NIPPON CONCEPT CORPORATION,TRANSPORTATION & LOGISTICS ,-0.04452358903087362,0.0019823499801901296
3,negative,2760,TOKYO ELECTRON DEVICE LIMITED,COMMERCIAL & WHOLESALE TRADE ,-0.04264358555861077,0.0018184753892945573
3,negative,4062,"IBIDEN CO.,LTD.",ELECTRIC APPLIANCES & PRECISION INSTRUMENTS ,-0.04183231442052357,0.0017499425297775443
3,negative,6005,"MIURA CO.,LTD.",MACHINERY ,-0.04174242817728261,0.0017424303101355972
3,negative,4971,MEC COMPANY LTD.,RAW MATERIALS & CHEMICALS ,-0.040859733274406014,0.001669517803255602
3,negative,4185,JSR CORPORATION,RAW MATERIALS & CHEMICALS ,-0.040363603695545126,0.001629220503291024
3,negative,6920,Lasertec Corporation,ELECTRIC APPLIANCES & PRECISION INSTRUMENTS ,-0.040232290087841224,0.0016186371657122072
3,negative,7734,"RIKEN KEIKI CO.,LTD.",ELECTRIC APPLIANCES & PRECISION INSTRUMENTS ,-0.0399607821997862,0.0015968641140187497
4,positive,6890,Ferrotec Holdings Corporation,ELECTRIC APPLIANCES & PRECISION INSTRUMENTS ,0.13302468351619753,0.017695566424584516
4,positive,3891,NIPPON KODOSHI CORPORATION,RAW MATERIALS & CHEMICALS ,0.10954066218901284,0.011999156672807428
4,positive,4080,TANAKA CHEMICAL CORPORATION,RAW MATERIALS & CHEMICALS ,0.10447988135070771,0.01091604560705796
4,positive,6590,SHIBAURA MECHATRONICS CORPORATION,ELECTRIC APPLIANCES & PRECISION INSTRUMENTS ,0.09348701802767337,0.008739822539706526
4,positive,6315,TOWA CORPORATION,MACHINERY ,0.09207901516361307,0.008478545033500885
4,positive,9107,"Kawasaki Kisen Kaisha,Ltd.",TRANSPORTATION & LOGISTICS ,0.09142146100259427,0.008357883531848865
4,positive,7254,UNIVANCE CORPORATION,AUTOMOBILES & TRANSPORTATION EQUIPMENT ,0.08939457470872629,0.007991389987354046
4,positive,6264,"Marumae Co.,Ltd.",MACHINERY ,0.08806159633912287,0.007754844749794619
4,positive,6844,"Shindengen Electric Manufacturing Co.,Ltd.",ELECTRIC APPLIANCES & PRECISION INSTRUMENTS ,0.08387797475435,0.007035514648891375
4,positive,6627,"Tera Probe,Inc.",ELECTRIC APPLIANCES & PRECISION INSTRUMENTS ,0.08145611266642225,0.006635098290724875
4,positive,6779,"NIHON DEMPA KOGYO CO.,LTD.",ELECTRIC APPLIANCES & PRECISION INSTRUMENTS ,0.08107018108823609,0.006572374261679392
4,positive,6955,FDK CORPORATION,ELECTRIC APPLIANCES & PRECISION INSTRUMENTS ,0.08100795521624887,0.006562288808317783
4,negative,4477,"BASE,Inc.","IT & SERVICES, OTHERS ",-0.07354436918492731,0.005408774238808886
4,negative,2929,"Pharma Foods International Co.,Ltd.",FOODS ,-0.06965501911607137,0.004851821688060269
4,negative,4449,giftee Inc.,"IT & SERVICES, OTHERS ",-0.06310915797377795,0.003982765820159261
4,negative,9468,KADOKAWA CORPORATION,"IT & SERVICES, OTHERS ",-0.059837942123440374,0.0035805793175682
4,negative,7082,"Jimoty,Inc.","IT & SERVICES, OTHERS ",-0.05792678948496986,0.003355512940036015
4,negative,4552,"JCR Pharmaceuticals Co.,Ltd.",PHARMACEUTICAL ,-0.05733297051662034,0.003287069508259657
4,negative,3141,"WELCIA HOLDINGS CO.,LTD.",RETAIL TRADE ,-0.05703713988390981,0.0032532353261366946
4,negative,4435,"kaonavi,inc.","IT & SERVICES, OTHERS ",-0.05402935766752964,0.0029191714899658443
4,negative,9010,"FUJI KYUKO CO.,LTD.",TRANSPORTATION & LOGISTICS ,-0.04721733137085767,0.00222947638178538
4,negative,4733,"OBIC BUSINESS CONSULTANTS CO.,LTD.","IT & SERVICES, OTHERS ",-0.04620563322397427,0.0021349605416284352
4,negative,9533,"TOHO GAS CO.,LTD.",ELECTRIC POWER & GAS ,-0.04496803037261386,0.002022123755592323
4,negative,3923,"RAKUS Co.,Ltd.","IT & SERVICES, OTHERS ",-0.04436476216220766,0.0019682321217092524
5,positive,3825,"Remixpoint,inc.","IT & SERVICES, OTHERS ",0.2163137891034234,0.04679165535628033
5,positive,9107,"Kawasaki Kisen Kaisha,Ltd.",TRANSPORTATION & LOGISTICS ,0.14105718498798678,0.019897129436735123
5,positive,6580,"Writeup Co.,Ltd.","IT & SERVICES, OTHERS ",0.1397199247958989,0.019521657384971643
5,positive,3696,CERES INC.,"IT & SERVICES, OTHERS ",0.11520957879677426,0.013273247046530138
5,positive,9110,"NS United Kaiun Kaisha,Ltd.",TRANSPORTATION & LOGISTICS ,0.11333182981110165,0.01284410364833251
5,positive,3856,Abalance Corporation,ELECTRIC APPLIANCES & PRECISION INSTRUMENTS ,0.111971185346578,0.012537546347917724
5,positive,7816,"Snow Peak,Inc.","IT & SERVICES, OTHERS ",0.10920927636096153,0.011926666043284871
5,positive,9104,"Mitsui O.S.K.Lines,Ltd.",TRANSPORTATION & LOGISTICS ,0.1054866368279697,0.011127430549275974
5,positive,7187,"J-LEASE CO.,LTD.",FINANCIALS （EX BANKS） ,0.09631500434761417,0.009276580062480937
5,positive,9101,Nippon Yusen Kabushiki Kaisha,TRANSPORTATION & LOGISTICS ,0.09355733298438144,0.008752974555150428
5,positive,7089,"for Startups,Inc.","IT & SERVICES, OTHERS ",0.09285564517418657,0.008622170840714437
5,positive,8101,GSI Creos Corporation,COMMERCIAL & WHOLESALE TRADE ,0.08524228790686647,0.007266247647597114
5,negative,6920,Lasertec Corporation,ELECTRIC APPLIANCES & PRECISION INSTRUMENTS ,-0.07271243221817654,0.005287097799082918
5,negative,6323,RORZE CORPORATION,MACHINERY ,-0.07242681235300617,0.005245643147617568
5,negative,6857,ADVANTEST CORPORATION,ELECTRIC APPLIANCES & PRECISION INSTRUMENTS ,-0.06986260460451975,0.004880783522127464
5,negative,7048,VELTRA Corporation,"IT & SERVICES, OTHERS ",-0.06807452210973469,0.0046341405604687575
5,negative,7936,ASICS Corporation,"IT & SERVICES, OTHERS ",-0.06652501343185047,0.004425577412107885
5,negative,6652,IDEC CORPORATION,ELECTRIC APPLIANCES & PRECISION INSTRUMENTS ,-0.06582727570121535,0.0043332302262438175
5,negative,3436,SUMCO CORPORATION,CONSTRUCTION & MATERIALS ,-0.06301404806225396,0.003970770253192052
5,negative,7085,"CURVES HOLDINGS Co.,Ltd.","IT & SERVICES, OTHERS ",-0.061021002497434786,0.0037235627457919422
5,negative,6539,"MATCHING SERVICE JAPAN CO.,LTD.","IT & SERVICES, OTHERS ",-0.06050747624202188,0.0036611546811788423
5,negative,9603,"H.I.S.Co.,Ltd.","IT & SERVICES, OTHERS ",-0.059992630178538765,0.00359911567573892
5,negative,7735,"SCREEN Holdings Co.,Ltd.",ELECTRIC APPLIANCES & PRECISION INSTRUMENTS ,-0.05885393865184053,0.0034637860948346084
5,negative,6627,"Tera Probe,Inc.",ELECTRIC APPLIANCES & PRECISION INSTRUMENTS ,-0.058441155634741365,0.0034153686719240626
