Date,v6_MSE,v6_RMSE,v5_MSE,v5_RMSE
2017-12-29,0.00024703540677999374,0.015717360044867387,0.0003454931116955707,0.01858744500181697
2018-01-04,0.0006854860097085355,0.026181787748519685,0.0004261691447148555,0.02064386457800127
2018-01-05,0.0003821730059819994,0.019549245662735925,0.0002884480733370352,0.01698375910501074
2018-01-09,0.0005007577689968138,0.022377617589833237,0.0005877018244084026,0.024242562249242604
2018-01-10,0.0006677586704858568,0.0258410268852818,0.0008243197223953128,0.02871096867741165
2018-01-11,0.0006065949835497983,0.024629149062641166,0.0004669563878525363,0.021609173696662636
2018-01-12,0.0006429632936887077,0.025356720878077034,0.0004738862596268217,0.021768928766175467
2018-01-15,0.0004817621953463528,0.021949081879348686,0.0005230600356751689,0.022870505802783832
2018-01-16,0.00056781314298323,0.023828830080036032,0.00040031634871378176,0.02000790715476713
2018-01-17,0.00047434492966704357,0.02177946118863007,0.0003769607595973115,0.019415477320872426
2018-01-18,0.0006310176568533125,0.025120064825818276,0.0004966959520042299,0.022286676558074557
2018-01-19,0.0004634690714474808,0.021528331831507076,0.000529641031136699,0.023013931240374794
2018-01-22,0.0007295940920780342,0.02701099946462615,0.0004636319583027173,0.02153211458038242
2018-01-23,0.00040906037593363545,0.02022524105996355,0.0003373792082477008,0.018367885241575874
2018-01-24,0.0005676322692210858,0.023825034506188777,0.0005268028062494777,0.022952185217305077
2018-01-25,0.0007899907985772598,0.028106774958668947,0.00043718558987359835,0.02090898347298592
2018-01-26,0.0006360679036842831,0.025220386668016872,0.0005306816477201729,0.023036528551849407
2018-01-29,0.0008067171819795392,0.028402767153563387,0.000953286386493299,0.03087533621668433
2018-01-30,0.001059040744362578,0.03254290620646192,0.0013334584218670758,0.036516549972130115
2018-01-31,0.00035205035064660536,0.018763004840552735,0.0005388970946734931,0.023214157203600847
2018-02-01,0.0017296291162484199,0.0415888099883661,0.0011916742198263724,0.03452063469616937
2018-02-02,0.004332975608863357,0.06582534169196053,0.00464688805286758,0.06816808676255759
2018-02-05,0.0009791148760952505,0.03129081136843931,0.0004528347987785433,0.021279915384665966
2018-02-06,0.0009760340902857389,0.031241544300590184,0.0011056978142363377,0.03325203473828839
2018-02-07,0.0008385587278668067,0.0289578785111549,0.0009241834027183313,0.03040038491069367
2018-02-08,0.0012815974187767266,0.035799405285238,0.0016699133904701337,0.04086457378304751
2018-02-09,0.0011743431075503866,0.03426868990128433,0.0013135973988950022,0.03624358424459427
2018-02-13,0.0011455108423264792,0.03384539617623761,0.0011232166551148662,0.03351442458278027
2018-02-14,0.002017729561187483,0.044919144706767104,0.0008307737214267873,0.028823145585220002
2018-02-15,0.0013343791117844906,0.036529154271410263,0.0015142540220059036,0.038913416992162275
2018-02-16,0.00035399446031072405,0.01881474050606928,0.0003678543643804455,0.01917952982688693
2018-02-19,0.000877733874010133,0.029626573781153517,0.00038037413486287017,0.019503182685471368
2018-02-20,0.00036775527386972783,0.01917694641671942,0.0004779075858245979,0.021861097543915717
2018-02-21,0.0004698194313736843,0.021675318483788984,0.00042309054020184435,0.020569164791061505
2018-02-22,0.000378497674621406,0.019455016695480012,0.0005345232766454111,0.02311975944177212
2018-02-23,0.0003939482397554954,0.01984812937673209,0.0002477684313603826,0.015740661719266524
2018-02-26,0.0004216059151558485,0.02053304446875447,0.0004448757796241358,0.021092078598946472
2018-02-27,0.0005154759421738795,0.0227040952731854,0.0005837359627537251,0.02416062836007634
2018-02-28,0.00046072809717113874,0.02146457773102324,0.0005515590869573589,0.02348529512178544
2018-03-01,0.0011250670840129912,0.033542019677010974,0.0010196266332147166,0.03193159302657349
2018-03-02,0.001078220458645985,0.0328362674286525,0.0010600091059611916,0.03255778103558643
2018-03-05,0.0005647776267150734,0.023765050530454874,0.0005082269981855577,0.022543890484686926
2018-03-06,0.00039636766992098534,0.019908984653190763,0.0004962624157807569,0.022276948080487975
2018-03-07,0.00044422663687993506,0.021076684674775942,0.0003017309555640278,0.017370404588380427
2018-03-08,0.00045064277924480574,0.021228348481330473,0.0007520748236675774,0.027423982636874195
2018-03-09,0.0005332263576594674,0.023091694560154467,0.00048627928101574686,0.02205174099738492
2018-03-12,0.0004016590133075439,0.020041432416560048,0.0005115610678160385,0.02261771579572169
2018-03-13,0.0003973637608127038,0.019933985071046476,0.0004026976782833889,0.0200673286284794
2018-03-14,0.0003597132226691105,0.018966107209153663,0.0005433409908047221,0.02330967590518414
2018-03-15,0.0006075606152821788,0.024648744699926988,0.0006855030138175509,0.026182112478131913
2018-03-16,0.00027990951292513613,0.016730496493682908,0.0002502774403923013,0.015820159303632227
2018-03-19,0.00048779799400239596,0.022086149370191172,0.0004279367417331056,0.020686631957211054
2018-03-20,0.001718114321249829,0.041450142596254465,0.0016612603168363446,0.04075856127044163
2018-03-22,0.00037795838073805856,0.019441151733836617,0.000346510662385726,0.01861479686662538
2018-03-23,0.000815962498743347,0.02856505730334436,0.0009646729682633298,0.03105918492593342
2018-03-26,0.0006022263960341653,0.024540301465837074,0.0005595494952457056,0.023654798567007616
2018-03-27,0.0011382356262079959,0.0337377477939473,0.0003433664504212145,0.018530149767911064
2018-03-28,0.0005495682889052434,0.023442872880797768,0.0005171505848969222,0.022740945118814263
2018-03-29,0.00046596372528426267,0.021586192931692765,0.00033311620918278535,0.018251471425142284
2018-03-30,0.0003787377297457644,0.01946118520917378,0.0004230740992198001,0.020568765135996862
2018-04-02,0.0006073012657260519,0.024643483230380642,0.0005070230411137009,0.022517172138474692
2018-04-03,0.0006251170919344551,0.025002341729015207,0.0003765178277087067,0.019404067298087448
2018-04-04,0.0005919026506501543,0.02432904952212795,0.00048167520836141356,0.02194710022671363
2018-04-05,0.0004075962666580363,0.020189013513741486,0.0005462270080781046,0.02337149991074823
2018-04-06,0.0007432529072960084,0.027262665080582428,0.0004781963781366621,0.021867701711351883
2018-04-09,0.0008830448566328402,0.029716070679563947,0.0006131097148541927,0.024761052377760374
2018-04-10,0.0005399698612555688,0.023237251585666682,0.00039787397852714346,0.019946778650377195
2018-04-11,0.0004986118115435981,0.02232961736222988,0.0005730055795791004,0.023937534952018356
2018-04-12,0.0007213630943282042,0.02685820348288776,0.0009600845779886327,0.030985231611021284
2018-04-13,0.0005343337470595185,0.023115660212494872,0.0005207454750357797,0.02281984826934175
2018-04-16,0.0005486086828567348,0.023422397034819787,0.0005928739654998474,0.024349003377958766
2018-04-17,0.0005623760522504581,0.023714469259303657,0.0004888107565297467,0.022109065030655337
2018-04-18,0.0003399318403290079,0.01843724058336843,0.0003675934325684846,0.01917272626854315
2018-04-19,0.0005703480035999862,0.02388195979395297,0.00031275430103365134,0.01768486078638029
2018-04-20,0.0005253649792583639,0.022920841591406803,0.0003799910788740179,0.019493359866221572
2018-04-23,0.000418537639379895,0.020458192475873695,0.0004168803572806291,0.020417648181919216
2018-04-24,0.0006157317462112925,0.02481394257693228,0.00038571760381410955,0.019639694595744342
2018-04-25,0.0005931439517944102,0.02435454684025983,0.0006913222034257418,0.026293006739925007
2018-04-26,0.0010003965367393318,0.03162904577661697,0.0006481351803937821,0.02545849917795199
2018-04-27,0.0003753600763244454,0.01937421163104309,0.00030547443756255024,0.017477827026336833
2018-05-01,0.00037870575658179945,0.019460363732001502,0.0003497251477785298,0.01870093975656116
2018-05-02,0.00044119518348478484,0.021004646711734642,0.0005452386848511826,0.023350346568117197
2018-05-07,0.000670253757399594,0.025889259498865433,0.0011746874987454631,0.034273714399601675
2018-05-08,0.0008595606003455088,0.02931826393812411,0.0010074002703164817,0.03173956947276509
2018-05-09,0.0006400250333535301,0.025298716041600413,0.0007617429816177214,0.02759969169425125
2018-05-10,0.001093042481063341,0.033061192977013716,0.0009611150509995606,0.03100185560574658
2018-05-11,0.0007272470769512865,0.026967518924648715,0.0008519201963925484,0.029187671993369878
2018-05-14,0.0007925441240503187,0.028152160202199735,0.0007227668033935543,0.026884322632224796
2018-05-15,0.0003330368577553037,0.018249297459225756,0.00047015518303785607,0.021683062123183987
2018-05-16,0.00039139474766558183,0.019783699038996266,0.0004317227649774968,0.020777939382371314
2018-05-17,0.0003869688423056548,0.019671523639658794,0.0006771847506847835,0.026022773693147767
2018-05-18,0.0003348039361957024,0.018297648378840993,0.00036097695745261014,0.018999393607497323
2018-05-21,0.0003736763297294324,0.019330709498863004,0.0004299455557419986,0.02073512854413974
2018-05-22,0.0004215728016178704,0.020532238105425097,0.0004269540673490101,0.020662866871492207
2018-05-23,0.000510678731863697,0.02259820196085735,0.0003860658142239362,0.019648557560898363
2018-05-24,0.0004154953585519141,0.020383703259023226,0.0006489900152389752,0.02547528243688331
2018-05-25,0.00040456085601988734,0.02011369821837564,0.00043766521677158143,0.020920449726800364
2018-05-28,0.0004683129515142402,0.021640539538427414,0.0005391183642160748,0.023218922546407592
2018-05-29,0.0005960239295624683,0.02441360132308358,0.00042232184627096875,0.02055047070679815
2018-05-30,0.0004155452665164571,0.02038492743466253,0.0003803878667795694,0.01950353472526376
2018-05-31,0.0009158314247248312,0.03026270683076501,0.000748627983670057,0.02736106693223159
2018-06-01,0.000504049944494189,0.02245105664538284,0.00041630489208862616,0.0204035509676288
2018-06-04,0.000498864377526186,0.02233527204952261,0.0005444533315710282,0.023333523770982988
2018-06-05,0.0006574967544680762,0.025641699523785005,0.0006342011116421454,0.025183349889205474
2018-06-06,0.0003804031853643351,0.01950392743434858,0.00047706130917875495,0.021841733199971906
2018-06-07,0.00030492439074547226,0.017462084375740265,0.00023665534276373786,0.015383606299035927
2018-06-08,0.00033240117499988374,0.01823187250393891,0.00035739980994446176,0.018905020760222976
2018-06-11,0.00024190837138425442,0.015553403852027196,0.0004205496551675481,0.02050730736024474
2018-06-12,0.00032763853723492245,0.0181007883042403,0.00029716724538493024,0.017238539537470402
2018-06-13,0.000412907017595121,0.020320113621609525,0.0003135866633542514,0.017708378337788343
2018-06-14,0.0005538401960617875,0.023533809637663584,0.0005089973961781017,0.02256097063909489
2018-06-15,0.0007813769331435252,0.027953120275624424,0.0006714555686356059,0.025912459717973627
2018-06-18,0.0004658139065928291,0.021582722409205682,0.0004245551581201973,0.020604736303097823
2018-06-19,0.0003962460690205466,0.019905930498736967,0.00045457523556910966,0.021320770051034967
2018-06-20,0.0005178931716597437,0.022757266348569716,0.0003790961482251352,0.019470391578628697
2018-06-21,0.0008897972528153779,0.029829469536271976,0.0009164109070806052,0.030272279515765
2018-06-22,0.0005275420280470178,0.022968283088794814,0.0003826879097180835,0.01956241063156797
2018-06-25,0.0004966662923389128,0.022286011135663395,0.0006304904474001065,0.025109568841382095
2018-06-26,0.00047580846878454117,0.02181303437820014,0.00037468169275419524,0.019356696328511103
2018-06-27,0.00047818567473423236,0.021867456979132997,0.00034788755034335516,0.0186517438955009
2018-06-28,0.0007890754865181574,0.02809048747384348,0.0010023759046595255,0.03166032066577225
2018-06-29,0.00044026382326060225,0.020982464661249933,0.0005974601262708803,0.024442997489483167
2018-07-02,0.0009446084414992468,0.030734482938537405,0.0005208157402900603,0.022821387781860686
2018-07-03,0.0007183368507568281,0.026801806856195872,0.0008524391776354407,0.029196561058375363
2018-07-04,0.0008471730685738799,0.029106237623126075,0.000942419209013819,0.030698847030691867
2018-07-05,0.0018728350658118093,0.04327626446231016,0.0007895642636670179,0.028099186174460958
2018-07-06,0.0003624263857750864,0.01903749946224783,0.00041575286566391823,0.020390018775467526
2018-07-09,0.0006149171647477737,0.024797523359153705,0.000494891580706078,0.02224615878541907
2018-07-10,0.0003378104676698762,0.018379620988199844,0.00039898083656673554,0.019974504663864273
2018-07-11,0.0008088245718180673,0.028439841276246026,0.0006854894123105305,0.026181852728761012
2018-07-12,0.0005729211738514351,0.02393577184574241,0.0007790669126614618,0.027911770145611723
2018-07-13,0.0004652885675760634,0.021570548615555966,0.00036536712371336763,0.019114578826470847
2018-07-17,0.00035929137761276134,0.018954982923040615,0.0003508234345660351,0.018730281219619612
2018-07-18,0.00039351752949172517,0.019837276261919758,0.0004886641992319453,0.022105750365729395
2018-07-19,0.0003205656081164948,0.017904346067826517,0.0003686821644218046,0.019201098000421867
2018-07-20,0.00036890548694987375,0.01920691247832076,0.00037573314162712756,0.019383837123416188
2018-07-23,0.00034641541018670576,0.01861223818316072,0.00035335189849054814,0.018797656728713506
2018-07-24,0.00043226962569856684,0.02079109486531594,0.0003526112897499585,0.018777946899220865
2018-07-25,0.0003049016958856352,0.01746143453114993,0.0004921029372349661,0.022183393275938785
2018-07-26,0.0006390063973930957,0.025278575857692134,0.0006430240265251232,0.02535791841861479
2018-07-27,0.0007923361589581787,0.028148466369558728,0.0007741693757864112,0.027823899363432353
2018-07-30,0.0007279709321723092,0.02698093645840168,0.0008895989299661475,0.029826145073846663
2018-07-31,0.000440206057436466,0.020981088089907684,0.00045632938621386563,0.021361867573175
2018-08-01,0.0005511732877681619,0.0234770800520031,0.0007644493190117436,0.027648676623154022
2018-08-02,0.0006609954451655588,0.025709831682948818,0.0007263605304942297,0.026951076611041527
2018-08-03,0.0007970315257623691,0.02823174677136307,0.000556454031302272,0.02358927788852961
2018-08-06,0.00048781099423299816,0.022086443675544465,0.0007409759394174261,0.02722087323025156
2018-08-07,0.000660359388841882,0.02569745880124885,0.0007175580643240979,0.026787274298145713
2018-08-08,0.0012642790861047868,0.03555670240763036,0.0010636968256247958,0.032614365326107383
2018-08-09,0.0013574383721575204,0.03684343051559559,0.001443228875301339,0.03798985226743241
2018-08-10,0.0010621729765377022,0.03259099532904299,0.0008685798330633887,0.02947167849077125
2018-08-13,0.000689014664401694,0.02624908882993263,0.0007139550698097189,0.026719937683492432
2018-08-14,0.0006844252902524893,0.026161523087398587,0.0007462677907705179,0.027317902385990727
2018-08-15,0.00043702480337785377,0.02090513820518424,0.00037473501087560186,0.019358073532136453
2018-08-16,0.0004360672020280828,0.020882222152541208,0.0005107455493677429,0.02259968029348519
2018-08-17,0.0006802563833215823,0.026081725083314224,0.0005023834242163155,0.02241391139931439
2018-08-20,0.0005059261939338603,0.022492803158651885,0.0007545452794436347,0.02746898759407843
2018-08-21,0.0005979748078783568,0.024453523424618318,0.0005089286965503584,0.022559448055091205
2018-08-22,0.00044619486610064554,0.02112332516675927,0.0004863800284998753,0.022054025222164667
2018-08-23,0.0004538672663885161,0.021304160776442618,0.0005891035751835786,0.02427145597576665
2018-08-24,0.00030469442560691554,0.017455498434788837,0.0002542201309690602,0.015944282077568126
2018-08-27,0.0002726291234765044,0.01651148459335212,0.00036794035745649824,0.01918177148900743
2018-08-28,0.00033801940698139477,0.01838530410358759,0.00046122214933219956,0.02147608319345498
2018-08-29,0.00032293653036479257,0.017970434896373337,0.0003439838519687313,0.018546801664134204
2018-08-30,0.0008174419144180325,0.028590941125084226,0.0007167574862750443,0.026772326874499427
2018-08-31,0.000282935460969315,0.016820685508305393,0.00048409504291449133,0.02200215996020598
2018-09-03,0.0005150046426309734,0.0226937137249718,0.0006000924031335633,0.02449678352628286
2018-09-04,0.0006749562990778027,0.025979921075280476,0.0008243419547248863,0.02871135584964399
2018-09-05,0.00044888302636900514,0.021186859757146768,0.0005222866456613039,0.022853591526526062
2018-09-06,0.000827623120184257,0.028768439655015302,0.0003657204947771173,0.0191238200884948
2018-09-07,0.0005332784046940559,0.023092821497037903,0.0005402183905236067,0.023242598618132326
2018-09-10,0.0005053547223055917,0.02248009613648464,0.0006402092751447886,0.025302357106498766
2018-09-11,0.00042880995267252766,0.020707726883280254,0.0004039211739221037,0.0200977902746074
2018-09-12,0.000920087761199137,0.030332948442232534,0.0004993986173181897,0.022347228403499834
2018-09-13,0.0010067792740119186,0.03172978528152875,0.0007203854517488272,0.026839997238241795
2018-09-14,0.0006931319494429236,0.026327399215321737,0.0005469484130319459,0.023386928251310515
2018-09-18,0.0002804035047010054,0.016745253199071233,0.0003322526485025987,0.0182277987837972
2018-09-19,0.0007482364483380673,0.02735391102453299,0.0005824204255721452,0.024133388190889095
2018-09-20,0.00076400312893997,0.02764060652265015,0.0007588632396842487,0.027547472473609058
2018-09-21,0.0006279440958472669,0.02505881273818189,0.0005903986434214793,0.02429812016229814
2018-09-25,0.0007860668273005078,0.028036883337855294,0.0006991105682481572,0.026440699087735126
2018-09-26,0.00044100202924898286,0.021000048315396393,0.0004882579026144971,0.022096558614736757
2018-09-27,0.0005068158631892236,0.02251257122563355,0.0003262463011964007,0.018062289478258307
2018-09-28,0.0005727603836761242,0.023932412826042516,0.00045334034278474204,0.021291790502086527
2018-10-01,0.0005153494222310196,0.022701308821982482,0.0005373859606643289,0.0231815866727092
2018-10-02,0.0003900378908865854,0.019749376974643667,0.00038496116555092954,0.019620427251997585
2018-10-03,0.00043852189958974095,0.020940914487904794,0.0005463171816365442,0.023373428966168917
2018-10-04,0.0009541366070510296,0.03088910175209097,0.001065267208956764,0.032638431472066236
2018-10-05,0.0006879164552506985,0.026228161492005086,0.0005035067193387355,0.022438955397672492
2018-10-09,0.001556814981076626,0.0394564947895353,0.0017599209558239886,0.041951411845419326
2018-10-10,0.0006955139333340806,0.026372598152894996,0.0008079734383406921,0.02842487358530715
2018-10-11,0.0004999529317799164,0.022359627272830744,0.0007027885791612496,0.026510159923343535
2018-10-12,0.00071871173459901,0.026808799574002003,0.0005697837896365958,0.023870144315370108
2018-10-15,0.0012232385823592257,0.034974827838879,0.000765407958948512,0.027666007282376545
2018-10-16,0.0004089464324302513,0.020222423999863404,0.0005651807365271989,0.023773530165442383
2018-10-17,0.0009442670124407406,0.030728927941611316,0.0004559751985848877,0.02135357577982872
2018-10-18,0.0005089621275840179,0.022560188997081072,0.0003742461951218926,0.01934544378198372
2018-10-19,0.0009836790412508167,0.03136365796986724,0.0009843688207832766,0.03137465252051848
2018-10-22,0.0004956454247881972,0.02226309557964025,0.0005561968703656216,0.023583826457248654
2018-10-23,0.0014338388845170616,0.037866065078339756,0.0021474768350646174,0.046340876502981874
2018-10-24,0.001016900058328977,0.031888870446112966,0.000809472609681269,0.028451232129404678
2018-10-25,0.00138298084517877,0.03718845042723305,0.0013346358563132623,0.03653266834373397
2018-10-26,0.0024541684999509553,0.04953956499557657,0.0015333859712385002,0.03915847253454226
2018-10-29,0.002538048391672935,0.05037904714931531,0.0021644004778675592,0.04652311767140675
2018-10-30,0.00643398819836654,0.0802121449555274,0.0012631971171783605,0.03554148445378106
2018-10-31,0.0008509092734592471,0.02917034921730021,0.0010814591208708165,0.03288554577425797
2018-11-01,0.0006150892027922175,0.0248009919719397,0.0006485050784070608,0.02546576286717248
2018-11-02,0.0007777477467877721,0.027888129137462272,0.000988239164015329,0.03143627147126912
2018-11-05,0.0005781673916105153,0.024045111594885878,0.0008538386187266507,0.029220517085203176
2018-11-06,0.0012884522508580106,0.0358950170756055,0.0009967990978162096,0.03157212532941375
2018-11-07,0.0005734996217625308,0.02394785213255107,0.0006361541174157648,0.025222095817274283
2018-11-08,0.0009508229927352795,0.030835417829750248,0.001268199121556604,0.035611783464979736
2018-11-09,0.0007579128030600624,0.027530216182588583,0.0009754243900661545,0.031231784932439492
2018-11-12,0.000546197187177079,0.023370861926276465,0.0010629759228029645,0.03260331153123812
2018-11-13,0.0009099840367478171,0.03016594166850783,0.001081653120991498,0.03288849526797324
2018-11-14,0.0008884374456813661,0.029806667805733773,0.0008977505245159399,0.029962485286036268
2018-11-15,0.0005525665663795732,0.023506734489919547,0.0007480996599357941,0.0273514105657422
2018-11-16,0.0006354245833731059,0.025207629467546247,0.0006606231584291871,0.025702590500359824
2018-11-19,0.0003597654443570817,0.018967483869957072,0.0003994011108206018,0.01998502216212436
2018-11-20,0.00038498927964488236,0.019621143688503033,0.00034710482187910534,0.018630749364400383
2018-11-21,0.0005359088657527371,0.023149705521944272,0.0003434284268084301,0.018531822004552872
2018-11-22,0.00045036135829812764,0.02122171902316416,0.00042231997867214326,0.020550425267428
2018-11-26,0.0004793080833383506,0.02189310584038616,0.0005033986887552339,0.02243654805791733
2018-11-27,0.0005382832498071619,0.023200932089189046,0.0006162937181261308,0.024825263707081355
2018-11-28,0.0004803679721974254,0.0219172984694151,0.0004297974433655716,0.020731556703865044
2018-11-29,0.000542925821241633,0.023300768683492675,0.0005073677436769129,0.022524825053192154
2018-11-30,0.0008274230337322812,0.028764961910843566,0.0008602390514124854,0.02932983210678993
2018-12-03,0.000444872827394569,0.02109200861451012,0.0004475171813550745,0.02115460189545231
2018-12-04,0.0006162020263374271,0.024823416894888324,0.000892565499412586,0.02987583470654144
2018-12-05,0.0005774349883242516,0.02402987699353144,0.000524819080898568,0.022908930156132736
2018-12-06,0.0006711441153487406,0.025906449300294718,0.0011772024465307438,0.03431038394612838
2018-12-07,0.0007874803553349834,0.0280620803814504,0.0009705790179282102,0.031154117190641276
2018-12-10,0.002766682831829885,0.05259926645714638,0.001062245817673658,0.03259211281389499
2018-12-11,0.0009196314167531724,0.03032542525263533,0.0005726935642044039,0.023931016781666505
2018-12-12,0.002281831130249459,0.04776851609846656,0.0009070717081115121,0.030117631183602604
2018-12-13,0.0006671226218189646,0.02582871699908775,0.0006329431777022072,0.0251583619836866
2018-12-14,0.0009714973488224604,0.031168852221768777,0.001513740742722846,0.0389068212878262
2018-12-17,0.0007007578848304437,0.026471831913006016,0.0005360101376844339,0.023151892745182496
2018-12-18,0.0009644841235027349,0.031056144697993903,0.0019124905696847427,0.043732031392158574
2018-12-19,0.00116421233492035,0.034120555899931494,0.0014763281684416875,0.038423016128899715
2018-12-20,0.0019250212896551578,0.043875064554427246,0.004159457630872982,0.06449385731116555
2018-12-21,0.0020976878105477266,0.045800521946236884,0.0015607091681328414,0.039505811827284874
2018-12-25,0.012897540895547446,0.1135673407963198,0.004264941083974708,0.06530651639748294
2018-12-26,0.0014711920746597992,0.038356121736429494,0.000719195233276001,0.026817815594787003
2018-12-27,0.001109346274173162,0.033306850258965674,0.000996090060522258,0.031560894482290235
2018-12-28,0.0018019386288237143,0.04244924768265881,0.0014470017607174199,0.038039476346519545
2019-01-04,0.0009472956727303604,0.030778168768306545,0.0006914784605440511,0.026295978029806214
2019-01-07,0.0005989888220352967,0.02447424814034737,0.0008745332678082764,0.02957250864922143
2019-01-08,0.0007839272171175915,0.027998700275505495,0.0006590048840832588,0.025671090434246435
2019-01-09,0.0005544927301676316,0.023547669314979595,0.0004781873121334641,0.02186749441827902
2019-01-10,0.0010132654851399768,0.031831831319293846,0.0007946164096269978,0.028188941264740645
2019-01-11,0.0006823354503993301,0.026121551454676848,0.0006627381008040952,0.025743700215860484
2019-01-15,0.0006807708773905489,0.02609158633334794,0.0005448164141084798,0.023341302750885175
2019-01-16,0.000628258267289214,0.025065080636000634,0.0005971001203745016,0.024435632186921248
2019-01-17,0.0007926286207892227,0.028153660877214933,0.0005303163341698384,0.023028598180736888
2019-01-18,0.0006226340227506805,0.02495263558726173,0.00033632489396204565,0.018339162847906817
2019-01-21,0.0005433156450626619,0.023309132224573738,0.000302681763373993,0.017397751675834235
2019-01-22,0.0003529768378760599,0.018787677820211308,0.0006423776980425904,0.025345171099098746
2019-01-23,0.0005683994610458963,0.0238411296092676,0.0005818404858860249,0.02412136990069231
2019-01-24,0.0006002233884097858,0.024499456900302623,0.0004285975661526757,0.020702598053207615
2019-01-25,0.0005241133638885905,0.02289352231284191,0.00042376746653518307,0.02058561309592656
2019-01-28,0.000991164291372821,0.03148276181297983,0.0006528982787786216,0.02555187427134498
2019-01-29,0.0010587427189464175,0.03253832692297527,0.0008248309899179846,0.028719870994104144
2019-01-30,0.0008527731983288813,0.029202280704234067,0.0009499756721089179,0.030821675361811823
2019-01-31,0.0011108892670277839,0.0333300055059669,0.001260477012759785,0.03550319721883911
2019-02-01,0.0008132187430546198,0.028516990427719047,0.0006469573901819862,0.025435357087762425
2019-02-04,0.0005740669884814291,0.02395969508323153,0.000535664720692191,0.023144431742693337
2019-02-05,0.005016085108560657,0.07082432568376953,0.000621553370001826,0.024930972103025306
2019-02-06,0.0012585454541302785,0.035475984188324906,0.0008410322450136404,0.0290005559431822
2019-02-07,0.0014745131022103697,0.03839938934684209,0.001305519013145979,0.03613196663822742
2019-02-08,0.0009753200730803704,0.031230114842574153,0.0008772766362381838,0.02961885609266813
2019-02-12,0.0008053100155765758,0.028377984698998198,0.0006512449465001214,0.025519501298029344
2019-02-13,0.0014041784248199527,0.03747236881783633,0.000736012809696689,0.02712955601731604
2019-02-14,0.0010112501188540575,0.03180015910108089,0.0008740220034833308,0.029563863135309818
2019-02-15,0.0005089143390160566,0.02255912983729773,0.0005549457833031102,0.02355728726536887
2019-02-18,0.00044513111318097244,0.021098130561283682,0.0005386764128425914,0.023209403543447457
2019-02-19,0.0003531888733438479,0.018793319912773474,0.00037166077709743046,0.01927850557220218
2019-02-20,0.0006054827504583949,0.024606559094241417,0.00045338908273965986,0.0212929350428648
2019-02-21,0.0003812409790755309,0.019525393186195533,0.0005378543850235178,0.023191687843352793
2019-02-22,0.0003197796193130853,0.01788238293161975,0.00039648852174617807,0.019912019529575047
2019-02-25,0.0005979453764491419,0.024452921634216675,0.000784650812453796,0.02801161924012598
2019-02-26,0.000787415025057072,0.02806091632604096,0.0006538846359492703,0.025571168059931683
2019-02-27,0.0003632885348762284,0.01906012945591473,0.000296840810371098,0.01722906876099512
2019-02-28,0.0005864729354891266,0.024217203296192702,0.00043035889273971374,0.020745093220800762
2019-03-01,0.000615181210655662,0.024802846825629957,0.00039002501872513327,0.019749051084169418
2019-03-04,0.00030844326350826706,0.017562552875600605,0.0002729693281510686,0.016521783443413988
2019-03-05,0.0004261560799802545,0.020643548144160067,0.00046699527186679627,0.021610073388741564
2019-03-06,0.0010138493246802148,0.031841000685911475,0.000879777913313674,0.02966105044184501
2019-03-07,0.0006957491894409597,0.026377058013375178,0.0003143657328994853,0.01773036189420524
2019-03-08,0.0011342963246893057,0.03367931597715883,0.0006543658196917952,0.025580575046151625
2019-03-11,0.0005246467631913169,0.02290516891863749,0.0004269475292037705,0.020662708660864636
2019-03-12,0.0009057084598808315,0.030094990611077312,0.00040184611771891293,0.020046099813153504
2019-03-13,0.000597080164800344,0.024435223854107496,0.0004674123491368199,0.021619721301090352
2019-03-14,0.0007049548901364119,0.026550986613239288,0.0003896319784363864,0.019739097710796873
2019-03-15,0.0004200847344109003,0.020495968735605066,0.00035521948760184273,0.018847267377576058
2019-03-18,0.000434098752527526,0.020835036657695757,0.00034058117628703067,0.01845484154055598
2019-03-19,0.0004392664463191678,0.020958684269752427,0.0005989475115180745,0.02447340416693343
2019-03-20,0.0008097185583509443,0.028455554086169968,0.0008297947344493178,0.02880615792585533
2019-03-22,0.0010872864436144573,0.03297402680314397,0.0011885645525333529,0.03447556457164049
2019-03-25,0.0006145227992403762,0.02478957037224276,0.0003926347788568256,0.0198150139756909
2019-03-26,0.004446336930315892,0.06668085880007765,0.0007768099073524167,0.0278713097530851
2019-03-27,0.00044470984552911206,0.021088144667777486,0.000449576521657588,0.021203219605936924
2019-03-28,0.0007087649597495296,0.02662263998459825,0.0007017427250708788,0.026490427045838254
2019-03-29,0.0004681787712571277,0.021637439110419876,0.0005858690125035141,0.024204731200811014
2019-04-01,0.000565650182609742,0.023783401409591145,0.0005197552835440307,0.02279814210728652
2019-04-02,0.00048458045021736217,0.022013188097532856,0.00034251456436995537,0.01850714900707171
2019-04-03,0.0005814403017364921,0.024113073253662465,0.0005375149941728123,0.02318436960913133
2019-04-04,0.00035507326916216675,0.018843387942781595,0.00037456422329285776,0.019353661754119237
2019-04-05,0.001078917314560094,0.032846876785473746,0.0005076570415980264,0.022531245895378853
2019-04-08,0.00044204231930707353,0.021024802479620908,0.0002638462328760802,0.01624334426391561
2019-04-09,0.0004989790239271078,0.022337838389761614,0.00021687129740096572,0.014726550763874266
2019-04-10,0.0003448091894857109,0.018569038464220783,0.00027839677062325253,0.016685226118433413
2019-04-11,0.0009320802662099091,0.030529989620206376,0.0007198335151508391,0.026829713288643975
2019-04-12,0.0005975971092420246,0.024445799419164523,0.00024557241500174006,0.015670750301173843
2019-04-15,0.0005663702654026863,0.023798534942359086,0.000543996258467933,0.023323727370811318
2019-04-16,0.0005699008008036223,0.023872595183674992,0.0005848738483586257,0.024184165240062054
2019-04-17,0.0005232329585649864,0.022874285968418475,0.00045096629810121794,0.02123596708655431
2019-04-18,0.00028182579107428136,0.016787667827136723,0.0003077470060022716,0.017542719458575162
2019-04-19,0.000502486269281957,0.0224162055058825,0.0003067776514513395,0.01751506926767175
2019-04-22,0.0004285404421683798,0.020701218374008325,0.00039860073019465006,0.01996498760817672
2019-04-23,0.00043751686429744014,0.020916903793282603,0.0003433579342740054,0.018529919974840835
2019-04-24,0.0004131000620253096,0.020324863148993393,0.000540591786917817,0.02325062981765907
2019-04-25,0.0010840394055776708,0.03292475369046321,0.0010114422505709897,0.031803179881436223
2019-04-26,0.000784966046189012,0.028017245513951083,0.0008396021998086106,0.028975889974401314
2019-05-07,0.0011339008452724026,0.03367344421457957,0.0008666465281216048,0.02943886084959139
2019-05-08,0.0007786666695564792,0.02790459943372202,0.0006801431109356512,0.02607955350337983
2019-05-09,0.001499016431538546,0.03871713356562629,0.0016422173807944535,0.04052428137295532
2019-05-10,0.0008725716501483912,0.02953932379301177,0.0009568022132434531,0.03093221966240789
2019-05-13,0.001263530820051398,0.035546178698298896,0.001017022531309545,0.031890790697465386
2019-05-14,0.001210564954929776,0.034793173970331825,0.001005285450932676,0.03170623678288983
2019-05-15,0.0007444117771606751,0.027283910591421368,0.0008226304566281652,0.028681535116310723
2019-05-16,0.0006512082472124647,0.02551878224391722,0.0007087480101935812,0.026622321652958466
2019-05-17,0.0006563299821672873,0.025618937959394166,0.0004973281587971358,0.02230085556199887
2019-05-20,0.0005544453895735792,0.023546664085886543,0.00045212453427746714,0.02126322022360365
2019-05-21,0.0003907611606333027,0.019767679697761765,0.0006190784145483534,0.024881286432746067
2019-05-22,0.0004664994418218925,0.021598598144830894,0.00041751989096017926,0.020433303476437167
2019-05-23,0.00033975304131929167,0.01843239109066677,0.0004467896453117123,0.021137399208788963
2019-05-24,0.0006391863721528472,0.025282135434983477,0.00057431633677596,0.023964898013051506
2019-05-27,0.0006138432386428208,0.024775859998046906,0.0005254338618870737,0.022922344162128655
2019-05-28,0.00041033705823039694,0.020256778081185492,0.00040610919534565175,0.020152151134448446
2019-05-29,0.00048430269520047145,0.022006878361105,0.00046342353837779343,0.021527274290485395
2019-05-30,0.0007739342513954471,0.027819673818998077,0.0007459236043494257,0.027311602009941226
2019-05-31,0.0005515631288836657,0.023485381173906156,0.0007097579416457688,0.026641282657668134
2019-06-03,0.0010890312658520846,0.0330004737216314,0.0009186050164239173,0.03030849742933353
2019-06-04,0.0007229940320130521,0.026888548343357105,0.0005456876553745387,0.023359958376986435
2019-06-05,0.0007093946937096632,0.026634464396898677,0.0006050851045810734,0.024598477688285374
2019-06-06,0.0006191174052702524,0.02488206995549712,0.0006648065600065979,0.025783843003062943
2019-06-07,0.0004141356582473983,0.02035032329589381,0.0003405551657089971,0.018454136818312504
2019-06-10,0.0004665594427742618,0.02159998710125221,0.0004098730282004362,0.020245321143425612
2019-06-11,0.0007438110603546256,0.027272899742319768,0.0003743265351305733,0.019347520128703142
2019-06-12,0.0003885083846685041,0.019710616039802106,0.000468397062512068,0.021642482817645206
2019-06-13,0.00046343386679698864,0.021527514180624492,0.000451747531497836,0.021254353236403973
2019-06-14,0.0005704510647602782,0.023884117416397833,0.00042154076733126106,0.020531457993315065
2019-06-17,0.0007724300235967329,0.027792625345525256,0.0006581157917018072,0.025653767592730064
2019-06-18,0.0005437729775298741,0.023318940317473134,0.0003859445824961365,0.019645472315425162
2019-06-19,0.00045981861522887866,0.021443381618319407,0.0004546044771177001,0.02132145579264465
2019-06-20,0.0004146980664578909,0.02036413677173405,0.00032374379816166386,0.017992881874832164
2019-06-21,0.00046105924594047517,0.02147229018853078,0.0002957338289042219,0.017196913353977855
2019-06-24,0.000789887043118841,0.028104929160537678,0.0005369039695804755,0.023171188350632248
2019-06-25,0.0006853807574743484,0.026179777643714784,0.0007499150036402427,0.027384576017171466
2019-06-26,0.00028821057730412107,0.016976765808130862,0.0009255016089203885,0.03042205793368339
2019-06-27,0.0009228251095835228,0.030378036631479702,0.000870444887529413,0.029503302993553332
2019-06-28,0.00035155906616568387,0.018749908430861304,0.00032097951232146004,0.017915901102692547
2019-07-01,0.0007983247468754139,0.028254641156373123,0.00039065922589074905,0.019765101211244758
2019-07-02,0.0003981824220920991,0.019954508816107178,0.00035560694826132055,0.018857543537304126
2019-07-03,0.00040825505477325467,0.020205322436755487,0.00025620072841076985,0.016006271533707338
2019-07-04,0.00044345053520296855,0.021058265246761628,0.0003726702124555485,0.01930466815191467
2019-07-05,0.00030710941046482973,0.017524537382334227,0.00025741903644609787,0.016044283606509138
2019-07-08,0.0003685016274704557,0.01919639621049888,0.00022832818862258592,0.015110532373896889
2019-07-09,0.0004141786996788605,0.02035138078064632,0.00027116115685436843,0.01646697169653147
2019-07-10,0.0007192611957557665,0.026819045392328312,0.000357631372440437,0.01891114413356413
2019-07-11,0.0007799349229633945,0.027927314997389107,0.0006236308433502574,0.024972601853836884
2019-07-12,0.00048171910922686944,0.02194810035576814,0.00029986529900938866,0.017316619156445886
2019-07-16,0.0009608958354909569,0.03099831988174451,0.0007534922211244606,0.02744981277029883
2019-07-17,0.0006499607206254042,0.025494327224412184,0.0006442245848285845,0.025381579636196493
2019-07-18,0.00044617137399438687,0.021122769089169793,0.00027650502150846083,0.016628440140568232
2019-07-19,0.0002840255284542357,0.016853056946863846,0.0003643767172874555,0.019088654150763367
2019-07-22,0.0003259294162281327,0.01805351534267309,0.0003608956175131266,0.01899725289385617
2019-07-23,0.00037377834617811543,0.019333348033336476,0.000351825925621924,0.01875702336784608
2019-07-24,0.00031358585415282726,0.01770835548979146,0.00032203194522689493,0.017945248541797767
2019-07-25,0.0003539948335445587,0.01881475042472152,0.000391506137580166,0.01978651403305206
2019-07-26,0.00047861889413110763,0.021877360309943878,0.00043075329733233055,0.020754597016861845
2019-07-29,0.0005909021292933201,0.02430847854748051,0.0006101485374723607,0.02470118494065337
2019-07-30,0.00046553516932744816,0.02157626402618044,0.0005677853120324857,0.02382824609643953
2019-07-31,0.0014230853133873605,0.03772380300801287,0.0010773560156146448,0.03282310185851795
2019-08-01,0.0009886186156044126,0.03144230614322704,0.0009918713642468916,0.031493989335219054
2019-08-02,0.0008765125237929592,0.029605954194941247,0.00035866222879148266,0.018938379782639344
2019-08-05,0.0007100060755645031,0.026645939194640957,0.0005049317358614752,0.022470686145765
2019-08-06,0.0005912199261818641,0.02431501441870566,0.0007356346206154903,0.027122585065135114
2019-08-07,0.0007432959398045554,0.027263454289663213,0.0004769997408881594,0.02184032373588266
2019-08-08,0.0012774617810003119,0.03574159734819237,0.0010011470369051902,0.03164090764983189
2019-08-09,0.0007774901579332031,0.027883510502323825,0.000557647934366341,0.023614570382845017
2019-08-13,0.0006634880594461956,0.025758261964779292,0.0007337461830533875,0.027087749686036815
2019-08-14,0.0008557949300330522,0.029253972893148242,0.000602934150665343,0.024554717482906274
2019-08-15,0.0007112809002437679,0.02666985002289604,0.000510148605498196,0.022586469522663254
2019-08-16,0.0008378390277263667,0.0289454491712664,0.0007679129782273631,0.02771124281275315
2019-08-19,0.00038957186252608784,0.019737574889689153,0.0004795090506700057,0.021897695099484915
2019-08-20,0.00026049172208362175,0.016139755948700766,0.0003647368038889576,0.0190980837753152
2019-08-21,0.0002769061741503231,0.016640498013891385,0.0003405845251713463,0.018454932272196134
2019-08-22,0.0006363523289778368,0.02522602483503568,0.0005974394806826206,0.024442575164712505
2019-08-23,0.00034438463128395554,0.018557603058691485,0.0005077133675152054,0.022532495811942478
2019-08-26,0.0006432437483552431,0.025362250459201034,0.00036450079351305146,0.019091903873449903
2019-08-27,0.00036022728886761827,0.018979654603485763,0.0003254821060666075,0.01804112263875526
2019-08-28,0.0006496994497200584,0.02548920261051841,0.0006516983690136408,0.02552838359578688
2019-08-29,0.00043614511243357225,0.020884087541321317,0.0002587322348416772,0.016085155729481677
2019-08-30,0.00048120994174137663,0.021936497937031257,0.00033064543112998004,0.01818365835386213
2019-09-02,0.00037555490694402254,0.019379239070304657,0.0003643187105322745,0.01908713468628213
2019-09-03,0.0005466049903018366,0.023379584904395474,0.0006676914097327264,0.025839725419066015
2019-09-04,0.00031245394635740344,0.017676366887949668,0.0003141840059891068,0.017725236415605486
2019-09-05,0.0005005650077987379,0.022373310166328493,0.0005273471175440737,0.022964039660827832
2019-09-06,0.0005487302478539703,0.023424991949923275,0.0004591616267068819,0.021428056997938053
2019-09-09,0.0005189677303208101,0.022780863247928294,0.0005818230661616167,0.024121008813099355
2019-09-10,0.0003666837741680188,0.01914898885497662,0.00039412878340317007,0.019852676983297998
2019-09-11,0.0007385161389604222,0.027175653422878764,0.0003383886137534358,0.01839534217549203
2019-09-12,0.000629047589971842,0.02508082115824444,0.0003926267123189954,0.019814810428540452
2019-09-13,0.0003922579692371093,0.01980550350880051,0.0003723655675554404,0.01929677609227615
2019-09-17,0.00040149549735879627,0.020037352553638324,0.0004884346322231209,0.022100557283089513
2019-09-18,0.0004737738927501846,0.021766347712700553,0.0004621280455994784,0.021497163664062253
2019-09-19,0.0006747470070255327,0.025975892805167114,0.0006219637632912403,0.02493920133627459
2019-09-20,0.00025873597354638387,0.016085271945055324,0.00021860914899310898,0.01478543705789954
2019-09-24,0.00038488257361465417,0.019618424340773502,0.0003907614661334753,0.01976768742502459
2019-09-25,0.000692281530954952,0.026311243432322842,0.0005406461288683958,0.023251798400734422
2019-09-26,0.0006817584832585271,0.026110505227944694,0.0004749557384216763,0.0217934792637999
2019-09-27,0.0006631162571595206,0.025751043807184217,0.0005659451830974425,0.023789602415707635
2019-09-30,0.0003914088313598597,0.01978405497767987,0.0002601945806750422,0.016130548058731365
2019-10-01,0.0004896900150870795,0.022128940667982266,0.00048226183295028605,0.021960460672542505
2019-10-02,0.00040870858045695255,0.02021654224779679,0.00037606281505134313,0.019392339081486357
2019-10-03,0.00022842525449956553,0.015113743894203233,0.00022529396513299812,0.01500979563928164
2019-10-04,0.0005165214762669046,0.022727108840917373,0.0004553709420684659,0.021339422252452524
2019-10-07,0.00027896821398149104,0.01670234157181235,0.00026285147836349235,0.01621269497534239
2019-10-08,0.000426156368680986,0.020643555136676095,0.0003371644016096358,0.018362036967875753
2019-10-09,0.0003901850403105937,0.019753102042732267,0.00043158172385598644,0.020774545093839875
2019-10-10,0.0009327859431728457,0.03054154454465009,0.0005765078863816219,0.02401057863487721
2019-10-11,0.0006299406733575091,0.025098618953191612,0.0005763274338398244,0.0240068205691596
2019-10-15,0.00042065096508457476,0.020509777304607058,0.00039192693581522963,0.019797144637932754
2019-10-16,0.0006053290438357567,0.02460343561041337,0.0005319559908845695,0.023064171151042246
2019-10-17,0.00045866031720906994,0.021416356300946012,0.00044285222717641644,0.02104405443768896
2019-10-18,0.0007000933788916917,0.02645927774697737,0.000553730277602885,0.0235314741910252
2019-10-21,0.00036843252518493566,0.019194596249594197,0.0005367202856912572,0.023167224384704723
2019-10-23,0.00029792358157885307,0.01726046295957478,0.0003448351473326481,0.018569737406130656
2019-10-24,0.000632864291201859,0.025156794136015403,0.0006620910983322414,0.025731130918252337
2019-10-25,0.0004075201058988203,0.020187127232442467,0.0005489721224286846,0.02343015412729256
2019-10-28,0.0008004117937267537,0.028291549864345605,0.0006599964416949153,0.02569039590381813
2019-10-29,0.000794499599980704,0.028186869283066966,0.0007665637078014252,0.02768688692867844
2019-10-30,0.000601033565977357,0.024515985927091675,0.0005226976830843101,0.022862582598742208
2019-10-31,0.0008209390733082988,0.02865203436596255,0.0008356117021009795,0.028906949027889116
2019-11-01,0.0006031712312489685,0.024559544605895454,0.0005208604716362366,0.02282236779206392
2019-11-05,0.0006042891252874057,0.024582292921682583,0.0006299336203298419,0.025098478446508303
2019-11-06,0.0009581538204368011,0.03095405983771436,0.0007422689004075157,0.027244612318906573
2019-11-07,0.0004673175692357819,0.02161752921209503,0.0007743228667964192,0.027826657485160146
2019-11-08,0.0004371162325031487,0.02090732485286314,0.0004784094209543841,0.021872572344248494
2019-11-11,0.0004031331667157476,0.020078176379236926,0.0005127434883229207,0.02264383996416952
2019-11-12,0.0007752032848497343,0.027842472678441015,0.0004756853198807587,0.021810211367172917
2019-11-13,0.0006752324371518363,0.025985234983579353,0.0008684395915429825,0.029469299135591646
2019-11-14,0.0005610940664454217,0.023687424225639683,0.0005082507480456386,0.02254441722568225
2019-11-15,0.00037293301368641874,0.0193114736280383,0.0003236855749449576,0.0179912638506848
2019-11-18,0.00046122765070555615,0.021476211274467295,0.0003871546992671251,0.019676247082894775
2019-11-19,0.00021765769898816111,0.014753226731402223,0.000307271612428128,0.0175291646243661
2019-11-20,0.00023005369948040256,0.015167521204217996,0.000386732640349832,0.019665519071456822
2019-11-21,0.0005836135060599297,0.024158094007183797,0.000476039963748984,0.021818340077764484
2019-11-22,0.00044076083047797616,0.020994304715278765,0.0002665384227039018,0.016326004492952396
2019-11-25,0.0004516863094852044,0.021252912964702143,0.0003575994053848372,0.018910298923730348
2019-11-26,0.0005165442932871757,0.02272761081343958,0.0001900922783822447,0.013787395634500545
2019-11-27,0.0002801123121576523,0.01673655616181693,0.00021188899028445768,0.014556407190115894
2019-11-28,0.0004382736230740819,0.020934985623928235,0.0003152357050607098,0.01775487834542129
2019-11-29,0.00030902986975352793,0.01757924542617026,0.0003745949962805017,0.01935445675498286
2019-12-02,0.00038638358623442886,0.019656642292986585,0.00038254418900362223,0.019558736896937445
2019-12-03,0.00033709475693528514,0.018360140438876963,0.00032589982563632894,0.018052695799695095
2019-12-04,0.0003183320177486441,0.01784186138688013,0.00030899351677614605,0.017578211421420156
2019-12-05,0.0002916161353172747,0.01707677180609013,0.0006022170904642633,0.024540111867395048
2019-12-06,0.0003493476783220652,0.018690844772831033,0.0002613673777484465,0.016166860479030754
2019-12-09,0.0003023079064153215,0.017387003951668083,0.00033219442924166837,0.018226201722840344
2019-12-10,0.0003598929839188636,0.01897084563004147,0.00031856972224155724,0.017848521570190547
2019-12-11,0.000488511364906205,0.0221022932046927,0.00037438209402780695,0.019348955889861522
2019-12-12,0.0004252637193667268,0.020621923270314212,0.0003393792995386208,0.01842225012148681
2019-12-13,0.0003316278251825415,0.0182106514211475,0.00041955989664318864,0.020483161295151407
2019-12-16,0.0004232336011132857,0.020572642054760143,0.0003072615194897336,0.017528876732116453
2019-12-17,0.00022991753079681538,0.015163031715221577,0.0005006834945378781,0.022375957957993176
2019-12-18,0.0003915589568709996,0.019787848717609493,0.00030912534207033814,0.017581960700397956
2019-12-19,0.00033355182275507356,0.018263401182558345,0.000440359637221111,0.02098474772831713
2019-12-20,0.0002687314046894655,0.016393029149289813,0.0002170588054122409,0.014732915713199506
2019-12-23,0.0003993999299854998,0.01998499261910046,0.0005590573891031376,0.02364439445414362
2019-12-24,0.00023782933063158098,0.015421716202536635,0.0002920371920521463,0.0170890957060971
2019-12-25,0.00038044285323718266,0.01950494432796932,0.0003639341549458575,0.019077058340998425
2019-12-26,0.0003280242252871212,0.018111439072782738,0.0003311816893555177,0.01819839798871092
2019-12-27,0.0006379328173138563,0.02525733195161073,0.00045367959230673417,0.021299755686550355
2019-12-30,0.0005344681084843741,0.023118566315504387,0.0006111921481523809,0.02472230062418101
2020-01-06,0.0006041154948332721,0.024578761051633015,0.0006081724005416899,0.02466115164670316
2020-01-07,0.0005533655938213571,0.023523724063620476,0.0005971827136711151,0.02443732214607638
2020-01-08,0.0005753811150838771,0.02398710309903797,0.000456040514272769,0.021355105110318913
2020-01-09,0.001042122899296126,0.032281928370159765,0.0006669919391757279,0.02582618708163727
2020-01-10,0.0005898045912049567,0.02428589284347925,0.0005964402428848285,0.02442212609264043
2020-01-14,0.00032405284076572,0.018001467739207265,0.0003757438839684841,0.01938411421676224
2020-01-15,0.00035548843480157744,0.01885440093987548,0.00028437671579608254,0.016863472827270264
2020-01-16,0.0005595926470465777,0.023655710664585362,0.0004036548803374578,0.020091164235490632
2020-01-17,0.0004452106325393611,0.021100014989079062,0.00034500224490108646,0.01857423605161425
2020-01-20,0.0003115391533424125,0.01765047175976927,0.0003181796369406797,0.017837590558724005
2020-01-21,0.00033844228962724937,0.018396801070491832,0.00045285221638385447,0.021280324630603135
2020-01-22,0.0005321561998062377,0.023068511001064582,0.0005714253031167187,0.023904503824943087
2020-01-23,0.0011403861485789046,0.03376960391504325,0.00099784103419544,0.03158862191035627
2020-01-24,0.0006216083195091742,0.02493207411165734,0.0003983381882821236,0.019958411466900958
2020-01-27,0.0005991478670085597,0.0244774971557257,0.0005149275559537908,0.02269201524664107
2020-01-28,0.0008821462126695805,0.029700946326162412,0.0009018624423625892,0.03003102466388034
2020-01-29,0.0007232076488689848,0.026892520314559302,0.0005508701877767297,0.0234706239324124
2020-01-30,0.0007893134472140354,0.028094722764498592,0.0006218075564825856,0.024936069387186618
2020-01-31,0.0005757130705274411,0.023994021558034852,0.0005544952875061398,0.023547723616225407
2020-02-03,0.0007521089277941905,0.02742460442365925,0.0005499823830315368,0.023451703201079806
2020-02-04,0.0012800769624132942,0.03577816320625325,0.0008500381635062737,0.02915541396561321
2020-02-05,0.0005166014871109628,0.022728869024017953,0.0004464757605387728,0.0211299730368681
2020-02-06,0.000792856956807087,0.02815771575975379,0.0006119749537059956,0.024738127530312307
2020-02-07,0.0005621823863809047,0.023710385622779415,0.0007973601659690862,0.028237566573079315
2020-02-10,0.0005721104988028299,0.023918831468172308,0.0004739558680063569,0.021770527508683774
2020-02-12,0.0005657540590553351,0.02378558511063655,0.0006925554780670885,0.026316448811856977
2020-02-13,0.0007983955252929589,0.028255893638194474,0.0009942388673062873,0.0315315535187578
2020-02-14,0.0007335565363310513,0.027084248860381032,0.0008114196739556891,0.02848542915168541
2020-02-17,0.00047557471981335517,0.021807675708643396,0.0006115714776763555,0.02472997124293426
2020-02-18,0.0004380599777142672,0.02092988241042618,0.00030327319110755394,0.017414740627053678
2020-02-19,0.0005477035917018564,0.023403067997633482,0.0004842697690263503,0.022006130260142292
2020-02-20,0.0018754448630529342,0.043306406720633545,0.002234119293691269,0.04726647113643316
2020-02-21,0.00047707182526638005,0.021841973932462698,0.0005701777205631226,0.023878394430177304
2020-02-25,0.001132133406080929,0.03364719016620748,0.001802260824091348,0.042453042577550885
2020-02-26,0.0031565341388438122,0.056183041381219406,0.0035502277998692377,0.059583788062435555
2020-02-27,0.0037010547396212007,0.060836294591478865,0.0023456251413323742,0.04843165433197976
2020-02-28,0.001541754005324768,0.039265175478084495,0.0009345202636885626,0.03056992416883893
2020-03-02,0.0017592547571518547,0.041943470971676326,0.00048634588330020295,0.022053251082328043
2020-03-03,0.001895069103983983,0.04353239143424104,0.00035761095141686463,0.018910604205494456
2020-03-04,0.0025983544142439857,0.05097405628595772,0.0020724548231985046,0.0455242223788447
2020-03-05,0.004977710327772792,0.07055289028645667,0.006404417938662712,0.0800276073531048
2020-03-06,0.0023315744221957995,0.048286379261607504,0.0014821339103526655,0.03849849231272136
2020-03-09,0.002743061105885955,0.052374240862144775,0.0018947513396605944,0.04352874153545671
2020-03-10,0.004221157047399181,0.06497043210106564,0.0029208940422927386,0.05404529620876121
2020-03-11,0.0033539032994586385,0.05791289406909862,0.0057666933035857605,0.07593874705040742
2020-03-12,0.0029695817966248796,0.0544938693489908,0.0017925737360596512,0.04233879705494301
2020-03-13,0.011583304059603452,0.10762575927538653,0.004435766547706458,0.0666015506404052
2020-03-16,0.002938902223590324,0.0542116428785397,0.0023360489211178477,0.048332689984293735
2020-03-17,0.0043559319347545025,0.06599948435218644,0.005389694406571515,0.07341453811454182
2020-03-18,0.0051487630689071575,0.07175488184721063,0.0037599097141298547,0.06131810266250787
2020-03-19,0.00717471489000435,0.0847036887626764,0.006419023122696828,0.08011880629850165
2020-03-23,0.004981468914322917,0.0705795219190589,0.005654412690559694,0.07519582894389618
2020-03-24,0.005596417468529371,0.07480920711068505,0.002477531537295074,0.04977480825975198
2020-03-25,0.0023690813566162624,0.04867320984500881,0.00283957025394922,0.053287618204881516
2020-03-26,0.002070848091758802,0.04550657196228697,0.002408032209922031,0.04907170477904789
2020-03-27,0.00804440985819974,0.08969063417213494,0.0015904612064809617,0.039880586837218956
2020-03-30,0.004305706870398344,0.06561788529355654,0.0028241615201171095,0.05314284072306551
2020-03-31,0.0016248783019507922,0.04030977923470671,0.0018947753384179241,0.04352901720023006
2020-04-01,0.0010582817862858087,0.03253124323301845,0.001537419103516776,0.03920993628554854
2020-04-02,0.003605405694180186,0.060045030553578585,0.0021661275520351267,0.04654167543218794
2020-04-03,0.003944089256981534,0.06280198449875238,0.0018492270065738215,0.04300263953031048
2020-04-06,0.0021354736720785162,0.04621118557317607,0.0015238965912170584,0.03903711812130935
2020-04-07,0.0017304689261101725,0.041598905347498896,0.0012541782257215089,0.035414378799034564
2020-04-08,0.000813769865524961,0.02852665184568566,0.000873528468786638,0.029555515031659287
2020-04-09,0.0013360419447584612,0.03655190753925794,0.00126607611325134,0.035581963313613546
2020-04-10,0.001334379692393489,0.036529162218609516,0.0017063738719361966,0.041308278491559006
2020-04-13,0.0012039503905950598,0.03469798827879017,0.0011309504737997177,0.03362960710147708
2020-04-14,0.0010909280897310062,0.03302920056148811,0.0014744407342357293,0.03839844702895847
2020-04-15,0.0005926840279393316,0.024345102750642306,0.0009185495785728051,0.03030758285599175
2020-04-16,0.0010147202022844342,0.031854673162417385,0.0013761284530847012,0.037096205373120056
2020-04-17,0.0017493197267647515,0.04182486971605233,0.0018034620412171957,0.04246718781856406
2020-04-20,0.002009719586492604,0.044829896124044324,0.0012763194957702679,0.03572561400130539
2020-04-21,0.003215280141874105,0.05670344030016261,0.0013257670308914277,0.03641108390162847
2020-04-22,0.0007389107044343915,0.02718291199327974,0.0009946080936794673,0.03153740784654736
2020-04-23,0.000962193898845599,0.031019250455895916,0.0010163543037154867,0.03188031216464931
2020-04-24,0.0008627237863949394,0.029372160056675086,0.001055365811830606,0.03248639425714411
2020-04-27,0.0015106241137512267,0.03886674817567359,0.0014756790501668593,0.03841456820227008
2020-04-28,0.000862193260179414,0.029363127561270002,0.0010998017255180882,0.033163258668564045
2020-04-30,0.00115000993317291,0.03391179637195455,0.001531532671158976,0.03913480127915531
2020-05-01,0.0020107606473928914,0.044841505855545166,0.0016283886908613915,0.040353298388872645
2020-05-07,0.0021054386173554158,0.04588505875941989,0.0025992625653330765,0.05098296348127555
2020-05-08,0.0009580994862644128,0.030953182167014957,0.0006294449329342189,0.025088741158819008
2020-05-11,0.0010548694002376485,0.032478753058540415,0.0011458917955860053,0.03385102355300361
2020-05-12,0.0016561462099029818,0.04069577631527603,0.0018570932016535781,0.04309400424251126
2020-05-13,0.001179805296399128,0.03434829393724131,0.0011715715092002294,0.03422822679018341
2020-05-14,0.001999118656175457,0.0447115047406756,0.0012898365454160395,0.0359142944440795
2020-05-15,0.0008736399456579838,0.029557400861002375,0.0009374220976347421,0.030617349618063647
2020-05-18,0.0011162588414741516,0.0334104600607976,0.0012014357186058938,0.0346617327698125
2020-05-19,0.0005646864096033695,0.02376313130888624,0.0006153961231783012,0.024807178863754362
2020-05-20,0.0012095405208735557,0.034778449086662215,0.0007345834169199722,0.027103199385311916
2020-05-21,0.001019758677535997,0.0319336605721298,0.0015215629248062261,0.039007216317064025
2020-05-22,0.0009222907518326258,0.030369240224816716,0.001350501556574338,0.036749170828392005
2020-05-25,0.0012255482322333544,0.035007831012979856,0.0007796294859980566,0.027921846034924994
2020-05-26,0.0015053892345484382,0.038799345800521405,0.0007321984918953598,0.027059166504076946
2020-05-27,0.001048642213863903,0.032382745619602776,0.0011160177155270941,0.03340685132614408
2020-05-28,0.000778274670170727,0.02789757462882261,0.0011204976207006847,0.033473834866962655
2020-05-29,0.001042438242457322,0.032286812206492634,0.0011253739518440476,0.033546593744284196
2020-06-01,0.0004678139005183436,0.021629005999313597,0.0005844162270644372,0.02417470221252864
2020-06-02,0.0007022629948171172,0.026500245184094377,0.0007756978031942396,0.027851351909633393
2020-06-03,0.00045565340004247065,0.021346039446287702,0.0008473982857185099,0.029110106247118198
2020-06-04,0.0008878962577793847,0.029797588120171484,0.0011562890059155751,0.03400424982139108
2020-06-05,0.00031383283577524,0.01771532770724945,0.0005922374806071278,0.024335929828283278
2020-06-08,0.0007292354992858873,0.02700436074573674,0.0006281797179240917,0.025063513678734106
2020-06-09,0.002113013786579861,0.04596752969847152,0.0016163671074192012,0.04020406829438038
2020-06-10,0.0010050322265468842,0.0317022432415576,0.0009025125231116675,0.03004184620012005
2020-06-11,0.0019482325034365236,0.044138786836936554,0.001982979804054698,0.04453066139251356
2020-06-12,0.002245972573293423,0.04739169308321262,0.002549645772923875,0.05049401719930664
2020-06-15,0.0008527435378668336,0.02920177285485992,0.0006361809197900533,0.025222627138941203
2020-06-16,0.0006636433722151411,0.025761276602977987,0.0005088130193776892,0.02255688407953743
2020-06-17,0.0006961146418870347,0.02638398457183893,0.000597571344709515,0.02444527244089366
2020-06-18,0.0011389146129281793,0.033747809009299835,0.0006171590858959725,0.02484268676886565
2020-06-19,0.000404208048061731,0.020104925965089525,0.0004142405056845853,0.02035289919605031
2020-06-22,0.0009477906925569189,0.030786209454184497,0.0008678842524239635,0.029459875295458456
2020-06-23,0.0007803661611813277,0.02793503465509445,0.0006678703277973323,0.025843187260810776
2020-06-24,0.0007268603246062807,0.026960347264200452,0.0008486460056368299,0.02913152940778822
2020-06-25,0.0010789283400160158,0.032847044616160156,0.0011460449739858717,0.033853286014593496
2020-06-26,0.0006208104330584708,0.024916067768780668,0.0007768377615318495,0.02787180944129479
2020-06-29,0.000780281302693824,0.027933515759635843,0.0010035349421875443,0.031678619638291446
2020-06-30,0.0010115475301933046,0.03180483501282949,0.0010714372085388522,0.03273281546917179
2020-07-01,0.0015011685499801437,0.03874491644048473,0.0007208106835368491,0.0268479176759921
2020-07-02,0.0013371430762911007,0.036566967009735725,0.0010333592174779354,0.032145905143236134
2020-07-03,0.0008332966847018669,0.02886687867958479,0.0008629416744215723,0.02937586891347339
2020-07-06,0.0006443872126105459,0.025384783091658394,0.0008428778603486255,0.029032358849198345
2020-07-07,0.0011995532241746926,0.034634566897460875,0.0007555015515024299,0.02748638847688852
2020-07-08,0.0011708503834539524,0.034217691088879044,0.0010570473250998444,0.03251226422597855
2020-07-09,0.0014675362827562264,0.038308436182598556,0.0014190761331223738,0.03767062692765245
2020-07-10,0.0008486855428885104,0.029132207998854298,0.0006954334792752558,0.026371072774448442
2020-07-13,0.0006734296124816385,0.025950522393232058,0.0012685066395827125,0.03561610084754804
2020-07-14,0.0006023999422256494,0.024543837153665468,0.0009027689183573094,0.030046113198836707
2020-07-15,0.0009468909976425756,0.030771594005552842,0.0004927373821398388,0.02219768866661209
2020-07-16,0.0010093017078799055,0.03176950909094923,0.0005338221465729474,0.023104591460853564
2020-07-17,0.0005394396792101032,0.02322584076433194,0.0008404733357419173,0.028990918159691275
2020-07-20,0.000552848332808314,0.023512727038953053,0.0005504886652123899,0.023462494863342856
2020-07-21,0.0009722037341381528,0.03118018175280819,0.0010298099301238011,0.03209065175598341
2020-07-22,0.0006282538114483868,0.025064991750415298,0.0007268652145891821,0.02696043795247366
2020-07-27,0.0011452035283597986,0.033840855904657595,0.001101467192389237,0.03318835929040839
2020-07-28,0.0009372577638640427,0.030614665829697418,0.001117005371165917,0.03342163028887007
2020-07-29,0.0023031797686654774,0.047991455163033735,0.002529253125595567,0.05029168048092614
2020-07-30,0.0018767398012223193,0.043321355025233446,0.0014218989658295838,0.03770807560496271
2020-07-31,0.002432648320508896,0.04932188480288335,0.001380522540646247,0.037155383737033955
2020-08-03,0.0015195861719651204,0.03898186978539024,0.0006453945974271916,0.02540461763985421
2020-08-04,0.0008156389004898226,0.02855939250911725,0.0009130676199228979,0.030217008785167632
2020-08-05,0.0011481479770521833,0.03388433232413151,0.0010919421181219192,0.03304454747945445
2020-08-06,0.0016625454507129766,0.04077432342434362,0.0016062344291978797,0.04007785459824265
2020-08-07,0.0006811630980701197,0.026099101480129918,0.0008890958476152492,0.029817710301350255
2020-08-11,0.0005114029484598146,0.022614220049778738,0.0009074506061044984,0.03012392082887781
2020-08-12,0.0005807839228884922,0.02409945897501627,0.0008230831222568814,0.028689425268849173
2020-08-13,0.0006474616091155888,0.02544526692954092,0.0011069518413253264,0.033270885791113626
2020-08-14,0.0011070891221222066,0.03327294880412926,0.0009977412408987438,0.031587042294250085
2020-08-17,0.00032374702583645417,0.017992971567710937,0.0007334494842818815,0.027082272509556533
2020-08-18,0.000722074715123713,0.02687144795361264,0.0004919718421034966,0.022180438275730636
2020-08-19,0.0007982326110973581,0.028253010655456847,0.000736453901426419,0.027137684157393
2020-08-20,0.0011536239189611237,0.033965039657876506,0.0009267392862201375,0.030442392912189697
2020-08-21,0.0012624794615025909,0.0355313869909773,0.0006283478615893329,0.02506686780571783
2020-08-24,0.0005649351230129167,0.023768363911151242,0.0005251252508225886,0.022915611508807453
2020-08-25,0.0006619393128370131,0.025728181296722337,0.0005057248916823801,0.022488327898765176
2020-08-26,0.001464834034847257,0.03827315031255275,0.001157662777131112,0.034024443818101005
2020-08-27,0.0010323740330812784,0.03213057785165524,0.0010393119235857418,0.03223836105613531
2020-08-28,0.0009278900629458947,0.030461287939709553,0.000856374816832961,0.029263882463421716
2020-08-31,0.0006018569050443691,0.024532772061965788,0.0006346048418107386,0.025191364429318602
2020-09-01,0.0006992359276932323,0.02644306955883209,0.0006125792576546975,0.02475033853616345
2020-09-02,0.0005652978314399748,0.02377599275403605,0.0005156475367984296,0.02270787389427794
2020-09-03,0.0006830394736534153,0.02613502388851817,0.000674204649474225,0.02596545107396028
2020-09-04,0.0009114859236315909,0.030190825156520495,0.0007235032610749268,0.026898015931940533
2020-09-07,0.00040077762473090324,0.02001943117900464,0.00042157609384670873,0.020532318277454904
2020-09-08,0.0004883277346848072,0.02209813871539427,0.000509119686170144,0.022563680687559463
2020-09-09,0.0006423773849211513,0.02534516492195605,0.0005853827726403153,0.024194684801425195
2020-09-10,0.0003818138670963459,0.01954005801159111,0.0007468114214981993,0.027327850656394464
2020-09-11,0.0007613541134343183,0.02759264600277252,0.0006299680388196637,0.025099164105994918
2020-09-14,0.0008556534067359614,0.029251553920022117,0.0010408923268471358,0.03226286296730555
2020-09-15,0.0004025804667072687,0.020064407958055197,0.00039466382365776467,0.019866147680357275
2020-09-16,0.00043020790567265265,0.02074145379843594,0.0005582479653178172,0.023627271643543977
2020-09-17,0.0008891933436498276,0.029819345124429335,0.0008278164592435773,0.02877179972201213
2020-09-18,0.0007232440304845538,0.026893196732343923,0.0007137625654945369,0.026716335180831538
2020-09-23,0.0005342921284150873,0.02311475996879672,0.0007577982041243225,0.027528134773796835
2020-09-24,0.0011736302590266178,0.03425828745028884,0.0010001697091442975,0.03162545982502543
2020-09-25,0.0008269707597916165,0.02875709929376773,0.0007102175360722998,0.026649906867985483
2020-09-28,0.0011849266976195405,0.03442276423559765,0.0010043972746539515,0.03169222735394203
2020-09-29,4.4896643774109364e-05,0.006700495785694471,1.4134498830007876e-06,0.0011888859840206662
2020-09-30,0.001155691802121461,0.03399546737612914,0.0008548110186907567,0.02923715134363737
2020-10-02,0.0005009970169166681,0.022382962648332953,0.0004176360134359311,0.020436144779187954
2020-10-05,0.00054208231392273,0.023282661229394073,0.0004977604632613764,0.022310546009933877
2020-10-06,0.0005688367176284828,0.023850298061627716,0.0006967283183140563,0.026395611724566195
2020-10-07,0.0007149522619983515,0.026738591249322607,0.0008497677829653319,0.02915077671289964
2020-10-08,0.00050051975656574,0.02237229886636016,0.0006499313510866348,0.025493751216457628
2020-10-09,0.0005067152563439148,0.022510336655499286,0.0004938908541823839,0.02222365528400726
2020-10-12,0.0007771368806612187,0.027877174904592086,0.0008296875728432114,0.028804297818957703
2020-10-13,0.0007766605527084142,0.027868630262508673,0.0005934835155947748,0.02436151710371862
2020-10-14,0.0012326735599772415,0.0351094511489035,0.0009527573287508469,0.03086676738420865
2020-10-15,0.0008474020318323941,0.029110170590918805,0.0011726289300244633,0.03424366992634498
2020-10-16,0.0011428716464313435,0.033806384699215375,0.0009425670082857217,0.030701254180989443
2020-10-19,0.0007655529886352652,0.027668628239131503,0.0007928215847675095,0.028157087647118433
2020-10-20,0.0011118440216930953,0.03334432517975278,0.0010477833598054019,0.03236948192055909
2020-10-21,0.0007249263994666455,0.026924457273390778,0.0006376124579727634,0.02525098924740897
2020-10-22,0.000984544243890534,0.03137744801430693,0.0008869815513305232,0.029782235499211995
2020-10-23,0.0006419193541735146,0.02533612745021454,0.0005825839239815551,0.02413677534347857
2020-10-26,0.0008177445641064311,0.028596233390193734,0.0006942466028925782,0.026348559787824802
2020-10-27,0.0006185359576051094,0.02487038314150205,0.0006053449453736252,0.024603758765148573
2020-10-28,0.0010181757233124747,0.03190886590451743,0.0016260610511166713,0.04032444731322019
2020-10-29,0.0008798545081924031,0.029662341583098308,0.0006937166155501239,0.026338500632156796
2020-10-30,0.001205444708784887,0.03471951481206048,0.0010176034972734832,0.03189989807622406
2020-11-02,0.002161593804853744,0.04649294360280648,0.0011899522855772704,0.03449568502838102
2020-11-04,0.000589838596359765,0.02428659293436947,0.0008381786629635121,0.028951315392629608
2020-11-05,0.0012328775304457256,0.03511235580882783,0.0012235649426896795,0.03497949317371079
2020-11-06,0.0027331911722750617,0.052279930874811434,0.003149056104308169,0.056116451280423724
2020-11-09,0.0008644774739746843,0.029401997788835444,0.0010899906232160039,0.033015006030833974
2020-11-10,0.0020408034981192723,0.04517525316054435,0.001159026529560745,0.03404447869421332
2020-11-11,0.0014415742195142548,0.03796806841958456,0.0014840670946936068,0.03852359140440578
2020-11-12,0.0010138479578494465,0.03184097922252779,0.0015247472598019975,0.0390480122388067
2020-11-13,0.0010448093261382287,0.03232351042412053,0.0011562440273646427,0.034003588448348256
2020-11-16,0.0006250617502146999,0.02500123497379079,0.0006559740466146276,0.02561199028999167
2020-11-17,0.0006469200445790966,0.025434622949418704,0.0007663922120880793,0.02768378969881254
2020-11-18,0.0005149258224030227,0.022691977049235323,0.0004051077011628678,0.020127287476529664
2020-11-19,0.0008924046135573585,0.02987314201012941,0.0009372879474116876,0.03061515878468847
2020-11-20,0.0008644093561678543,0.029400839378627513,0.0005399671196646724,0.023237192594301757
2020-11-24,0.0006424318657194912,0.025346239676123383,0.0006897590485972562,0.026263264241088848
2020-11-25,0.001428796157856675,0.03779942007302063,0.0007030110417599427,0.026514355390239882
2020-11-26,0.0015061246490666986,0.03880882179436395,0.0015059660259203673,0.0388067780924978
2020-11-27,0.0006680212319046416,0.02584610670690349,0.0008335406992640473,0.028871104919348814
2020-11-30,0.0006893665108594303,0.026255790044472673,0.0005827861747033479,0.024140964659751026
2020-12-01,0.0007620193901843202,0.02760469869758263,0.0006080086140558529,0.024657830684304993
2020-12-02,0.0005273655431619318,0.022964440841482116,0.0007417940273066313,0.027235895933613627
2020-12-03,0.000663946553401734,0.025767160367447053,0.0013436452082637022,0.036655766371250544
2020-12-04,0.0005196540103066549,0.022795920913765578,0.0006605383340820782,0.025700940334588505
2020-12-07,0.0006858153718346622,0.026188076902183218,0.0006940663834699111,0.02634513965554009
2020-12-08,0.0005122130783824188,0.02263212491973343,0.0005468619928624195,0.023385080561383994
2020-12-09,0.0006357853596251567,0.02521478454449208,0.0007740814008796395,0.027822318395123717
2020-12-10,0.0008306752998250084,0.028821438198414186,0.0008110665742009943,0.02847923057600037
2020-12-11,0.0006866157932438882,0.02620335461813789,0.0005067895033591376,0.022511985771120627
2020-12-14,0.0008038923763880878,0.028352995897930923,0.0007855656238857435,0.02802794362570582
2020-12-15,0.0008070322172755186,0.0284083124679295,0.0007640435551775304,0.027641337796451358
2020-12-16,0.0006227975615516544,0.024955912356627124,0.0004670721517377937,0.021611852112620837
2020-12-17,0.0006725712882900581,0.02593397941485375,0.0006179816048174352,0.024859235805177824
2020-12-18,0.0013041075599132918,0.036112429437982874,0.0014668828624725587,0.038299906820677236
2020-12-21,0.0003772619187851692,0.019423231419750144,0.0006436314003515312,0.025369891610953547
2020-12-22,0.0006105911441225041,0.024710142535455035,0.0005777684284424881,0.024036814024377025
2020-12-23,0.000379484386776784,0.019480359000202847,0.0005555378740047366,0.02356985095423254
2020-12-24,0.0005570219953187525,0.023601313423594724,0.0005548205931146016,0.023554629971931244
2020-12-25,0.0007633316475073845,0.02762845720461757,0.0006789839069887247,0.02605731964321589
2020-12-28,0.0005171654961338345,0.0227412729664334,0.0006042981904285771,0.024582477304547178
2020-12-29,0.0010098332016970435,0.031777872831532376,0.0007934962948741732,0.028169066276221746
2020-12-30,0.0006213845414301887,0.0249275859527189,0.0005039572728334287,0.022448992690840913
2021-01-04,0.0004616417471486095,0.021485849928467096,0.0004465722230082428,0.021132255511616425
2021-01-05,0.0006267359284953766,0.02503469449574683,0.0004203654696812169,0.020502816140257826
2021-01-06,0.0009085645884906323,0.030142405154377317,0.0006539728013157351,0.025572891923201314
2021-01-07,0.0010212885382015757,0.03195760532645673,0.0006912752444828836,0.02629211373174252
2021-01-08,0.0006632118150776619,0.025752899158690112,0.00046141382011386146,0.021480545154019287
2021-01-12,0.000676251038142725,0.026004827208476602,0.00037788142161478106,0.019439172349016844
2021-01-13,0.0006465973856306987,0.025428279250289405,0.0004785767977457746,0.02187639818950493
2021-01-14,0.0004732638346583385,0.021754627890596945,0.0005299286180786417,0.023020178497975243
2021-01-15,0.0006019215849966044,0.024534090262257623,0.00035209422849922714,0.01876417406919972
2021-01-18,0.0006097801797464393,0.02469372753851551,0.0003513475613527397,0.01874426742640906
2021-01-19,0.0004890694442520209,0.022114914520567807,0.0005257143072608206,0.02292846063870884
2021-01-20,0.0006865210693493819,0.026201547079311594,0.0003072726829491802,0.01752919515976647
2021-01-21,0.0008687516232811991,0.029474592843348982,0.0005159891964091378,0.022715395581172207
2021-01-22,0.0004964577796188064,0.022281332536875042,0.0005874677376397062,0.024237733756267442
2021-01-25,0.0006861867027484869,0.026195165636973685,0.000450233602848454,0.02121870879314889
2021-01-26,0.0007413590539470449,0.027227909467071557,0.0005902588546863035,0.024295243458057864
2021-01-27,0.001014741742832283,0.031855011267181856,0.0009115975160116805,0.030192673217383063
2021-01-28,0.0007295823386294042,0.027010781895928232,0.0007988674682724036,0.028264243635243515
2021-01-29,0.0005597270859555805,0.02365855206802776,0.0008394506016417127,0.028973273919971707
2021-02-01,0.00048024525539259446,0.021914498748376483,0.000599291427046558,0.024480429470222904
2021-02-02,0.0005369354634517359,0.023171867931863755,0.0004582403797658565,0.02140654992673636
2021-02-03,0.001017103707773857,0.03189206339787153,0.0006056947826345036,0.02461086716543128
2021-02-04,0.0009622129849051955,0.03101955810299682,0.0006602685385245572,0.025695691049756907
2021-02-05,0.0012171948459966083,0.034888319621280243,0.0005363581625783462,0.023159407647397767
2021-02-08,0.0005283909467877939,0.02298675589959997,0.0005581632431783032,0.023625478686754756
2021-02-09,0.0010941638116106032,0.033078147040162376,0.0009035940042485965,0.030059840389606136
2021-02-10,0.0008800702336811325,0.029665977713217755,0.0010903639935995193,0.033020660102419504
2021-02-12,0.0009372589665198265,0.03061468547151557,0.00037346685516277597,0.01932529055830147
2021-02-15,0.0008940129617124896,0.02990004952692369,0.0005988438479241976,0.024471286192683
2021-02-16,0.0012605037065893975,0.035503573152422245,0.000988595473226927,0.03144193812771291
2021-02-17,0.0012257562141881663,0.035010801393115326,0.0006994502784520983,0.026447122309470616
2021-02-18,0.0009924210385121488,0.03150271478003362,0.0007441718855785096,0.027279514027535562
2021-02-19,0.0014326909449890906,0.03785090415021933,0.0010999780038047483,0.03316591629677595
2021-02-22,0.0008504750604853754,0.02916290555629489,0.0005333162370283874,0.023093640618758824
2021-02-24,0.0009717121387623337,0.031172297617633734,0.0008786095784889558,0.02964134913408895
2021-02-25,0.0010820293509645352,0.0328942145515672,0.0010175678813762199,0.0318993398266519
2021-02-26,0.0006540091175657682,0.02557360196698479,0.00030500441308235944,0.017464375542296365
2021-03-01,0.0006673839518710106,0.025833775408774667,0.00047852132634698577,0.021875130316114367
2021-03-02,0.000437780395766994,0.020923202330594474,0.0005432921581183327,0.023308628404913333
2021-03-03,0.000524028717843832,0.02289167354834137,0.00041705067586443893,0.02042181862284647
2021-03-04,0.0006649977586602558,0.025787550458704987,0.0003640296156837643,0.01907956015435797
2021-03-05,0.0005943390428826541,0.02437906977065889,0.0006239951559181023,0.024979895034169027
2021-03-08,0.00043740955400175787,0.020914338478703023,0.0003275256106526883,0.018097668652417315
2021-03-09,0.0006045617514304259,0.024587837469578856,0.00039591938187399,0.0198977230323972
2021-03-10,0.0004010109329145087,0.020025257374488566,0.0006695584637044713,0.025875827787811376
2021-03-11,0.0007268666560228646,0.026960464684846672,0.0005517835661831694,0.02349007377985794
2021-03-12,0.0007175104488824045,0.026786385513585153,0.0004320088743686185,0.020784823173859778
2021-03-15,0.0006264150668072671,0.025028285334941888,0.0003662307440539884,0.019137156111972028
2021-03-16,0.0005296987719149112,0.023015185680652486,0.00040773149638501067,0.02019236232799448
2021-03-17,0.00047682265683035346,0.021836269297440748,0.00038931182042567834,0.019730986301390977
2021-03-18,0.0007080502138990028,0.02660921295151367,0.00045598573857855477,0.02135382257532723
2021-03-19,0.0007474549617707802,0.027339622560869057,0.0005826038453184635,0.02413718801597368
2021-03-22,0.001363683396403924,0.036928084114991995,0.0011172348784782543,0.03342506362713846
2021-03-23,0.0009481466845189424,0.03079199059039448,0.0005483820335588409,0.023417558232207748
2021-03-24,0.0006377831948786351,0.025254369817491688,0.0005707095679815547,0.023889528416893346
2021-03-25,0.0006920394205804797,0.02630664213806999,0.0003756693532044985,0.019382191651216806
2021-03-26,0.0007343149878816138,0.027098246952185188,0.0005401166358420224,0.023240409545488273
2021-03-29,0.0012964042919739625,0.03600561472845537,0.0006018089738725696,0.024531795162045716
2021-03-30,0.00048496860411863035,0.02202200272724146,0.0005437737689901975,0.023318957287799074
2021-03-31,0.0003948549296473157,0.019870956938389146,0.00041326012333601787,0.020328800341781555
2021-04-01,0.00048122940404826247,0.021936941538151174,0.0003406378495482981,0.018456376934498767
2021-04-02,0.0004677003877574829,0.021626381753716523,0.00039784120331642496,0.019945957066945297
2021-04-05,0.00042314589199592557,0.0205705102512292,0.0004712079749746892,0.021707325375888417
2021-04-06,0.0005384340002524872,0.02320418066324444,0.0005795393622107807,0.024073623786434413
2021-04-07,0.0006203500321681573,0.02490682701927641,0.0002622500033654662,0.01619413484461168
2021-04-08,0.0007485923951040038,0.027360416574021745,0.0004725854553949549,0.021739030691246445
2021-04-09,0.0005164510193373118,0.0227255587244255,0.0003315961861210906,0.018209782703840553
2021-04-12,0.00044335576163664106,0.021056014856487944,0.00026726959165896937,0.016348381927853574
2021-04-13,0.0005149274921868981,0.02269201384158969,0.0002946659741785027,0.017165837415590964
2021-04-14,0.00039864115328872,0.019965999932102574,0.0002949649350039635,0.017174543225482404
2021-04-15,0.0005295584562882128,0.02301213715169047,0.0003214480864029409,0.017928973378387867
2021-04-16,0.00048785375755945674,0.022087411744236958,0.00039009137036717407,0.01975073088184774
2021-04-19,0.0007824516945987973,0.02797233802524911,0.0008407628524525965,0.028995910960902684
2021-04-20,0.000623359716475665,0.024967172776981877,0.0006288413985671023,0.02507671028199477
2021-04-21,0.0005196438858844881,0.022795698846152714,0.00028911003507921663,0.017003236017864853
2021-04-22,0.0003499151772178349,0.018706019812291308,0.00044176095739265135,0.021018110224105577
2021-04-23,0.0004164299591353569,0.020406615572783178,0.00030114986128490045,0.017353669965886193
2021-04-26,0.0004618697764173232,0.0214911557720222,0.00036911845574648985,0.01921245574481539
2021-04-27,0.0006729196751296546,0.025940695347843986,0.0005443863738433924,0.023332088930127805
2021-04-28,0.0008872596580496703,0.029786904136711995,0.0005247865033917035,0.022908219123094303
2021-04-30,0.0008701200347788453,0.029497797117392432,0.0007815535745003399,0.027956279697061624
2021-05-06,0.000764231398245271,0.02764473545261866,0.000760510746457586,0.027577359308998132
2021-05-07,0.0015405339664655337,0.03924963651380142,0.000842627164666711,0.02902804100635644
2021-05-10,0.001162239074693162,0.034091627633381805,0.0007331418564299724,0.027076592408018636
2021-05-11,0.001392706031035946,0.037318976821932644,0.0009415290905390251,0.030684346017782832
2021-05-12,0.0009949879072576845,0.03154342890774059,0.0012412287089780915,0.03523107589867348
2021-05-13,0.0009927752287350352,0.03150833586108659,0.0011218372900178041,0.03349383958309056
2021-05-14,0.0006910426118949209,0.026287689360134352,0.0006929526460425223,0.026323993732762556
2021-05-17,0.0005305501282608737,0.023033673789929248,0.0004908140435615419,0.022154323360498777
2021-05-18,0.0005679105150477246,0.023830873149083828,0.0005467620087183394,0.023382942687316742
2021-05-19,0.00034706700290814264,0.01862973437567328,0.00039817038608823207,0.01995420722775606
2021-05-20,0.00044790146980502985,0.021163682803449636,0.000397223323197334,0.019930462192265738
2021-05-21,0.0003748115461873954,0.019360050263038973,0.0003810560580567193,0.01952065721374973
2021-05-24,0.00037296959594963715,0.01931242076876012,0.00040781254811419023,0.020194369218031798
2021-05-25,0.0004870698934835674,0.02206966002192982,0.0004093870015212215,0.02023331415070753
2021-05-26,0.0006976133905546539,0.0264123719221628,0.0005786989585543316,0.02405616258995461
2021-05-27,0.0004140147888562087,0.02034735336244517,0.00036165068251203754,0.019017115515031126
2021-05-28,0.0004740904212751279,0.02177361755141134,0.00022440048818273797,0.014980002943348775
2021-05-31,0.0005084527294182596,0.0225488964124247,0.00043549719455931524,0.02086856953792749
2021-06-01,0.0003307830535688005,0.01818744219423942,0.00025136109332984463,0.015854371426513404
2021-06-02,0.0004474577910078139,0.021153198127181947,0.00032436504401439506,0.018010137256956014
2021-06-03,0.00037102957035535446,0.01926212787714157,0.0002727410477919394,0.016514873532423414
2021-06-04,0.0005074288230539801,0.02252618083595131,0.0002849483333544741,0.016880412712800424
2021-06-07,0.0004525146460810031,0.021272391639893317,0.0002843425623504472,0.016862460151189303
2021-06-08,0.00031835289258451497,0.01784244637331201,0.0003709557239554633,0.01926021090111589
2021-06-09,0.0003417207063701677,0.018485689231677777,0.0002277454990378152,0.015091239148519753
2021-06-10,0.000426297372697266,0.0206469700609379,0.0004966175394765651,0.022284917309170458
2021-06-11,0.0002894781179759203,0.01701405648209504,0.00028978827173325615,0.017023168674875314
2021-06-14,0.0003955185851492217,0.01988764906038976,0.00025743119009853687,0.016044662355392116
2021-06-15,0.000310286462670527,0.017614949976384464,0.00039242680676392365,0.019809765439396894
2021-06-16,0.0006208090205598556,0.024916039423629424,0.00038226252143866164,0.019551535014894907
2021-06-17,0.0006770242084341838,0.026019688861210154,0.0006818788782736843,0.026112810616126414
2021-06-18,0.0009548185284110576,0.03090013799987077,0.0008384491492596249,0.028955986414895708
2021-06-21,0.0004596176676273832,0.02143869556730034,0.00019486239743103133,0.013959312211961996
2021-06-22,0.0004697005743389866,0.021672576550539314,0.00030630984843463494,0.017501709871742103
2021-06-23,0.0002790012011155013,0.016703329042903434,0.0003003237887146006,0.01732985253008809
2021-06-24,0.0003061196082196666,0.017496274123928974,0.0002626338785249616,0.016205982800341412
2021-06-25,0.0005430153596640688,0.02330268996626932,0.0003018546715896036,0.01737396533867855
2021-06-28,0.00037175073657574295,0.019280838585905513,0.0003004604699635601,0.017333795601759013
2021-06-29,0.00042111005723394484,0.020520966284118904,0.0003212188411451957,0.01792257908743035
2021-06-30,0.0003845598573114206,0.0196101977886869,0.00045193251274550686,0.02125870439950438
2021-07-01,0.0004002812804728681,0.020007030776026412,0.00026571653333372824,0.016300813885623266
2021-07-02,0.00033696993611417826,0.018356740890315422,0.0002914531260231174,0.01707199830198906
2021-07-05,0.000348416804818391,0.01866592630485803,0.00027201891534062985,0.01649299594799653
2021-07-06,0.0003913686724972309,0.019783040021625363,0.000381671071897952,0.01953640376061961
2021-07-07,0.00028115291090171696,0.016767614943745488,0.00035987236899192346,0.018970302290472956
2021-07-08,0.0005143700997700577,0.02267972882928845,0.0006814545457093664,0.026104684363335375
2021-07-09,0.00044336861685903735,0.021056320116749683,0.00035910767198254904,0.018950136463428146
2021-07-12,0.0003762456342287085,0.019397052204618837,0.00022547214107719192,0.015015729788364997
2021-07-13,0.0004977379230191447,0.022310040856509984,0.0003850347185892934,0.019622301561980273
2021-07-14,0.0003836649907346071,0.019587368142111566,0.00020653105439751387,0.01437118834326215
2021-07-15,0.000490714540790439,0.022152077572779465,0.0004081190727243401,0.020201957150839125
2021-07-16,0.0002657640680866071,0.016302271868871746,0.0002983574913151419,0.017273027856028658
2021-07-19,0.00040911502421158894,0.02022659200685051,0.000352377043168383,0.018771708584153522
2021-07-20,0.0005242402284800573,0.022896292898197675,0.0003476639127195924,0.018645747845543563
2021-07-21,0.000557177176904712,0.023604600757155626,0.00036225637317978334,0.019033033735581496
2021-07-26,0.0014461197357576946,0.03802788103165485,0.00046038882605031154,0.021456673228865457
2021-07-27,0.000406752916338777,0.020168116330951114,0.00040571300139489286,0.020142318669778135
2021-07-28,0.0008165621871944972,0.028575552264033275,0.0007123517225085732,0.026689917993665196
2021-07-29,0.0012441506118991473,0.03527251921679464,0.0009016631071667174,0.030027705659385923
2021-07-30,0.00040010995601501016,0.02000274871148988,0.00036355710889018845,0.019067173594693797
2021-08-02,0.00043959073099494633,0.020966419126664103,0.0004511682816560623,0.021240722248926997
2021-08-03,0.0004656592080711065,0.021579138260623534,0.00047921963657574315,0.021891085778822008
2021-08-04,0.0006797349772643844,0.026071727546604664,0.0004104342215041057,0.020259176229652225
2021-08-05,0.0008962521708348733,0.029937471016017257,0.0006434900288420677,0.025367105251527373
2021-08-06,0.0008876884435273795,0.029794100817567552,0.0008553753339465416,0.02924680040528436
2021-08-10,0.0005078071680991042,0.022534577167080464,0.0008300349919136349,0.02881032786890206
2021-08-11,0.0009162788817192328,0.030270098805904692,0.0005094403979270363,0.02257078638255735
2021-08-12,0.0007697815953325085,0.02774493819298411,0.0007315555232503902,0.027047283102936425
2021-08-13,0.0006318668776945678,0.025136962380020538,0.00048694734999534374,0.022066883558748022
2021-08-16,0.000569183336053988,0.023857563497850908,0.0006073691076171294,0.02464485965910801
2021-08-17,0.0006353946945870517,0.025207036608595062,0.0005100426679641256,0.022584124246118678
2021-08-18,0.0006945798914223391,0.026354883635150792,0.0004583837523805575,0.021409898467310805
2021-08-19,0.00092563918268839,0.030424318935489584,0.0007307593127085332,0.027032560232218724
2021-08-20,0.0007029535541246382,0.026513271282975214,0.0005111773713741931,0.022609231994346758
2021-08-23,0.0004064091881955699,0.020159592957090425,0.0002578179141609731,0.016056709319190315
2021-08-24,0.00033104922146488585,0.018194758076569357,0.0002432010365087202,0.01559490418401858
2021-08-25,0.00040220674489769827,0.020055092742186417,0.0002976947677444826,0.017253833421720596
2021-08-26,0.0005701359720562552,0.023877520224182727,0.0005453863547955687,0.02335350840442542
2021-08-27,0.00048139746183901224,0.021940771678293638,0.0002712812593401508,0.01647061806187463
2021-08-30,0.0005620954380573368,0.023708552002544077,0.0003323997802342246,0.01823183425314701
2021-08-31,0.00044987143842407847,0.021210172993732946,0.000371103979976458,0.019264059280859214
2021-09-01,0.0014451004884545352,0.03801447735343122,0.00035069487664298626,0.018726849084749583
2021-09-02,0.0005124814301695925,0.022638052702686078,0.00044655145573741883,0.021131764141628564
2021-09-03,0.0010964415325988794,0.033112558532962674,0.00034197744369986264,0.018492632146340407
2021-09-06,0.00040284112269119875,0.02007090238856237,0.00036654777408678556,0.019145437422184577
2021-09-07,0.0004195470457046764,0.02048284759755529,0.0003009509783191135,0.017347938734014294
2021-09-08,0.0006551888582928888,0.025596657170280826,0.0006557740834371515,0.025608086290020805
2021-09-09,0.0005550331437590691,0.023559141405388038,0.0005553859731437326,0.023566628378784534
2021-09-10,0.0008697906284454493,0.02949221301369989,0.0004257076621663538,0.02063268431800268
2021-09-13,0.000603917552274919,0.02457473402246541,0.0005269712646101632,0.022955854691345368
2021-09-14,0.0008859054937624792,0.02976416459036738,0.0004182539461568562,0.020451257813563845
2021-09-15,0.00046977499172630276,0.02167429333856822,0.0005260803081061096,0.022936440615450984
2021-09-16,0.0007151108636851136,0.026741556867263986,0.0006710973018990118,0.025905545774968952
2021-09-17,0.0007759800969848875,0.02785641931377555,0.0004592406995453823,0.021429901995701762
2021-09-21,0.001684938052327457,0.04104799693441152,0.0009300988302836878,0.030497521707241848
2021-09-22,0.0003775151254249214,0.01942974846530241,0.00030938358562431574,0.01758930315914521
2021-09-24,0.0005965838841912749,0.02442506671825637,0.00045086296492148923,0.021233533971562277
2021-09-27,0.0006990643364908007,0.026439824819593657,0.0005565215068380963,0.02359070806139774
2021-09-28,0.0005085943889175325,0.022552037356246387,0.0005141348289083849,0.02267454142663937
2021-09-29,0.000589516800259722,0.024279967056396966,0.0006909398807513865,0.026285735309315328
2021-09-30,0.0008424740160587618,0.02902540294395173,0.00045378579675997907,0.021302248631540732
2021-10-01,0.0004522424604421583,0.02126599305092895,0.0004903273147042851,0.02214333567248361
2021-10-04,0.0007122489337553623,0.026687992314060688,0.0004657582762940325,0.0215814336014555
2021-10-05,0.0005552648505366726,0.023564058447913268,0.0003441166178838415,0.01855038053204951
2021-10-06,0.0006681989303517725,0.02584954410336423,0.0005269527951171192,0.022955452404976016
2021-10-07,0.0007143325937279757,0.02672700121090983,0.0005927063748594462,0.024345561707618212
2021-10-08,0.0008505661431630237,0.029164467133191783,0.0004992939963010148,0.022344887475684787
2021-10-11,0.0004141110804854958,0.02034971942031378,0.00038532152829912346,0.019629608460158432
2021-10-12,0.00036368084566894184,0.01907041807797988,0.00028527857390084127,0.016890191647842286
2021-10-13,0.0012241757597182734,0.03498822315748934,0.0009409503984064551,0.030674914806832883
2021-10-14,0.0004924318664100547,0.022190805898165453,0.000561922261860319,0.02370489953280374
2021-10-15,0.0005904140706794249,0.02429843761807382,0.0003295430888994667,0.01815332170429056
2021-10-18,0.0006580570029786713,0.025652621756434006,0.000351741388215557,0.018754769745735537
2021-10-19,0.0004751827418091571,0.02179868669918344,0.0003451700645825997,0.018578753041649475
2021-10-20,0.0005530391224204422,0.023516783845169864,0.00036267453486069995,0.019044015723074268
2021-10-21,0.0005188926689353977,0.022779215722570384,0.00020987592480158386,0.014487095112602245
2021-10-22,0.0003157140080964076,0.017768342862979868,0.000420889600774672,0.020515594087782883
2021-10-25,0.00037539151306131076,0.01937502291769769,0.0003471835299589444,0.018632861561202682
2021-10-26,0.0005777564364061853,0.024036564571630975,0.0005573027087731598,0.023607259662509747
2021-10-27,0.0006176984882438452,0.024853540758689598,0.00042354276995588,0.020580154760250952
2021-10-28,0.0010535278108484466,0.03245809314868091,0.0007770124544972438,0.02787494312993739
2021-10-29,0.0006716098586522557,0.025915436686505124,0.0005722601086144676,0.023921958711912942
2021-11-01,0.0006920153022821628,0.026306183727066203,0.0006913860843741726,0.02629422150158039
2021-11-02,0.0008830578079744081,0.029716288596902677,0.000764235902370361,0.027644816916926055
2021-11-04,0.0007992268608646222,0.028270600645628707,0.0007274659982134091,0.02697157759964013
2021-11-05,0.0006341762479379745,0.025182856230737103,0.0005694045572527847,0.023862199338132786
2021-11-08,0.0010498296701081746,0.03240107513815205,0.0005170895951431187,0.022739604111398217
2021-11-09,0.00048524375187500236,0.02202824895163032,0.0005636444221092283,0.02374119672866615
2021-11-10,0.0010353478141227382,0.03217682106925322,0.0010939118497529947,0.03307433823605538
2021-11-11,0.0008374511626220277,0.02893874846329792,0.0009060038143445024,0.030099897248072167
2021-11-12,0.0006286737016216993,0.025073366379919935,0.0007665103644290096,0.02768592357912247
2021-11-15,0.0007071695516386481,0.026592659732314256,0.0008173358775144547,0.028589086685559838
2021-11-16,0.0008017620822379768,0.028315403621314968,0.0004072919251603537,0.02018147480142008
2021-11-17,0.0004921005979186781,0.022183340549130064,0.0004802740480086769,0.021915155669277753
2021-11-18,0.0005331076801318797,0.023089124715585902,0.00046393198642328735,0.021539080445164956
2021-11-19,0.0009830881464892984,0.03135423649986232,0.0005717833193802254,0.023911991121197445
2021-11-22,0.0005740903278297499,0.023960182132649784,0.0005025197496915039,0.02241695228374062
2021-11-24,0.0005445066120570288,0.023334665458433913,0.00074894543092119,0.027366867393276675
2021-11-25,0.001089332067933138,0.033005030948828666,0.0011101054507019756,0.033318245012334845
2021-11-26,0.0010411945046426261,0.03226754568669,0.0005943195346337529,0.0243786696649705
2021-11-29,0.0006857711537481537,0.026187232647764708,0.00028781265645635805,0.01696504218846384
2021-11-30,0.0006047131284989797,0.024590915568538308,0.0005820160981873428,0.024125009806989568
2021-12-01,0.001392577372409963,0.03731725301264769,0.0013001930632066544,0.0360581899602109
