EventId,Code,Key,Metric,Kind,AvailablePosition,AvailableDate,EffectiveTimestamp,TriggerSourceRow,Values,References,Expected,Base,Annual,Cumulative,KnownQuarters,Actual,ForecastTime,NewAnnual,OldAnnual,NewExpected,OldExpected
5662,1808,"(1808, 'Consolidated_JP', Timestamp('2018-04-01 00:00:00'), Timestamp('2019-03-31 00:00:00'), 1)",2,Y,332,2018-05-11,2018-05-11 14:40:00,25667,[0.20345452810382664],"[7347, 25667]",63.055,52.395,252.22,0.0,0.0,,,,,,
5661,1808,"(1808, 'Consolidated_JP', Timestamp('2018-04-01 00:00:00'), Timestamp('2019-03-31 00:00:00'), 1)",2,Q,332,2018-05-11,2018-05-11 14:40:00,25667,[0.2735810947283379],"[21141, 22861, 25667]",63.055,49.50999999999999,252.22,0.0,0.0,,,,,,
5660,1808,"(1808, 'Consolidated_JP', Timestamp('2018-04-01 00:00:00'), Timestamp('2019-03-31 00:00:00'), 1)",1,Y,332,2018-05-11,2018-05-11 14:40:00,25667,[0.04891304347826087],"[7347, 25667]",24125000000.0,23000000000.0,96500000000.0,0.0,0.0,,,,,,
5659,1808,"(1808, 'Consolidated_JP', Timestamp('2018-04-01 00:00:00'), Timestamp('2019-03-31 00:00:00'), 1)",1,Q,332,2018-05-11,2018-05-11 14:40:00,25667,[0.23832255415255107],"[21141, 22861, 25667]",24125000000.0,19482000000.0,96500000000.0,0.0,0.0,,,,,,
5658,1808,"(1808, 'Consolidated_JP', Timestamp('2018-04-01 00:00:00'), Timestamp('2019-03-31 00:00:00'), 1)",0,Y,332,2018-05-11,2018-05-11 14:40:00,25667,[0.1],"[7347, 25667]",220000000000.0,200000000000.0,880000000000.0,0.0,0.0,,,,,,
5657,1808,"(1808, 'Consolidated_JP', Timestamp('2018-04-01 00:00:00'), Timestamp('2019-03-31 00:00:00'), 1)",0,Q,332,2018-05-11,2018-05-11 14:40:00,25667,[1448.3684210526317],"[21141, 22861, 25667]",220000000000.0,-152000000.0,880000000000.0,0.0,0.0,,,,,,
5656,1808,"(1808, 'Consolidated_JP', Timestamp('2017-04-01 00:00:00'), Timestamp('2018-03-31 00:00:00'), 4)",2,A,332,2018-05-11,2018-05-11 14:40:00,25667,"[0.5062122229684348, -0.16873740765614526]","[2792, 7347, 21141, 22861, 25667]",49.50999999999999,59.56,,,,89.70999999999998,2018-03-15 15:00:00,,,,
5655,1808,"(1808, 'Consolidated_JP', Timestamp('2017-04-01 00:00:00'), Timestamp('2018-03-31 00:00:00'), 4)",1,A,332,2018-05-11,2018-05-11 14:40:00,25667,"[0.15162048531797265, -0.35505015393782896]","[2792, 7347, 21141, 22861, 25667]",19482000000.0,30207000000.0,,,,34787000000.0,2018-03-15 15:00:00,,,,
5654,1808,"(1808, 'Consolidated_JP', Timestamp('2017-04-01 00:00:00'), Timestamp('2018-03-31 00:00:00'), 4)",0,A,332,2018-05-11,2018-05-11 14:40:00,25667,"[-0.04109972194343441, -1.0006252159462972]","[2792, 7347, 21141, 22861, 25667]",-152000000.0,243116000000.0,,,,233124000000.0,2018-03-15 15:00:00,,,,
5653,1808,"(1808, 'Consolidated_JP', Timestamp('2017-04-01 00:00:00'), Timestamp('2018-03-31 00:00:00'), 4)",2,U,296,2018-03-16,2018-03-15 15:00:00,22861,[-0.3388179986568168],"[2792, 7347, 21141, 22861]",,59.56,,152.27,3.0,,,201.78,221.96,49.50999999999999,69.69
5652,1808,"(1808, 'Consolidated_JP', Timestamp('2017-04-01 00:00:00'), Timestamp('2018-03-31 00:00:00'), 4)",1,U,296,2018-03-16,2018-03-15 15:00:00,22861,[-0.3476015493097626],"[2792, 7347, 21141, 22861]",,30207000000.0,,66018000000.0,3.0,,,85500000000.0,96000000000.0,19482000000.0,29982000000.0
5651,1808,"(1808, 'Consolidated_JP', Timestamp('2017-04-01 00:00:00'), Timestamp('2018-03-31 00:00:00'), 4)",0,U,296,2018-03-16,2018-03-15 15:00:00,22861,[-0.9049178170091643],"[2792, 7347, 21141, 22861]",,243116000000.0,,580152000000.0,3.0,,,580000000000.0,800000000000.0,-152000000.0,219848000000.0
5650,1808,"(1808, 'Consolidated_JP', Timestamp('2017-04-01 00:00:00'), Timestamp('2018-03-31 00:00:00'), 4)",2,U,273,2018-02-13,2018-02-09 15:00:00,21141,[0.00016789791806615106],"[2792, 7347, 16979, 21141]",,59.56,,152.27,3.0,,,221.96,221.95,69.69,69.67999999999998
5649,1808,"(1808, 'Consolidated_JP', Timestamp('2017-04-01 00:00:00'), Timestamp('2018-03-31 00:00:00'), 4)",2,Y,273,2018-02-13,2018-02-09 15:00:00,21141,[0.4811902231668434],"[2792, 21141]",69.69,47.05000000000001,221.96,152.27,3.0,,,,,,
5648,1808,"(1808, 'Consolidated_JP', Timestamp('2017-04-01 00:00:00'), Timestamp('2018-03-31 00:00:00'), 4)",2,Q,273,2018-02-13,2018-02-09 15:00:00,21141,[0.20968581843429973],"[16979, 21141]",69.69,57.60999999999999,221.96,152.27,3.0,,,,,,
5647,1808,"(1808, 'Consolidated_JP', Timestamp('2017-04-01 00:00:00'), Timestamp('2018-03-31 00:00:00'), 4)",1,Y,273,2018-02-13,2018-02-09 15:00:00,21141,[0.10329346826126955],"[2792, 21141]",29982000000.0,27175000000.0,96000000000.0,66018000000.0,3.0,,,,,,
5646,1808,"(1808, 'Consolidated_JP', Timestamp('2017-04-01 00:00:00'), Timestamp('2018-03-31 00:00:00'), 4)",1,Q,273,2018-02-13,2018-02-09 15:00:00,21141,[0.13203700207664715],"[16979, 21141]",29982000000.0,26485000000.0,96000000000.0,66018000000.0,3.0,,,,,,
5645,1808,"(1808, 'Consolidated_JP', Timestamp('2017-04-01 00:00:00'), Timestamp('2018-03-31 00:00:00'), 4)",0,Y,273,2018-02-13,2018-02-09 15:00:00,21141,[-0.18811764184528118],"[2792, 21141]",219848000000.0,270788000000.0,800000000000.0,580152000000.0,3.0,,,,,,
