Model,Family,Threshold,ValidationYear,Days,Sharpe,RankIC,MSE
g_no_skip,g,no_skip,2018,245,-0.011513767098899539,-0.0013176849962878868,0.0006659566651103237
g_no_skip,g,no_skip,2019,241,0.05006717553385376,0.0005016931421235166,0.0004880844699704494
g_no_skip,g,no_skip,2020,242,0.05085734661690184,0.0029874903673574545,0.0009913960390997775
g_no_skip,g,no_skip,2021,225,-0.08760480813901657,-0.005407671377389036,0.0005042314066574271
g_skip100,g,skip100,2018,245,-0.012027494861444608,-0.0011562238917561898,0.0006659356002823263
g_skip100,g,skip100,2019,241,0.048476912326920654,0.0004031159691064924,0.0004880681872521145
g_skip100,g,skip100,2020,242,0.04995203282656631,0.0031291385590861494,0.000991416367251467
g_skip100,g,skip100,2021,225,-0.09438318834812155,-0.005463501298226399,0.0005043224498507769
g_skip10,g,skip10,2018,245,-0.01898484972464775,-0.0013887856049765307,0.0006664763903267531
g_skip10,g,skip10,2019,241,0.05047233414699316,0.0001454668692908869,0.0004883525196761522
g_skip10,g,skip10,2020,242,0.05677241435917394,0.0033934522182631887,0.0009916576393695629
g_skip10,g,skip10,2021,225,-0.10313233441121557,-0.005247208819408797,0.0005053787191405005
eps_no_skip,eps,no_skip,2018,245,-0.07555451890933937,-0.006994193538667791,0.0006330119569362165
eps_no_skip,eps,no_skip,2019,241,0.05723386209908378,0.0022171772585218874,0.0004849872987463224
eps_no_skip,eps,no_skip,2020,242,-0.010571474208473541,-0.002791646696954876,0.0009466510412237073
eps_no_skip,eps,no_skip,2021,225,-0.2045860804440657,-0.010415468279313802,0.0004993145377034387
eps_skip100,eps,skip100,2018,245,-0.04471482006925638,-0.0038279563867378735,0.0009815516946295433
eps_skip100,eps,skip100,2019,241,0.029705268096557477,-0.0005380794455978921,0.0005292149422597806
eps_skip100,eps,skip100,2020,242,0.06280678242499195,0.004722817849949712,0.001000445707649254
eps_skip100,eps,skip100,2021,225,-0.08735070297181712,-0.005611693567162908,0.0005638010471877058
eps_skip10,eps,skip10,2018,245,-0.01863069153492669,-0.001440999069417591,0.0016427790767711218
eps_skip10,eps,skip10,2019,241,0.043226101176147495,0.0002613059366417444,0.0005896310360117199
eps_skip10,eps,skip10,2020,242,0.04101640607749799,0.002384335428902632,0.0010367976249487047
eps_skip10,eps,skip10,2021,225,-0.07809195992654289,-0.003894053119731974,0.0006971568504060716
