Comparison,Metric,Difference,CI95Low,CI95High
g_skip100 - g_no_skip,Sharpe,-0.002034798643105547,-0.003978888467974731,0.0006635897410589447
g_skip100 - g_no_skip,RankIC,3.926087597833116e-05,-6.520662345236814e-05,0.00015900951576965569
g_skip10 - g_no_skip,Sharpe,-0.002293248399600485,-0.007468038061835655,0.003184697182702888
g_skip10 - g_no_skip,RankIC,3.2217122618125147e-05,-0.00029944927299558233,0.0004273731574422937
g_skip10 - g_skip100,Sharpe,-0.0002584497564949379,-0.0058334942082244635,0.004823815005056333
g_skip10 - g_skip100,RankIC,-7.043753360206012e-06,-0.00028791272764715,0.0003166116749018354
eps_no_skip - g_no_skip,Sharpe,-0.05430671680808132,-0.11635208381189581,0.009227179728518197
eps_no_skip - g_no_skip,RankIC,-0.003673150479268291,-0.00919346428653482,0.0021355379703685996
eps_skip100 - g_skip100,Sharpe,-0.00587563845677415,-0.02827297694279869,0.013775770273836753
eps_skip100 - g_skip100,RankIC,-0.0005574255332214961,-0.0025157727774648164,0.0011298661878798816
eps_skip10 - g_skip10,Sharpe,-0.0023552686468344473,-0.017667249148451403,0.01457752134930161
eps_skip10 - g_skip10,RankIC,8.023928848202436e-05,-0.0006781082855655401,0.0008448769532894819
