validation_year,q,calibration_tau_pct,inner_annualized_return,inner_cumulative_return,inner_max_drawdown_magnitude,benchmark_cumulative_return,benchmark_max_drawdown_magnitude,return_pass,drawdown_pass,qualified
2019,0.25,0.05810150167171928,0.29038587401060956,0.13136397583701265,0.0858026913428559,-0.08128189615680781,0.21074368928358644,True,True,True
2019,0.5,0.10834538189795132,0.3233973246355841,0.14528490015962103,0.09023550563632798,-0.08128189615680781,0.21074368928358644,True,True,True
2019,0.75,0.18444224495102732,0.37195372309851793,0.1654395170764953,0.0822261924181854,-0.08128189615680781,0.21074368928358644,True,True,True
2020,0.25,0.06298696037152282,0.1527836641931073,0.14694484694523835,0.19264476904726158,0.2240154477711569,0.09174191014892674,False,False,False
2020,0.5,0.11999854311337188,0.07981843640417896,0.07686097944000281,0.21294273016752263,0.2240154477711569,0.09174191014892674,False,False,False
2020,0.75,0.18529646141138642,0.07645827480703837,0.07362951815602581,0.21530454394320486,0.2240154477711569,0.09174191014892674,False,False,False
2021,0.25,0.04152113254687632,0.09300968629773343,0.1370779495385981,0.2192341967839424,0.26155324908626953,0.31269030137218357,False,True,False
2021,0.5,0.07782303904453346,0.008950730975580301,0.012954507267235682,0.253972442052009,0.26155324908626953,0.31269030137218357,False,True,False
2021,0.75,0.1598640639564417,0.03510373973206837,0.05109840928177567,0.20363403146913117,0.26155324908626953,0.31269030137218357,False,True,False
