p,q,Year,days,scored_days,sharpe,mean_rank_ic,rank_ic_days,mean_spread,std_spread,v7_sharpe
1,1,2018,245,245,-0.016685378746223688,-0.0002003894569694163,245,-0.009738397327215296,0.5836485629323419,-0.011513767098899617
1,1,2019,241,241,0.05190694550677595,0.002342948979297453,241,0.024893126845039346,0.47957217674828867,0.050067175533853786
1,1,2020,242,242,0.027638950794905272,0.0020095717424534853,241,0.023079796886747213,0.8350460572114606,0.05085734661690181
1,1,2021,225,225,0.050445470702103305,0.001330600606426163,225,0.031932765387740765,0.6330155104769265,-0.08760480813901655
1,2,2018,245,245,-0.02150322048116008,0.00031942532328479983,245,-0.011598419130089454,0.5393805611699578,-0.011513767098899617
1,2,2019,241,241,0.01496994041566956,0.0018151339036663315,241,0.007685080421405696,0.5133674689420576,0.050067175533853786
1,2,2020,242,242,0.027207640517245498,0.00299697972352723,241,0.02254519959051164,0.8286348673352039,0.05085734661690181
1,2,2021,225,225,-0.0035920076399461797,0.002737851982729044,225,-0.002121579019492939,0.5906387825847518,-0.08760480813901655
1,3,2018,245,245,0.0076912123403752594,-0.00016819042186402833,245,0.004061826746342751,0.528112678026072,-0.011513767098899617
1,3,2019,241,241,0.06485929890338564,0.004389248808181358,241,0.034433380746946796,0.5308935083963632,0.050067175533853786
1,3,2020,242,242,0.0598061104398791,0.0017390975074654921,241,0.051360685902996736,0.858786594300055,0.05085734661690181
1,3,2021,225,225,0.05748784605014051,0.0012513683881063497,225,0.03670658967669103,0.6385104365308066,-0.08760480813901655
1,4,2018,245,245,0.01213802150277612,0.0005396738660272434,245,0.006766235629976808,0.5574413942527029,-0.011513767098899617
1,4,2019,241,241,0.0350579308388396,0.003683126759328783,241,0.018170734793743877,0.5183059684062438,0.050067175533853786
1,4,2020,242,242,0.0778944431756721,0.0009942644168477322,241,0.06593368456413427,0.8464491416343626,0.05085734661690181
1,4,2021,225,225,0.052472732611934005,-0.0011259261852253147,225,0.03261942321535306,0.6216452163182054,-0.08760480813901655
1,5,2018,245,245,-0.018701764727410256,0.00021714058656565583,245,-0.010659965737146424,0.5699978527439519,-0.011513767098899617
1,5,2019,241,241,0.04174614866165129,0.004131414472015673,241,0.02237553416664952,0.5359903819631644,0.050067175533853786
1,5,2020,242,242,0.04335638665092528,0.0007348552847324109,241,0.0378061728591631,0.8719862465373661,0.05085734661690181
1,5,2021,225,225,0.05313121933844645,-0.0011795868116375185,225,0.03539844144565925,0.6662456063763714,-0.08760480813901655
2,1,2018,245,245,-0.05599461147992991,-0.0006602585416935857,245,-0.029114249035153757,0.519947335389391,-0.011513767098899617
2,1,2019,241,241,-0.0010772449770713839,0.00044642031528482353,241,-0.0005441406354632782,0.5051224624342997,0.050067175533853786
2,1,2020,242,242,0.060909851288605675,0.002491293118365925,241,0.05110727277965394,0.8390641529806938,0.05085734661690181
2,1,2021,225,225,0.0855850706456093,0.0025127249527106717,225,0.04907930940261153,0.5734564338427569,-0.08760480813901655
2,2,2018,245,245,-0.02596788841348082,0.00016101673697269605,245,-0.01363782552003429,0.5251803805870648,-0.011513767098899617
2,2,2019,241,241,0.06404347851253,0.0028808417156973997,241,0.030841276116502236,0.4815677853986053,0.050067175533853786
2,2,2020,242,242,0.06336273183815279,0.0019472670775738895,241,0.041414990237496535,0.6536174977948032,0.05085734661690181
2,2,2021,225,225,0.017541110141242655,0.0032284703191781234,225,0.009678240728407875,0.551746192257946,-0.08760480813901655
2,3,2018,245,245,0.028102795866972615,0.0017622317496411818,245,0.012770341693979734,0.4544153455204037,-0.011513767098899617
2,3,2019,241,241,0.08732681396121326,0.0054263262921357405,241,0.04418441883296542,0.5059662299438773,0.050067175533853786
2,3,2020,242,242,0.04327448224473362,0.0011409457962251453,241,0.031577554957772244,0.729703818966318,0.05085734661690181
2,3,2021,225,225,-0.03482132707915577,0.0016313160144779504,225,-0.020971354917324967,0.6022560504271686,-0.08760480813901655
2,4,2018,245,245,-0.0032011734996154335,0.0014806148714902416,245,-0.0015586499241882306,0.4868995461743875,-0.011513767098899617
2,4,2019,241,241,0.15240094040490523,0.004697892126289924,241,0.07440783049067469,0.4882373448154902,0.050067175533853786
2,4,2020,242,242,1.0185282713850396e-05,0.00041515892386648705,241,7.219761831335389e-06,0.7088425558887668,0.05085734661690181
2,4,2021,225,225,-0.035451272624585285,-0.001672442667912528,225,-0.020524758470015517,0.5789568878771844,-0.08760480813901655
2,5,2018,245,245,0.010526629242898067,5.538768381834265e-05,245,0.005485321563327943,0.5210900314579512,-0.011513767098899617
2,5,2019,241,241,0.06918570702864757,0.003597264932366614,241,0.0336253440597945,0.4860157611148113,0.050067175533853786
2,5,2020,242,242,-0.04255976568034189,-0.00026941262275472123,241,-0.03321692565380069,0.7804771742233391,0.05085734661690181
2,5,2021,225,225,-0.06421497222349701,-0.000918777732662539,225,-0.04061534041067843,0.6324901966681347,-0.08760480813901655
3,1,2018,245,245,0.020601820434107142,0.0006194748907104189,245,0.010791769285470914,0.5238260045993172,-0.011513767098899617
3,1,2019,241,241,0.077903301980485,0.004146998100868169,241,0.04057488564856623,0.5208365321758807,0.050067175533853786
3,1,2020,242,242,0.09104955883512612,0.002393697493271754,241,0.07144796819461907,0.784715149735081,0.05085734661690181
3,1,2021,225,225,0.10698187810585133,0.002463933779772412,225,0.06648818439608156,0.6214901586444015,-0.08760480813901655
3,2,2018,245,245,0.005815044882824258,0.002393100431072962,245,0.0028027095393491582,0.48197556438944195,-0.011513767098899617
3,2,2019,241,241,0.1591776485665733,0.00499514653972301,241,0.07815965461897326,0.4910215430546729,0.050067175533853786
3,2,2020,242,242,-0.003731209513341619,0.0013578906184204312,241,-0.002565778812234692,0.6876533743442396,0.05085734661690181
3,2,2021,225,225,-0.04035197297872892,0.000922136557762774,225,-0.022027399778006135,0.5458816050857693,-0.08760480813901655
3,3,2018,245,245,-0.031156752298206233,-0.0013597593067149992,245,-0.01595020074450172,0.511933997222811,-0.011513767098899617
3,3,2019,241,241,0.07587231943698713,0.0055726038109187755,241,0.0378362932905858,0.4986837567554435,0.050067175533853786
3,3,2020,242,242,0.017726089140459356,0.0020540362330164316,241,0.012619127713914964,0.711895760758199,0.05085734661690181
3,3,2021,225,225,-0.002190109892684893,0.001189660948822055,225,-0.001238070641345684,0.5653006935774862,-0.08760480813901655
3,4,2018,245,245,0.016102760810921574,0.0021378858650177037,245,0.007541652518484318,0.46834531090899956,-0.011513767098899617
3,4,2019,241,241,0.12290257607950243,0.0034885883743979826,241,0.057579785072940017,0.46849941563220915,0.050067175533853786
3,4,2020,242,242,-0.03583419823717432,0.0020209872069728973,241,-0.024859334919461705,0.693732136963865,0.05085734661690181
3,4,2021,225,225,0.0013785205083322609,0.0009179365124246824,225,0.0007678875860794538,0.55703747709089,-0.08760480813901655
3,5,2018,245,245,-0.022077822177469033,-0.0007784267509528414,245,-0.011789469619329968,0.533996040214574,-0.011513767098899617
3,5,2019,241,241,-0.0011572027815705248,0.003510962638700493,241,-0.0005460567802347343,0.47187648433893375,0.050067175533853786
3,5,2020,242,242,-0.03122771692444649,0.0002612425144865547,241,-0.026157765661722576,0.837645791557854,0.05085734661690181
3,5,2021,225,225,-0.0767899723427807,-0.0020327239094090686,225,-0.044070876339668955,0.5739144707975952,-0.08760480813901655
4,1,2018,245,245,-0.015860607147585568,0.0011414507050923736,245,-0.008465943647348225,0.5337717256704755,-0.011513767098899617
4,1,2019,241,241,0.07488950317280023,0.0039795035866663836,241,0.04012308386928187,0.5357637875724955,0.050067175533853786
4,1,2020,242,242,0.0685147421289129,0.0029082845135626366,241,0.055240299481828715,0.8062542128217042,0.05085734661690181
4,1,2021,225,225,0.01834301980057131,-0.00025948675352884757,225,0.01140336893934544,0.621673479248508,-0.08760480813901655
4,2,2018,245,245,0.012702964338894215,0.003586305638480754,245,0.006006954902555696,0.4728781993163178,-0.011513767098899617
4,2,2019,241,241,0.08466875100713059,0.0038645884818189783,241,0.0410644628527581,0.48500140092180827,0.050067175533853786
4,2,2020,242,242,-0.06587481259243956,0.00042033927198965843,241,-0.043092298501174645,0.6541543999188597,0.05085734661690181
4,2,2021,225,225,-0.10477232379836263,-0.0005320062256400415,225,-0.059324473949123935,0.5662227561478507,-0.08760480813901655
4,3,2018,245,245,-0.00413933088004922,8.174030058035436e-05,245,-0.002023475650517114,0.48884124249884875,-0.011513767098899617
4,3,2019,241,241,0.11980704374875464,0.006310725771050358,241,0.0567096084815856,0.4733411885240268,0.050067175533853786
4,3,2020,242,242,-0.019553749766978604,0.0017213154107229478,241,-0.01395860121483748,0.7138580262702384,0.05085734661690181
4,3,2021,225,225,-0.06656558536531836,-0.0005315802520427227,225,-0.03769169963906645,0.5662340296748052,-0.08760480813901655
4,4,2018,245,245,-0.06034918300685128,-0.0005746137480555668,245,-0.031938391244323495,0.5292265719769167,-0.011513767098899617
4,4,2019,241,241,0.04404497951189389,0.003565743419649267,241,0.020077719685155256,0.4558458173361955,0.050067175533853786
4,4,2020,242,242,-0.07818441054574019,-0.0011015122878850322,241,-0.05263350895658431,0.6731969786456617,0.05085734661690181
4,4,2021,225,225,-0.02920465491003805,-0.00034413571546069955,225,-0.016186677789030216,0.5542499248455981,-0.08760480813901655
4,5,2018,245,245,-0.04750060363438997,-0.0011521354866663135,245,-0.02441021702492838,0.5138927751910846,-0.011513767098899617
4,5,2019,241,241,0.11843624988045001,0.004118137829654131,241,0.047615062259965375,0.4020311543807592,0.050067175533853786
4,5,2020,242,242,-0.04315416781193736,-0.0008834274206870899,241,-0.029773090729161893,0.6899238761574733,0.05085734661690181
4,5,2021,225,225,-0.00161905875834036,-0.000690837200335247,225,-0.0009102031412001842,0.5621804252077925,-0.08760480813901655
5,1,2018,245,245,0.08090284373853592,0.0006819362396675532,245,0.045299844473705386,0.5599289515719212,-0.011513767098899617
5,1,2019,241,241,0.04006515834745297,0.004078316974467801,241,0.021215654054343797,0.5295287708676315,0.050067175533853786
5,1,2020,242,242,0.08398765502317605,0.0023480604853223447,241,0.06700872089974091,0.7978401216375207,0.05085734661690181
5,1,2021,225,225,0.031247100091630734,-0.0016397808523775383,225,0.02048362204733096,0.6555367374016675,-0.08760480813901655
5,2,2018,245,245,0.0820883496757118,0.0012432313550324176,245,0.04427283762806089,0.5393315592646186,-0.011513767098899617
5,2,2019,241,241,0.04220821536061664,0.002355019072989826,241,0.019500146570530324,0.46199884084000836,0.050067175533853786
5,2,2020,242,242,0.005812316341009343,-0.000947584097293887,241,0.0041794778999499575,0.7190726819979255,0.05085734661690181
5,2,2021,225,225,-0.04022492161160031,-0.0019554358696328876,225,-0.024010337038578647,0.5969020218464366,-0.08760480813901655
5,3,2018,245,245,0.03802200953205237,-3.921437651198927e-05,245,0.019936559229623646,0.5243425972216756,-0.011513767098899617
5,3,2019,241,241,0.1139894452078189,0.004296479461667463,241,0.0518000190555673,0.454428205709121,0.050067175533853786
5,3,2020,242,242,-0.056752788410736374,-0.0013391697112043856,241,-0.04192516813944653,0.7387331849850608,0.05085734661690181
5,3,2021,225,225,-0.004034745412928185,-0.0005780681061955827,225,-0.0023985830410760893,0.5944818806635278,-0.08760480813901655
5,4,2018,245,245,-0.03100375798812226,-0.0004626589134280369,245,-0.016453675489981567,0.5306993912249307,-0.011513767098899617
5,4,2019,241,241,0.10549488591522832,0.003859381894146942,241,0.04908812052880537,0.4653127978947787,0.050067175533853786
5,4,2020,242,242,-0.06456495517935505,-0.0016693688017148695,241,-0.04134126063923965,0.6403049537384131,0.05085734661690181
5,4,2021,225,225,-0.036124371948885535,-0.0007672786255515715,225,-0.02202331615127475,0.6096525686989608,-0.08760480813901655
5,5,2018,245,245,-0.013070887552277392,-0.0012067929325193566,245,-0.007065870284851262,0.5405807567841977,-0.011513767098899617
5,5,2019,241,241,-0.020070065739174074,0.001387300032821014,241,-0.009445518188728285,0.47062716741838573,0.050067175533853786
5,5,2020,242,242,-0.07355152884932586,-0.0008726682260479005,241,-0.05268645060136504,0.7163202645222504,0.05085734661690181
5,5,2021,225,225,-0.07520941340733124,-0.00015591106025180255,225,-0.0433350014115222,0.5761911900152914,-0.08760480813901655
