Model,Year,days,scored_days,sharpe,mean_rank_ic,rank_ic_days,mean_spread,std_spread
"ARIMA(3,1,1)+ACF",2018,245,245,0.02350576311696382,0.0006705177036868099,245,0.012742069260284067,0.5420827733556233
"ARIMA(3,1,1)+ACF",2019,241,241,0.08555555385219239,0.004404219389494325,241,0.04372636075961188,0.5110873437293677
"ARIMA(3,1,1)+ACF",2020,242,242,0.0628009720170034,0.0017720706086680024,241,0.049694787765381304,0.7913060287016961
"ARIMA(3,1,1)+ACF",2021,225,225,0.11070550506791943,0.0024985133641598546,225,0.07009003934079468,0.6331215353544832
"ARIMA(3,1,1)",2018,245,245,0.020601820434107142,0.0006194748907104192,245,0.010791769285470914,0.5238260045993172
"ARIMA(3,1,1)",2019,241,241,0.077903301980485,0.004146998100868177,241,0.04057488564856623,0.5208365321758807
"ARIMA(3,1,1)",2020,242,242,0.09104955883512615,0.0023936974932717574,241,0.07144796819461909,0.784715149735081
"ARIMA(3,1,1)",2021,225,225,0.1069818781058513,0.0024639337797724187,225,0.06648818439608155,0.6214901586444015
"ARIMA(5,1,1)+ACF",2018,245,245,0.08494537876959098,0.0006945880562729285,245,0.04821123514217847,0.5675557145133042
"ARIMA(5,1,1)+ACF",2019,241,241,0.058266360450724405,0.0041886389581089365,241,0.030890653734733927,0.5301627473515874
"ARIMA(5,1,1)+ACF",2020,242,242,0.07178260965499679,0.0018810377150346555,241,0.05743047878766586,0.8000611716917166
"ARIMA(5,1,1)+ACF",2021,225,225,0.02144017247295046,-0.0014754900550740906,225,0.014393985790831652,0.6713558768704645
"ARIMA(5,1,1)",2018,245,245,0.08090284373853593,0.0006819362396675565,245,0.04529984447370539,0.5599289515719212
"ARIMA(5,1,1)",2019,241,241,0.04006515834745295,0.004078316974467804,241,0.021215654054343787,0.5295287708676315
"ARIMA(5,1,1)",2020,242,242,0.08398765502317604,0.002348060485322345,241,0.0670087208997409,0.7978401216375207
"ARIMA(5,1,1)",2021,225,225,0.03124710009163073,-0.0016397808523775368,225,0.020483622047330955,0.6555367374016675
v7,2018,245,245,-0.011513767098899617,-0.0013176849962878868,245,-0.01232984777120115,1.07087868508123
v7,2019,241,241,0.050067175533853786,0.0005016931421235166,241,0.04638865890310463,0.9265283772945837
v7,2020,242,242,0.05085734661690181,0.0029874903673574545,241,0.08251062070661887,1.6223933452162735
v7,2021,225,225,-0.08760480813901655,-0.005407671377389036,225,-0.08639274964621714,0.9861644752320439
