Date,RankIC,NormalizedHardRankMSE,MaxAbsoluteScore,ScoredStocks
2017-12-29,-0.04725057632693821,0.17472011806450077,0.1161202679216573,1896
2018-01-04,0.0155330245968668,0.16424649736977592,0.3670619218797375,1896
2018-01-05,0.013235286835725531,0.16462884210245554,0.2351641025447638,1896
2018-01-09,0.04057168369662952,0.16006832559325043,0.321467520665416,1896
2018-01-10,-0.0728089867157818,0.17898607161072594,0.3675803675529601,1896
2018-01-11,-0.040712451663562674,0.17362836416162575,0.7171518925853603,1896
2018-01-12,-0.06251712578024778,0.17726295546295284,0.4372812688919113,1896
2018-01-15,-0.012702174129008969,0.16895965018215092,0.2984175566022847,1896
2018-01-16,0.07651297855772153,0.15407505847692193,0.4243926289513135,1896
2018-01-17,0.0594091424505039,0.1569249136318136,0.1434890341857361,1896
2018-01-18,0.06185164191219542,0.1565167449516738,0.0901715264325165,1896
2018-01-19,0.03125998939219652,0.16162317200961362,0.2076177118791837,1896
2018-01-22,-0.04336769290088932,0.1740694381447982,0.3264789567464514,1896
2018-01-23,0.019847335586139776,0.1635268873257835,0.6477067429349308,1896
2018-01-24,-0.005752599081071571,0.16779504602969247,0.1352885543171191,1896
2018-01-25,-0.07656414266112585,0.17960834106842255,0.1314328190719041,1896
2018-01-26,0.019826761833990906,0.16353384405925026,0.3673669063247299,1896
2018-01-29,0.011616659076265001,0.1649028037168495,0.3532620162857021,1896
2018-01-30,-0.036889005552826586,0.17299667321399045,0.4286582332301732,1896
2018-01-31,-0.03276133820869219,0.17230474719601732,0.5565410086231903,1896
2018-02-01,-0.014995575231371483,0.16934440150942412,1.512077627171741,1896
2018-02-02,-0.028278939637418767,0.17156069469605087,0.3885746955900316,1896
2018-02-05,0.051118095142953554,0.15831055120805307,0.9428759820363471,1896
2018-02-06,-0.13402390633085057,0.18919998615277295,0.2774764299799262,1896
2018-02-07,-0.023410787693457988,0.170748327177721,0.2356278597252054,1896
2018-02-08,0.08505486196206676,0.15264949306488632,1.0460716348046586,1896
2018-02-09,0.05741927067599926,0.1572613885437608,0.5922087162048866,1896
2018-02-13,0.052026710720852735,0.1581589598359036,0.6852641365919898,1896
2018-02-14,0.010748680340061254,0.16504721026109487,0.239092715213873,1896
2018-02-15,0.00798194604731117,0.16551080831293039,0.7113668652278263,1896
2018-02-16,0.040754534984546356,0.16003497306062228,0.769882101381425,1896
2018-02-19,-0.004850059223522477,0.16764736002205685,0.2044475307371425,1896
2018-02-20,-0.028815563241015738,0.17164660412326008,0.1451726607514525,1896
2018-02-21,-0.06369920068092572,0.1774689498552665,0.2771145068338038,1896
2018-02-22,-0.014156992855513258,0.1692006495066213,0.2336795485716137,1896
2018-02-23,0.09507607697099665,0.1509720201855793,0.4166406571037572,1896
2018-02-26,0.0481771677261776,0.15880228896072568,0.8108293137852517,1896
2018-02-27,-0.04139141891281699,0.17374672277642952,0.0694808871172624,1896
2018-02-28,-0.07816404611053575,0.17988313325206534,0.1289240787222509,1896
2018-03-01,-0.20344879238022537,0.20078475002597457,0.1957697673777153,1896
2018-03-02,-0.11244510070190437,0.1856026079521916,0.7627929896676431,1896
2018-03-05,-0.2170394397749274,0.2030481850306776,0.9541943347843732,1896
2018-03-06,0.09346060635865995,0.15124388679736228,3.8449520377432145,1896
2018-03-07,-0.03597700618551493,0.17284071088855282,6.351689289671898,1896
2018-03-08,-0.28201463210788963,0.21389317761753496,3.223826102710839,1896
2018-03-09,-0.05972104746066299,0.17680301573452123,2.0463717539669144,1896
2018-03-12,-0.05630013662368194,0.17622639828425984,1.8176390016472337,1896
2018-03-13,-0.0538928132313923,0.17582873766369667,1.3382854152354,1896
2018-03-14,0.023586206840467326,0.162903281687054,0.7891164800597812,1896
2018-03-15,-0.014172245004887243,0.1692060376318516,0.8896771541789554,1896
2018-03-16,-0.02366284969742956,0.17078403413127172,0.3038146977953175,1897
2018-03-19,0.021867790196705483,0.16318716004288136,0.5060534979970113,1897
2018-03-20,-0.013520635533844952,0.16909828202749605,0.916630704787352,1897
2018-03-22,-0.042895335571185786,0.1739941878420585,0.2536750798177383,1898
2018-03-23,0.16449799262036782,0.13939689112112574,0.1555940189281172,1900
2018-03-26,-0.22045229373744044,0.20362205727826801,0.0962267173123825,1900
2018-03-27,0.02550351038322015,0.1625795130424139,0.4097706161075367,1901
2018-03-28,0.05309930609813176,0.15798108984774017,0.2832176551781313,1901
2018-03-29,-0.016243925496826798,0.16954766561118872,0.3101442134153886,1901
2018-03-30,0.08247461040538966,0.15307820340948997,0.971568019280972,1901
2018-04-02,-0.013393866249550548,0.1690734477880216,0.1599763097493771,1902
2018-04-03,0.009767145046164548,0.16520757432924832,0.3050661724383979,1902
2018-04-04,0.05542591885693138,0.15759053873674622,0.4425150232306786,1902
2018-04-05,0.1552393905367733,0.1409330503873105,0.6540312381877718,1902
2018-04-06,-0.005302705575773397,0.16772381715535298,1.657880240472802,1902
2018-04-09,0.2741835005946275,0.12109366479783007,0.5058594211476065,1902
2018-04-10,0.06504516956697988,0.1559793981447076,0.3350417769389663,1902
2018-04-11,0.24022077691180616,0.1267587209663041,0.2981392292889286,1902
2018-04-12,0.1118842922759303,0.148171623462667,0.2103432845438103,1902
2018-04-13,-0.032268687064005264,0.17222201671163162,0.7518329191136213,1902
2018-04-16,0.031712085251065565,0.1615493505374414,1.9548853615249828,1902
2018-04-17,0.17802993027522054,0.1371327992917871,1.3986041931286344,1902
2018-04-18,-0.11198356551406333,0.1855076283937177,0.7920025446324459,1902
2018-04-19,0.023576560436530915,0.16290238753833794,1.6005789715210306,1902
2018-04-20,-0.010426729492578553,0.16857742217540775,1.1981650489183089,1902
2018-04-23,-0.035704616796204146,0.17279010615610535,2.6047596269454933,1903
2018-04-24,-0.1001812348116511,0.18354978006151546,0.4808045371314588,1903
2018-04-25,0.08647933636890016,0.1524095808879992,1.001073499654137,1903
2018-04-26,-0.016051352524698175,0.16951497155263887,0.2235420190104578,1903
2018-04-27,-0.15563654994468906,0.1928022302289966,2.3019937599065052,1903
2018-05-01,0.030054166546501896,0.1618193459509942,2.971575739586151,1903
2018-05-02,-0.026737474997504233,0.1712962435434173,1.0070598226411147,1903
2018-05-07,-0.03472598798597811,0.17262742099814105,2.9576839566036517,1903
2018-05-08,-0.06178636306268491,0.17714312297794016,1.2951646344197982,1903
2018-05-09,0.007471726394858495,0.16559321067873237,2.8945757606926654,1903
2018-05-10,-0.05934605402480356,0.17673996618147583,1.09720257248611,1903
2018-05-11,-0.01725138437593893,0.16971518201957278,4.72176620020766,1903
2018-05-14,0.003820257009442825,0.166201070991264,5.497968385160944,1903
2018-05-15,-0.010394444153312863,0.1685691519906903,9.499972234458602,1903
2018-05-16,-0.013173139938170656,0.16903457415536155,6.026161868761506,1903
2018-05-17,-0.042891053639094234,0.173991479063305,8.186710293054414,1903
2018-05-18,0.03205082051078178,0.1614895526729376,1.600874798420425,1903
2018-05-21,-0.036615004394066265,0.17294366082930898,7.895342753248567,1903
2018-05-22,0.007241087523958401,0.1656315728919123,1.4374870342207653,1903
2018-05-23,0.08620567361223433,0.15245414663638882,2.8101041916258502,1903
2018-05-24,-0.008001514410736044,0.16816771069170475,4.593709245285832,1903
2018-05-25,-0.1141578672534126,0.18588380160885984,0.8047535577736722,1903
2018-05-28,0.061303940882352435,0.1566132739676265,4.30305789731914,1903
2018-05-29,-0.07076807829358174,0.17864395833980062,2.4140230797411912,1903
2018-05-30,-0.006499426788372577,0.16792193393898627,1.05418877859814,1903
2018-05-31,0.13379727672968428,0.14451826717552907,2.5291365338880336,1904
2018-06-01,0.023377102220499515,0.16293294161636157,2.6072200489154547,1904
2018-06-04,0.02406836496827307,0.16281790002410756,1.2925495245861454,1904
2018-06-05,-0.04689628040371739,0.17466053059374811,0.195054121052126,1904
2018-06-06,-0.10215530995542842,0.18387523210735715,1.9322673506699763,1904
2018-06-07,0.06607263282097312,0.15581071297865304,0.9334142266628732,1904
2018-06-08,0.07518265454833421,0.15429085283883573,0.6278259585842039,1904
2018-06-11,0.042592225303361236,0.1597280407538158,0.6468955887460784,1904
2018-06-12,0.02938419530778729,0.16193075946858987,0.7903748192632429,1904
2018-06-13,-0.14167114702128064,0.19047644200518257,4.758620436259773,1904
2018-06-14,-0.04328490253626821,0.17406167895556393,7.3909048130562915,1904
2018-06-15,-0.048531489260379646,0.17493815297530638,3.8431423756471017,1904
2018-06-18,-0.006942650754635109,0.16799615126589232,0.4675270432496599,1904
2018-06-19,-0.016126378115312274,0.1695290716883094,0.3205970566125488,1905
2018-06-20,0.01568216017648009,0.16422259790901073,0.6116401633279132,1905
2018-06-21,-0.043504848381226896,0.17409848874029102,0.6415750423583599,1906
2018-06-22,0.06417478954630282,0.1561309882353998,2.4141437674822432,1907
2018-06-25,0.05189502448508875,0.15818071427951197,1.123966236565938,1907
2018-06-26,-0.031050572269006132,0.17201841840571622,0.345994197537821,1908
2018-06-27,-0.11320163384583899,0.18572244861131468,0.6354470830404507,1909
2018-06-28,0.044089367690006834,0.1594850920067958,0.3419018121143559,1909
2018-06-29,-0.1077808049980772,0.18482039967346323,0.2868157705849842,1910
2018-07-02,-0.08139596811231595,0.18041758791276938,0.3006327513462866,1910
2018-07-03,-0.08948429084062738,0.1817706571184387,0.2703214050264183,1910
2018-07-04,0.20662579363230915,0.13236571018265525,0.2657885086439007,1910
2018-07-05,-0.04760213060641224,0.1747811872760756,0.4373844702777609,1910
2018-07-06,-0.06347271113244983,0.1774287842738249,0.2981384090896243,1910
2018-07-09,-0.04637345729389603,0.17457680701287753,1.2660237044777378,1910
2018-07-10,-0.007248844010247267,0.16804319412966967,0.973475089271946,1911
2018-07-11,-0.06732631266116032,0.17806860164809707,0.8015644062466296,1911
2018-07-12,0.1574418747017558,0.14057197799257268,1.1570901319944051,1911
2018-07-13,0.04332531683739831,0.1596089758973765,0.5129011049210891,1911
2018-07-17,0.1559760414261316,0.14081554958373418,0.9708266966659256,1911
2018-07-18,-0.06511883823986943,0.17769940822510263,0.8655766650299936,1911
2018-07-19,-0.016258449023075442,0.16954367190932607,0.5408319414085909,1911
2018-07-20,0.07844241033297346,0.15374872809284854,0.515393088839766,1911
2018-07-23,-0.06665157963345687,0.17795293143872387,0.1853665723958519,1912
2018-07-24,0.034302488795570026,0.16111640492323961,0.3168506456784302,1912
2018-07-25,-0.020605865287829643,0.1702757118437321,0.1225379135297813,1913
2018-07-26,0.11931590502452592,0.14692978818645389,0.4960485511768943,1913
2018-07-27,0.11480154759699751,0.14768522818528143,0.3608252241196446,1913
2018-07-30,0.09700326330895169,0.15065334403798109,0.8248550573022924,1913
2018-07-31,0.07533122649861895,0.15426462943405245,0.6118367889362815,1913
2018-08-01,0.008691809238564668,0.16538829721724613,24.803906872637377,1913
2018-08-02,-0.006654920409992813,0.16794702109583443,1.5761488149033505,1913
2018-08-03,-0.08076463547500047,0.1803121509699657,1.05452317927856,1913
2018-08-06,0.02070991069119638,0.16338253303453196,2.265253718043087,1913
2018-08-07,-0.022360600485851524,0.17056766380220936,7.204220441544863,1913
2018-08-08,0.04027127529813381,0.16011910378666452,3.3118070936244575,1913
2018-08-09,-0.027892468512581994,0.17149424022255816,3.362226889538249,1913
2018-08-10,-0.012070188610264165,0.16885383906624407,4.342826226874257,1913
2018-08-13,0.030898857063248283,0.16168417815699568,1.7396245390300984,1913
2018-08-14,-0.00797505608609106,0.16816826784740654,2.916211678370429,1913
2018-08-15,0.10480093257965574,0.14935023873475894,8.498761173255259,1913
2018-08-16,0.08397414251079094,0.15282738610551075,4.402269603504424,1913
2018-08-17,-0.04575641361099982,0.174471297099339,1.713544231552233,1913
2018-08-20,-0.009195134602273971,0.16837225899518168,1.2615792980214553,1913
2018-08-21,-0.056697218550783836,0.1762878306849521,0.6466219439531025,1913
2018-08-22,-0.11689884437440637,0.186336055501828,1.3934196163881123,1913
2018-08-23,0.10944217561654987,0.14858022843502405,0.5937643075722263,1913
2018-08-24,-0.10116343760900534,0.18370221571035553,0.66632449658276,1913
2018-08-27,-0.04377369111301368,0.17414015876509908,0.7572410253427366,1913
2018-08-28,-0.027826389499828602,0.17147435479645,1.2253724356050235,1913
2018-08-29,-0.02883180263120027,0.17163869642002613,1.7173319004329108,1913
2018-08-30,-0.03224980744263505,0.17221737079200172,0.3765579300112426,1913
2018-08-31,0.058169837477899056,0.1571279738608094,0.8739751705219244,1913
2018-09-03,-0.0059445651866132905,0.16782080799926163,0.2963040885982255,1913
2018-09-04,-0.06339074110652036,0.17741336439152888,0.5568534793777835,1913
2018-09-05,-0.01875749123603514,0.16996519019250164,0.5007711483288672,1913
2018-09-06,0.03326652629722876,0.16128058855053554,0.4759247012791726,1913
2018-09-07,0.002496976575110637,0.1664128704988447,0.5624596884225612,1913
2018-09-10,0.11673699188266475,0.14736038897005654,0.7169298658758747,1913
2018-09-11,0.009295058090376809,0.16528481421334265,0.5780949540787058,1913
2018-09-12,0.003578384069183845,0.16624024625408174,0.4852397781359848,1913
2018-09-13,0.079611906188756,0.153557015338163,0.2965896610598676,1913
2018-09-14,0.11828924283501664,0.147104022940892,0.1910965035007224,1913
2018-09-18,0.040520986765503225,0.16007480175839894,0.4579680828896639,1913
2018-09-19,-0.01200880120186297,0.16884276504271117,0.2062934056566872,1913
2018-09-20,0.1083727019738313,0.14875920284665378,0.3916488357446362,1913
2018-09-21,-0.024110719203364075,0.17086106223334424,0.1751878238413922,1914
2018-09-25,0.12065468791584097,0.1467099681399074,0.289552733170288,1915
2018-09-26,0.03490508924969861,0.16101328993580005,0.2817122118994754,1915
2018-09-27,0.052435068031367965,0.15808961245050115,0.2287467526301398,1916
2018-09-28,-0.06172531557419908,0.1771346136021863,0.2143796883288407,1917
2018-10-01,-0.0674949222612267,0.17809878211567076,0.4777367697609629,1920
2018-10-02,-0.04947497410041436,0.1750903588081546,0.162847516390036,1920
2018-10-03,0.006465786805901649,0.16575705229322743,0.5952254183984256,1920
2018-10-04,0.03802410817561693,0.16049523128797685,1.2619639832390095,1920
2018-10-05,-0.04249054643910738,0.1739251049292417,0.7308159056804618,1920
2018-10-09,0.06560744338496945,0.15589438739666045,0.3744558014208575,1920
2018-10-10,-0.13439387945420106,0.18926138644297633,0.4214506187479455,1920
2018-10-11,-0.11565963498566162,0.18613644485454553,0.5690886521217957,1920
2018-10-12,-0.02928474979320873,0.17172275632648493,0.2870273762872898,1920
2018-10-15,-0.018477548731642417,0.16992268989796322,0.1965107372321858,1920
2018-10-16,-0.008534523528940173,0.16825964378684652,0.7391962238467922,1920
2018-10-17,0.0642921950862677,0.15611004778954557,0.2155131559355182,1920
2018-10-18,-0.002025322645976046,0.16717266480503196,0.378513740901443,1920
2018-10-19,-0.03772196947400605,0.17313351816228886,0.493774840297474,1921
2018-10-22,-0.0020729644040275432,0.1671763345450413,0.5215250861350844,1921
2018-10-23,0.13601836404470932,0.1441469296714584,0.3273605517745419,1921
2018-10-24,0.046137485192445905,0.1591409169548512,0.3424237325780203,1921
2018-10-25,0.05655616648368116,0.1574025816208328,1.070905320245208,1921
2018-10-26,0.1185495556706517,0.14706098900831996,1.8230366690477544,1921
2018-10-29,-0.1677448101486687,0.19482622225927615,3.715173483518074,1921
2018-10-30,0.018863948125129364,0.16369051591126402,1.1665746960554058,1921
2018-10-31,-0.11828950876179979,0.18657427132305493,5.836418930111432,1921
2018-11-01,0.011501696102606138,0.16491680374070491,4.289966049528065,1921
2018-11-02,0.07363688666741174,0.1545506080540508,2.631356110729906,1921
2018-11-05,0.0024014830207801717,0.16643623528123916,4.520552449239613,1921
2018-11-06,-0.05853258407472835,0.17660430631075485,3.1251077942170653,1921
2018-11-07,0.034134124922279116,0.16113731538286175,1.0197803029078434,1921
2018-11-08,-0.015210678058160464,0.16937318712629781,0.8659573946519648,1921
2018-11-09,-0.034401760030922636,0.1725792538450207,1.6849905067778148,1921
2018-11-12,-0.054238352239129976,0.17588600897845544,2.448687510635402,1921
2018-11-13,-0.025554804573265054,0.17109952413971674,5.945850656839276,1921
2018-11-14,0.13038282027273854,0.14508537176422234,4.288597915732283,1921
2018-11-15,0.018706274634196354,0.1637165632969979,2.1342908017674143,1921
2018-11-16,0.09108236065746611,0.15164007667560478,8.155559145697204,1921
2018-11-19,0.07927156922661392,0.15361086702697074,0.860082301071047,1921
2018-11-20,0.004364946348521009,0.16610895311641433,0.6995729962495018,1921
2018-11-21,-0.03455464827800129,0.17259914906775534,0.9570068309831772,1921
2018-11-22,0.11252227236475441,0.14806374215315737,1.1338101892918009,1921
2018-11-26,0.16019094686070698,0.1401105832482675,0.6819354850136299,1921
2018-11-27,0.05957741172253226,0.15689656589641987,0.8209289272071907,1921
2018-11-28,-0.021865987076175535,0.17048584400227948,1.668289995752973,1922
2018-11-29,0.06955201355348874,0.15523337754950556,1.3308597009523593,1922
2018-11-30,0.05072565447987802,0.15837677062103542,0.8835127910399672,1922
2018-12-03,-0.15216343374268865,0.19222536079575372,1.2861492516130648,1922
2018-12-04,0.09415442084671109,0.15113065453479158,0.2544523916096626,1922
2018-12-05,-0.2028320526280137,0.20067665790641306,0.1545539663812906,1922
2018-12-06,-0.06754284504335968,0.17810884814335257,0.2169614466256459,1922
2018-12-07,0.046258498957801486,0.15912116665924456,0.6313391734134062,1922
2018-12-10,-0.07266052680201592,0.17896238226703343,1.2630668778220309,1922
2018-12-11,-0.12544770425907553,0.18776674930221593,0.3059848084200996,1922
2018-12-12,0.088585891284664,0.15205930405851273,0.3026267115693346,1923
2018-12-13,0.1125640602328255,0.14805808539912818,0.153590372338924,1924
2018-12-14,0.1348784279306623,0.1443368540289076,0.1508282360709261,1923
2018-12-17,0.0601421853728527,0.15680381422253808,0.255973266408511,1923
2018-12-18,0.19542098557742235,0.13423601519744505,0.2326724086238667,1923
2018-12-19,0.001692308857651318,0.16655747403408527,0.2731783016265012,1925
2018-12-20,0.18853232221258728,0.1353851902578514,0.5399345927076381,1925
2018-12-21,0.10592501658608709,0.14916684121263643,0.4644306451886628,1928
2018-12-25,-0.013516188192566978,0.16909458151318482,0.2837520482030687,1929
2018-12-26,0.024739901225921287,0.16270807039020663,0.2950290826649202,1929
2018-12-27,0.045891899316952076,0.1591812244071219,0.3775618939051188,1929
2018-12-28,0.03382193298999705,0.1611965822066398,0.4345597088682576,1930
2019-01-04,0.015220494775207058,0.1642979696668621,1.0007406891791175,1930
2019-01-07,0.015429664632096192,0.16426284097976246,0.2313412567084219,1930
2019-01-08,-0.023447290213598527,0.17074732442309903,0.2868830377679676,1930
2019-01-09,0.011452515496138516,0.16492143551120833,0.2188668573684759,1930
2019-01-10,0.05005081651385753,0.15848625612962036,0.1702779516799154,1930
2019-01-11,-0.11581601691339645,0.1861580736015356,0.140497970313258,1930
2019-01-15,-0.019380607170276967,0.17006685840057686,0.3087687746002646,1930
2019-01-16,0.0404778033612999,0.16008251127139803,0.3530644771097556,1930
2019-01-17,-0.0005937438090665688,0.166935269481608,0.2617163153619847,1929
2019-01-18,-0.002532944808933794,0.16725661934992397,0.1687915126595389,1929
2019-01-21,0.054291273995863025,0.15777899994503217,0.3991169300327652,1929
2019-01-22,-0.017979625015270773,0.16983274334731882,0.129345633182101,1929
2019-01-23,-0.05897662371192355,0.17667419836349815,0.2625695298673404,1929
2019-01-24,-0.021014575355494385,0.17034278575089565,0.2377821667343272,1929
2019-01-25,-0.051140931538555805,0.17536490010433847,0.5304202116163935,1929
2019-01-28,-0.07143149318674175,0.1787547211053343,0.3522139791592235,1929
2019-01-29,-0.10173458399815567,0.18380851583663183,0.2213106207385276,1929
2019-01-30,0.012423181937042423,0.16476439645680738,0.4053209151426747,1929
2019-01-31,0.018699906898869093,0.16371899147417504,0.3535924410725098,1929
2019-02-01,0.08418921712981046,0.15278897159263888,0.4036049549374055,1929
2019-02-04,0.0009532024855629657,0.16667412031537548,0.786496293837783,1929
2019-02-05,-0.028826918804999338,0.17164492190519687,0.3094478056022672,1929
2019-02-06,0.00970119195067403,0.1652201572445808,0.7267305388826745,1929
2019-02-07,0.004518158680718403,0.16608494749971503,1.171796643136336,1929
2019-02-08,-0.05987905894730053,0.17682604522295775,4.634451882746136,1929
2019-02-12,-0.049305066910851104,0.17506103840428192,2.1678540588420647,1929
2019-02-13,-0.06384792906626859,0.17748604471563098,23.9641766199062,1929
2019-02-14,-0.08605660083563631,0.18119688868765255,14.579775746074793,1929
2019-02-15,-0.00694834433266144,0.16798909297596215,7.62232376632771,1929
2019-02-18,0.000706409609428798,0.1667161844238792,11.07857060803972,1929
2019-02-19,0.05347406848923029,0.15790823175987428,6.248858094900383,1929
2019-02-20,0.009024288226543853,0.16532343461394597,5.19244524790038,1929
2019-02-21,-0.00845084999133907,0.16824596207485804,3.3771469045102025,1929
2019-02-22,-0.008433514233310981,0.16823861051182173,4.177332248090775,1929
2019-02-25,-0.036854782795689094,0.17298221792708934,2.313390434656319,1929
2019-02-26,0.07558120499213307,0.1542227847367777,1.807534908023158,1929
2019-02-27,-0.049790293148877875,0.17514075329867929,2.420771610167346,1929
2019-02-28,0.0233594124890486,0.1629394899273779,0.4930447770848892,1930
2019-03-01,0.0465075274336426,0.15907399506997427,1.3169190227327905,1931
2019-03-04,0.013446446211371803,0.16458791973102924,2.0128866046339975,1931
2019-03-05,0.05414031918559734,0.15780381608317395,2.492171010343984,1932
2019-03-06,-0.013592705579916143,0.169106848628252,1.6947660781677194,1932
2019-03-07,-0.015146192347060486,0.16936223710949166,2.911259361579439,1932
2019-03-08,-0.10007711382482974,0.18353438796759095,1.6409600978780132,1932
2019-03-11,0.008810579981728229,0.16536429916912387,0.2304025806436082,1932
2019-03-12,0.05122865180337505,0.15828535325015292,1.063225272603339,1932
2019-03-13,-0.01865021919536647,0.16994739956914331,0.5236379746216515,1933
2019-03-14,-0.033900419239775575,0.1724924023024651,1.8338824946458048,1933
2019-03-15,0.05191568129522256,0.15817362497901066,0.9038648555232888,1934
2019-03-18,-0.06516025758401141,0.1777038583259447,2.97192486838779,1934
2019-03-19,0.053472833806657245,0.15791248993383689,0.4947700894164767,1935
2019-03-20,-0.008353201321380982,0.16823240372818768,0.4809281596297109,1936
2019-03-22,0.05880720597504885,0.15702735628846384,0.227578948563061,1936
2019-03-25,0.1904754709099055,0.1350586568604908,0.3097061970054554,1936
2019-03-26,-0.09934133392618409,0.1834121784462673,0.4173508621152717,1936
2019-03-27,0.03819108678694396,0.16046353533201463,0.5668151570518163,1936
2019-03-28,0.22683267425808495,0.12899381047871256,0.9310806189772154,1937
2019-03-29,0.1680880763036449,0.13879305240947895,0.7601527916276382,1937
2019-04-01,-0.049652601438638075,0.1751186887805775,0.5491208155649705,1937
2019-04-02,-0.040251022792423125,0.17353704366846703,0.9749872172696328,1937
2019-04-03,0.03498479265319899,0.16099497025338882,0.3248717279685863,1937
2019-04-04,-0.019968910822176583,0.17016487058483987,0.2787678272498325,1937
2019-04-05,0.05120510599653334,0.15828053770029313,0.1783312775632415,1937
2019-04-08,0.040049163218025395,0.1601510059676141,0.2702157847076689,1937
2019-04-09,-0.009376933749625792,0.1683898630042985,0.4381740400616057,1937
2019-04-10,-0.022846115226001894,0.17064123878126278,0.3702632843078505,1938
2019-04-11,0.0049784843854689155,0.16600680171904653,2.0859592798694297,1938
2019-04-12,-0.007187312014594085,0.16803052963265264,0.8896418137476448,1938
2019-04-15,-0.0991504178891239,0.1833707493668159,2.866794917987733,1938
2019-04-16,0.02755000682325338,0.16224118222269698,0.2872458408465036,1938
2019-04-17,-0.03904267933521751,0.17334526927738128,1.082384326874314,1938
2019-04-18,-0.02247022687533867,0.17057558065209863,0.4114505869196295,1938
2019-04-19,-0.013543408361182794,0.1690828542850376,0.9790224341891188,1938
2019-04-22,-0.001735647100416133,0.16712545253648517,1.5668762059343946,1938
2019-04-23,0.015605429460117953,0.1642300073067847,1.3020455695750983,1938
2019-04-24,0.059612780898137825,0.15688771382473843,1.1841514879602295,1938
2019-04-25,-0.026682370605394443,0.17128844570370738,1.8821844005018489,1938
2019-04-26,-0.030045768764225822,0.17184968820008312,0.4525041139804593,1938
2019-05-07,0.06205854268206281,0.15648386333446948,14.731230285699723,1938
2019-05-08,0.020166372564727357,0.16346966756095238,3.4168043571337847,1938
2019-05-09,-0.03447898813559195,0.17258931553269952,21.593653012439148,1938
2019-05-10,0.04660602781194218,0.15906103625626516,9.172326915294578,1938
2019-05-13,0.027084003773311816,0.16231833435114498,12.971079246480183,1938
2019-05-14,0.09470007108193164,0.1510353962447459,3.5415698703897536,1938
2019-05-15,0.011871963173408516,0.16485559847195974,16.657005265152378,1938
2019-05-16,0.10458188655184232,0.14938593469904252,4.32025329586297,1938
2019-05-17,0.03763163926787668,0.1605565510456994,10.130845095155165,1938
2019-05-20,-0.041175450419113774,0.17369971330479625,2.820881658736954,1938
2019-05-21,-0.14115070893163406,0.19038094628946312,8.371136314767615,1938
2019-05-22,-0.018394008211654753,0.16990138005999295,0.709161483376402,1938
2019-05-23,0.022606679780582874,0.1630586394840458,6.371026981722403,1938
2019-05-24,0.06511830401798305,0.1559704956662176,4.8971732615821555,1938
2019-05-27,0.03884771674808682,0.16035279886165288,7.137931873646232,1938
2019-05-28,0.050950348466376125,0.15833366935916776,1.3022550472406764,1938
2019-05-29,-0.06884989359201567,0.1783211923273659,2.400289594601365,1938
2019-05-30,-0.08525999196331589,0.18106204284380426,2.293028433298581,1938
2019-05-31,0.1698642225001768,0.13849762426812626,1.852711465235402,1938
2019-06-03,0.016169269612063896,0.16414069514687185,8.007819798808788,1939
2019-06-04,-0.09665529063201482,0.18295535210594133,0.583202464598154,1939
2019-06-05,0.013083237368250868,0.16465091305405719,0.8513318199310159,1939
2019-06-06,0.04790210396287748,0.15884388097249552,2.141151032121317,1939
2019-06-07,0.010664129457049722,0.16504881611818817,1.8015752552328743,1939
2019-06-10,-0.020332564949370406,0.17022424359774238,16.1509757666682,1939
2019-06-11,0.024353942547138074,0.1627721236481385,2.5852223506124776,1939
2019-06-12,-0.004862999546437177,0.16764006509947849,0.6649119205787436,1940
2019-06-13,0.059883678649183224,0.15684276050292686,1.6962966751844906,1940
2019-06-14,0.04798140167168315,0.15883222211950873,6.957820311285637,1940
2019-06-17,0.029920051554287883,0.16184560081019614,9.149193662700728,1940
2019-06-18,-0.0011681094238271677,0.16702326664830153,1.2193646173818111,1941
2019-06-19,0.07734338738753618,0.15393239114101487,9.119187035730704,1942
2019-06-20,0.038825663023301676,0.16035225742656403,3.0826801443418756,1942
2019-06-21,-0.07768348392537994,0.17978707402303937,4.4401907158773,1942
2019-06-24,0.007779069835572219,0.16553744318488708,1.9618390915071868,1942
2019-06-25,0.03375488426633891,0.1612050490288573,2.2521900746507737,1942
2019-06-26,-0.03740569990471616,0.1730701964049823,0.790227479037564,1942
2019-06-27,0.06972995921241346,0.15520444315704668,1.9476440819666323,1943
2019-06-28,-0.0404760404896101,0.17358542586772394,0.2275523189246838,1943
2019-07-01,0.18807771109580743,0.1354568373370412,1.2979982084037411,1943
2019-07-02,-0.02264689468353197,0.1706121513949335,1.2369545167835092,1943
2019-07-03,-0.04151026835108363,0.17374930002008476,1.1882066547262045,1943
2019-07-04,0.06286168995445669,0.15634570252039953,0.8129161260039173,1943
2019-07-05,0.010965710967070741,0.16500367177951716,0.4889680905129032,1943
2019-07-08,0.014547311696440956,0.16440485067332689,0.1965751869181117,1943
2019-07-09,-0.03773739868271018,0.17312994576395158,0.6549512688748235,1943
2019-07-10,-0.00891976047350578,0.16832036598950673,0.2978727698289888,1943
2019-07-11,-0.05512182625901706,0.17602683707452713,0.2037749637693378,1943
2019-07-12,-0.03204562050533181,0.17217727683648565,0.5705892556424514,1943
2019-07-16,-0.06544570081230404,0.17775688705760892,0.1735908793485163,1943
2019-07-17,-0.06083284005082045,0.17698722091051292,0.6779443865789204,1943
2019-07-18,0.05916342475977958,0.156962428718639,0.212208591120752,1944
2019-07-19,0.026827861173393187,0.16235867540253174,0.3946333686430283,1944
2019-07-22,0.08201095526632551,0.1531475396553218,0.3590782602127766,1944
2019-07-23,0.03550952568197711,0.1609058886625729,0.0537491353215039,1944
2019-07-24,-0.009581650830608225,0.1684256813340959,0.3813592533136913,1944
2019-07-25,-0.039173764389384066,0.17336612965480386,2.7875038614981698,1944
2019-07-26,-0.015306302502048954,0.16938530067436525,1.5816813829425214,1944
2019-07-29,-0.024359303324391034,0.1708966786293036,0.4808827081473842,1945
2019-07-30,0.014579363267979593,0.16439675112584592,0.2775592354479129,1945
2019-07-31,0.02996768093225366,0.16183804975528795,3.649187103630306,1945
2019-08-01,-0.01623256731821073,0.16954554656493948,6.842880741470136,1945
2019-08-02,0.03457093268910609,0.16106389339801927,2.785447145907755,1945
2019-08-05,-0.03920508673106652,0.17337300136849876,1.6231891365164093,1945
2019-08-06,-0.019346707614652733,0.1700602018835518,1.212810726279042,1945
2019-08-07,0.014054877491689726,0.16448066830884775,0.9059579558503704,1945
2019-08-08,0.013273045188229155,0.16462258980015335,14.226183835152057,1945
2019-08-09,-0.05964306519217544,0.1767859130661252,21.771958416151676,1946
2019-08-13,0.07982952146873316,0.15351740536356173,0.7279782780109845,1946
2019-08-14,0.016089190323457472,0.16414590049522965,12.53711597821366,1946
2019-08-15,0.05567715514294225,0.157535507254906,13.003179450235098,1946
2019-08-16,-0.04254326732107185,0.1739316530088603,2.0720382830479687,1946
2019-08-19,0.05539174634699526,0.1575929220060242,1.6448448157100573,1946
2019-08-20,-0.019066130743030346,0.16999646891823172,2.555833232972781,1946
2019-08-21,-0.0029454160047774455,0.16731349736547274,19.527495877229875,1946
2019-08-22,0.1127988006023606,0.1480184000398872,2.2726813663987926,1946
2019-08-23,0.027152495229553805,0.1622985317661488,11.373549099266103,1946
2019-08-26,0.03607501847241975,0.16080599016270097,1.7248169669883424,1946
2019-08-27,-0.031388664474458206,0.17206173317107246,4.93916910197561,1946
2019-08-28,0.010603837778595474,0.16506808674790038,1.2944357588742053,1946
2019-08-29,0.022581878142384954,0.16306719732823916,5.735875936760778,1946
2019-08-30,0.06444417077237236,0.15607832115950046,2.3067278083179463,1946
2019-09-02,-0.039687049700518784,0.17345368172910888,2.703645304905,1947
2019-09-03,-0.15302239782987184,0.19236746834617674,6.121581021630131,1947
2019-09-04,0.09154229941479933,0.15155798457177802,0.2319497234554584,1947
2019-09-05,0.009562419525736434,0.1652387389081414,6.9416047492756086,1947
2019-09-06,0.08765845394545661,0.15221097101983774,4.538836035983316,1947
2019-09-09,-0.14827021379930153,0.19157427893985604,2.387076113576666,1947
2019-09-10,-0.07256112484964633,0.17893745998070942,2.0497789717325015,1947
2019-09-11,-0.15893744453351252,0.19335081137311969,2.3387273494518457,1947
2019-09-12,-0.019587307005476992,0.17009597973947507,0.7517771041488661,1947
2019-09-13,0.05974327310468558,0.15686724517409148,0.2609262927495542,1946
2019-09-17,0.05415461613490515,0.15780173306352996,0.5132997379614225,1945
2019-09-18,-0.08200915256599654,0.18050953274024828,2.411442421521099,1945
2019-09-19,-0.03397258383930216,0.1724993481732591,0.4411401818965266,1945
2019-09-20,0.01760026507972022,0.16389432650653224,1.960874431137993,1946
2019-09-24,-0.11310930889580474,0.18570377927430928,0.7045234629472672,1947
2019-09-25,0.004812040014872931,0.16603402857711203,0.5112204337565316,1947
2019-09-26,0.08018195212529267,0.15345873359486684,0.2971757234840073,1947
2019-09-27,-0.04498141569797302,0.17434159384137096,0.6290647699114681,1948
2019-09-30,-0.1158643857148018,0.18616290274367775,0.1083641449929365,1948
2019-10-01,0.07283900622753578,0.15468503045212983,0.3038092865236362,1949
2019-10-02,-0.006110893542625766,0.16784931280457385,0.5261172483162779,1949
2019-10-03,0.022106422207175975,0.1631357117219851,0.162943375112832,1949
2019-10-04,0.0380910386903493,0.1604794939957053,0.1945269965756062,1949
2019-10-07,0.06921295937314975,0.1552820048671608,0.4951657642800314,1949
2019-10-08,0.11179660585655835,0.14817802139693279,0.3669043046952602,1950
2019-10-09,-0.07086576783486111,0.17865100214964189,0.3366008281706655,1951
2019-10-10,0.026558932423357887,0.16240592295594466,0.1284451973131593,1951
2019-10-11,-0.06304726660852299,0.17735101465187023,0.571178204072269,1951
2019-10-15,-0.04110605198247816,0.1736902977653362,0.6711583941321528,1951
2019-10-16,-0.10298438517331172,0.18401268561680972,0.4163377179937469,1951
2019-10-17,0.03401245286520028,0.161154595276584,0.1978843208727715,1951
2019-10-18,0.009976795018954045,0.16516911808068216,0.1772908216218809,1951
2019-10-21,-0.01706096668823836,0.16967482405051304,1.0739939478391958,1951
2019-10-23,-0.05320325017753519,0.1757005980513373,0.2395104065943233,1951
2019-10-24,0.059776530389281775,0.15685980715565545,0.3522683139901625,1951
2019-10-25,0.056944558602659234,0.15733307710313302,0.5716184115792367,1952
2019-10-28,-0.06076156402431402,0.17697161884686877,0.2116429842585291,1953
2019-10-29,-0.09056469948499506,0.18194206077939323,1.0484687981603429,1953
2019-10-30,-0.0429411257825835,0.17399924772698358,0.4111738556682093,1954
2019-10-31,-0.035988499969470254,0.17283880551203804,1.4495613596663146,1954
2019-11-01,0.05100781877450963,0.15832051067491437,1.0404966417519708,1955
2019-11-05,0.022097962158537002,0.1631448999823935,1.3679288711319906,1955
2019-11-06,0.0008585380357298528,0.16668588587305547,2.206630937212452,1955
2019-11-07,0.00014592006213258202,0.16681061557765806,12.787215192718202,1955
2019-11-08,0.05313491722915039,0.15796675182438033,2.390595076912187,1955
2019-11-11,0.002145619355418386,0.16647675446386315,5.351968828461113,1955
2019-11-12,0.1315702601829151,0.1448851447306242,2.5689811994161316,1955
2019-11-13,0.015306890010637515,0.16428087252384102,2.4158668086507253,1955
2019-11-14,-0.006850769033350024,0.1679754748367628,2.027323633858781,1955
2019-11-15,0.010285238903023327,0.16511497379169657,0.7807749859384842,1955
2019-11-18,0.019696390927836722,0.16354756439524534,0.5322109102557079,1955
2019-11-19,0.023844256065123734,0.16285093053177557,0.5277787737898799,1955
2019-11-20,0.04769242039753267,0.1588684211306861,1.6582592487668375,1955
2019-11-21,-0.011502337813538318,0.1687542866543955,0.4762051728855631,1955
2019-11-22,0.05381406558876995,0.15785365249929145,0.8915871918748789,1955
2019-11-25,-0.040475313873370555,0.1735849451723675,1.6212305310918598,1955
2019-11-26,0.012136266107827792,0.16480593437602772,1.916792513195983,1955
2019-11-27,0.04699472842429365,0.15898645761310234,0.6098376644933896,1955
2019-11-28,0.02679041225730661,0.16236388752397612,1.3582503820331868,1955
2019-11-29,-0.12059873712960456,0.18695384959466319,0.6772924052155337,1955
2019-12-02,-0.05199738676297366,0.17550163544056552,1.8570286238945577,1955
2019-12-03,0.04975591979291749,0.15853145548767172,0.923951008539892,1955
2019-12-04,0.049790482181235066,0.15852261186305303,0.43169578351909,1955
2019-12-05,0.0021029578566563395,0.16647906495917822,0.2644020710399433,1955
2019-12-06,0.07799520671920764,0.15381028482710207,2.689740784269494,1955
2019-12-09,0.06731499859594484,0.155599746468069,0.6599774605016718,1955
2019-12-10,0.05243402140625083,0.15808177495176523,1.2202946414277465,1956
2019-12-11,-0.020995135526364457,0.17033713588701724,0.9826370393773908,1957
2019-12-12,0.01525931320081336,0.1642817917422508,0.5704869744506883,1958
2019-12-13,-0.042571136612293836,0.17392885837021418,1.2590067589681229,1958
2019-12-16,-0.0012068728249517487,0.1670315914874166,0.3297981691480444,1960
2019-12-17,0.020479058656025062,0.16341444446141745,0.3744100561827903,1962
2019-12-18,0.024292518545821158,0.16277494801188805,0.3558158832945448,1964
2019-12-19,0.011237989499461207,0.16495651126959082,1.33355559061769,1965
2019-12-20,-0.011298064919957145,0.1687065116785841,0.4495420114114912,1965
2019-12-23,0.01877886169976307,0.16369721621125238,0.5852106087698464,1965
2019-12-24,-0.13777077939802113,0.18981708236004807,0.2860024278147607,1965
2019-12-25,-0.037821013244152046,0.1731412146194861,0.5962659673681554,1966
2019-12-26,-0.11493022256859885,0.18600714921570669,0.3084209485797619,1966
2019-12-27,-0.0012570793104947034,0.16704572504968881,0.2858615896975488,1966
2019-12-30,0.08104603255860895,0.1533143628674761,0.2663867802272672,1966
2020-01-06,-0.06474633109095605,0.1776380471788641,0.6761158433124119,1966
2020-01-07,-0.01156037434601295,0.16876465452119765,0.6124351158193428,1966
2020-01-08,0.019786074704857954,0.16352817619964916,0.3054163436664475,1966
2020-01-09,-0.04300356352608491,0.17400756116810398,0.4790007430926203,1966
2020-01-10,-0.01088995854605878,0.1686406523312054,0.4375030062187914,1966
2020-01-14,0.03220053730812347,0.16145883927076915,1.4183042853214174,1966
2020-01-15,0.14589088510025727,0.14248459224330073,0.2446517687378613,1966
2020-01-16,-0.045835030514177005,0.17447515164118316,0.2042591267900922,1966
2020-01-17,-0.052184747270462434,0.175533316620491,0.307425620739162,1966
2020-01-20,-0.11047504873620691,0.18526006138435858,0.3841586920398881,1966
2020-01-21,-0.04599371247394811,0.17450810243195308,0.3125987869231119,1966
2020-01-22,0.10984949625056696,0.14850362230472733,0.6013875213101239,1966
2020-01-23,0.026298491807768328,0.16244851755922393,0.4823595572729423,1966
2020-01-24,-0.028601088138904253,0.1716042859858325,0.357555561494772,1966
2020-01-27,0.0616916372009279,0.15653988591887835,1.1910715450424458,1966
2020-01-28,0.07303005883686502,0.15465183202003416,0.8472355651666448,1966
2020-01-29,0.01552082780315218,0.16424474962408128,0.7113806592042822,1966
2020-01-30,-0.022735916224647223,0.1706276056306932,1.8477841247541107,1966
2020-01-31,-0.0008980044442249253,0.1669834974744039,2.321318935370737,1966
2020-02-03,0.021593301037367712,0.1632284557356708,16.962583292625695,1966
2020-02-04,-0.054965285219969094,0.1760052190121696,5.297472577212709,1966
2020-02-05,0.018219964640086635,0.16379433186987613,13.030654719639742,1966
2020-02-06,-0.1162679519385911,0.18623080062504474,6.038272734078488,1966
2020-02-07,-0.04431838344367816,0.17422683128652075,17.992730941785293,1967
2020-02-10,-0.016372650250001414,0.16956360413431507,2.9524792848577843,1967
2020-02-12,0.031399630642945105,0.16159365443977608,14.953745849625236,1967
2020-02-13,0.03383050550122648,0.16119108921945488,7.595516112586592,1967
2020-02-14,-0.00861026761496188,0.16827200606888087,7.941451759158642,1967
2020-02-17,-0.03541413103408588,0.1727387608036838,10.34972920669002,1967
2020-02-18,-0.05598025070210136,0.17616613081832463,3.6028846048434247,1967
2020-02-19,-0.02082031434361544,0.17029826663048817,2.8113589268585786,1967
2020-02-20,0.008586069392227362,0.16540373419288315,2.6368829687313644,1967
2020-02-21,0.044642651308832965,0.1593860487924172,0.8527414334504271,1967
2020-02-25,-0.05429533510814589,0.17589456818882349,0.7970971669327174,1967
2020-02-26,-0.052877318067357036,0.17565805913658647,0.5164055967780571,1967
2020-02-27,-0.1421858551050916,0.1905578073077331,0.2967678257586175,1967
2020-02-28,0.04482745183738219,0.15935702328769982,0.5976389262816304,1967
2020-03-02,0.11733047585211752,0.1472541187097199,1.8801713418300796,1968
2020-03-03,0.10335295913565083,0.14958643020002352,1.3606880559940675,1968
2020-03-04,-0.01605923648540901,0.16951531666830244,1.0743002061751323,1968
2020-03-05,-0.052336742937152875,0.17556778328568834,0.4924860334552526,1968
2020-03-06,-0.013190568598483273,0.16903622609817648,0.15315646919547,1968
2020-03-09,0.06327102224688778,0.1562791562364327,0.9839157256013096,1969
2020-03-10,-0.03253151431310417,0.17226334690108425,1.4446721786745425,1970
2020-03-11,-0.10145632654624809,0.18376250606837163,0.4599814660447412,1970
2020-03-12,0.13657321182545418,0.1440501546767915,0.6149351211794567,1970
2020-03-13,0.025112259180488795,0.1626461275523878,0.2806950798888116,1971
2020-03-16,-0.06328988234234766,0.17739454628378853,0.4305375080863562,1971
2020-03-17,0.03706962392590084,0.160651254562226,0.4534755364235222,1971
2020-03-18,-0.14576694043671923,0.1911548279891716,1.70110616879917,1971
2020-03-19,-0.10280226878800203,0.18398692394038585,0.6397196609608234,1971
2020-03-23,0.09695767587787929,0.15065980872984228,0.3881510722035969,1971
2020-03-24,-0.15690831032489436,0.19301305523405357,0.5887970124517532,1971
2020-03-25,0.09216607790918799,0.15145915387904693,0.352108004457998,1971
2020-03-26,-0.046398759492313084,0.1745765066287746,0.9364506260486196,1972
2020-03-27,-0.26273372615268026,0.2106684147772961,0.3975134805838884,1972
2020-03-30,0.02225515249278542,0.16312260784613114,0.5542203080722716,1973
2020-03-31,0.06951988215285843,0.1552367825187176,0.4270120129628869,1974
2020-04-01,0.16246718576527075,0.1397292926779231,0.3982771968149221,1974
2020-04-02,-0.041044274226689145,0.17368314891629266,0.2909528697882225,1974
2020-04-03,0.1812700864370293,0.13659301285040962,0.215631182509409,1974
2020-04-06,-0.061502375674681926,0.17709448204276276,0.4181312814698836,1974
2020-04-07,-0.035119044244437646,0.17269284935220444,0.2980360226526578,1974
2020-04-08,0.03373309425214345,0.16120616790227024,0.6453519830374439,1974
2020-04-09,-0.004305405828143019,0.1675527730033369,0.5913779021833365,1974
2020-04-10,0.052742632638348504,0.15803532398560002,0.0909958030839403,1974
2020-04-13,0.16741148812909235,0.13890447477942783,11.056228614006756,1974
2020-04-14,0.03970009547537495,0.16021075560563128,3.136706988773919,1974
2020-04-15,-0.09492892937426405,0.1826703062248215,1.8788034370681528,1974
2020-04-16,0.13109747523999812,0.14496231508848342,3.2827354743790336,1974
2020-04-17,-0.08561266670798426,0.1811167836183074,1.277225306388858,1974
2020-04-20,-0.18032166229532473,0.1969185943582689,0.2819470952829507,1974
2020-04-21,0.1900629955094699,0.1351257708509649,2.2690711149849485,1974
2020-04-22,0.06237729430068917,0.15642565924864463,1.7965043674166965,1974
2020-04-23,-0.18950152933977737,0.19845050352640625,0.8882647788554348,1974
2020-04-24,0.0044072056321381795,0.16609559067526106,0.9140513390038324,1974
2020-04-27,0.25326942137487196,0.12458080697682972,2.0578090125929664,1974
2020-04-28,-0.043672023764976434,0.17412087690445657,1.3802415280834863,1974
2020-04-30,-0.12270101666194422,0.18730413479473132,0.8112975165495184,1974
2020-05-01,-0.2882540473111244,0.21492582007233918,0.9013051683967512,1974
2020-05-07,0.12653004619217353,0.145725486608724,1.1169490067835803,1974
2020-05-08,-0.07627050283438036,0.17955551620613527,1.333265937437791,1974
2020-05-11,-0.14758639634944276,0.1914532331786252,1.787847670420874,1974
2020-05-12,-0.10962687356149001,0.18512471332379907,5.076036977049331,1974
2020-05-13,-0.0022962875497039197,0.16721743357651025,3.983880708801854,1974
2020-05-14,0.046505245102460124,0.15907441564314326,3.296429092920226,1974
2020-05-15,0.06944198334939863,0.15524862512339377,3.925658985424571,1974
2020-05-18,-0.01877260411238463,0.16996391939010547,4.976779325408318,1974
2020-05-19,0.0036674031462306214,0.16621449406222016,1.3073865768773594,1974
2020-05-20,-0.06407214509787727,0.17752223755092422,1.4550715476625,1974
2020-05-21,0.021819653260971506,0.16319452524015066,1.811633412138631,1974
2020-05-22,0.11958413877961621,0.14688395691124165,2.5634005430981266,1974
2020-05-25,-0.02603240146413461,0.17117524353732236,5.375270059129836,1974
2020-05-26,0.06833463987617225,0.15543390957500977,4.054102990144633,1974
2020-05-27,-0.055585670269043166,0.17610766987305942,2.1898681183615953,1974
2020-05-28,0.05938060765228307,0.15692560283153603,7.920816152634435,1974
2020-05-29,0.010227938130826151,0.16512803569485865,0.7525654764843952,1974
2020-06-01,-0.14500484639891426,0.19102350207026386,2.3472027169356307,1974
2020-06-02,0.00417856284014526,0.16612862065184567,0.7111526505323388,1974
2020-06-03,-0.017189871663131275,0.1697008640786482,1.8152507145207408,1974
2020-06-04,0.010034853045572802,0.1651604602770602,1.5918255272812654,1974
2020-06-05,0.10557094420717607,0.149218687157758,3.076091605575349,1974
2020-06-08,-0.012602375155759968,0.16893229918677968,0.905504868699706,1974
2020-06-09,-0.23147068601783544,0.20545263114904802,1.7049840704357015,1974
2020-06-10,-0.050549059679334846,0.1752685009913982,3.668953658255108,1974
2020-06-11,-0.21431042578853654,0.20258992861380734,1.0791659954877224,1974
2020-06-12,0.06746804171837431,0.155579508941259,1.8301479066277655,1974
2020-06-15,-0.09664507152419874,0.18295688043135305,1.8593378266267124,1974
2020-06-16,0.0010367870680883832,0.16665420018824317,0.5221731332093332,1974
2020-06-17,-0.06572124334513908,0.17779677785231893,0.7396733371743535,1974
2020-06-18,0.0753118078505346,0.15426360903077085,0.9218350766134455,1974
2020-06-19,-0.013246886135928681,0.1690373799442262,0.7946512552620768,1974
2020-06-22,-0.062493292710664596,0.17725883386441035,0.567749091312608,1974
2020-06-23,-0.002820428635633675,0.16730414259250248,0.4351793225712159,1974
2020-06-24,0.006639497745863997,0.16572601217485636,0.3696311890642832,1974
2020-06-25,0.02389482887342635,0.16284819781417526,0.2268041745418875,1974
2020-06-26,-0.04606319446712093,0.17451599369102325,0.2745516313031021,1974
2020-06-29,0.04988669919120021,0.15851216244199862,0.7640833275948917,1974
2020-06-30,-0.09506932791071662,0.18269364141337419,0.2135697138569817,1975
2020-07-01,0.13412180741056273,0.1444568971871917,0.4346053779631008,1975
2020-07-02,-0.018651920647423832,0.16994662026190943,0.7440134006412112,1975
2020-07-03,-0.1310937916176895,0.18870224288923643,0.4366819995935488,1975
2020-07-06,-0.0072104572931960785,0.16803635486738966,0.4764716663474451,1975
2020-07-07,0.11197897749637709,0.14814955456160228,0.2487672399801225,1975
2020-07-08,0.07422685415855161,0.15445115324582195,0.3873472203707759,1975
2020-07-09,-0.05907540307526005,0.1766912164448996,0.2507204361641006,1975
2020-07-10,-0.03639600602747777,0.17290070047427,0.470135892970991,1976
2020-07-13,-0.04258241564537393,0.173938105917055,0.8476306655840159,1976
2020-07-14,0.1203128899130214,0.1467602498691233,0.3321732792862755,1976
2020-07-15,-0.13412485168305732,0.18920924787982157,0.3623886824754714,1978
2020-07-16,-0.03619600256695217,0.17286969383554554,0.6196909536366426,1978
2020-07-17,0.09038698360400009,0.15175187109492252,0.9848710859559854,1978
2020-07-20,-0.013140755296777074,0.16902487829149057,0.3631169778098653,1978
2020-07-21,-0.09816760938901681,0.18320968225330975,0.2176710358089066,1978
2020-07-22,-0.14258482583744733,0.19061865278623114,0.3403282642036842,1978
2020-07-27,0.11515773039551262,0.14762208362630344,0.5917269730052077,1978
2020-07-28,-0.21055436507019024,0.2019597421043366,0.1455935409353033,1978
2020-07-29,-0.04476808697356299,0.17430405854583272,0.8859878789911393,1978
2020-07-30,0.07207903613331497,0.1548094729395764,1.590613652241713,1978
2020-07-31,-0.27481437905402895,0.21268226527269748,0.2205744428291618,1980
2020-08-03,-0.042746776718025584,0.17396094271201348,1.3765541977796525,1981
2020-08-04,-0.0339375056805193,0.17249406732595512,2.4578365840667735,1981
2020-08-05,0.06440592993647114,0.15608610117203114,0.7307240263337325,1981
2020-08-06,-0.18705236495455688,0.19804151665338623,2.42918343086511,1981
2020-08-07,0.0876690744563086,0.15220744313607576,1.124962344826944,1981
2020-08-11,-0.1517245075651224,0.19214354788251892,0.6107319775397777,1981
2020-08-12,0.04598226760641215,0.15916112053385853,2.6453056872743814,1981
2020-08-13,-0.09280940007532239,0.1823151828788139,2.8476081643920095,1981
2020-08-14,-0.17517335693895666,0.19605515533987533,2.6540377050762434,1981
2020-08-17,0.05340693434178966,0.157918846336905,0.6348380972562269,1981
2020-08-18,-0.03790217871470247,0.17315408938481536,6.409909237998167,1981
2020-08-19,-0.037464093524754744,0.17307548605693485,0.3552470160585012,1981
2020-08-20,0.1603064945504972,0.14008616302892993,0.6144472688294708,1981
2020-08-21,0.0437664850469144,0.15953134916601722,3.295769175449421,1982
2020-08-24,0.019514751024647496,0.16356702440554488,1.4065481659509085,1982
2020-08-25,-0.020653407425974414,0.1702774922202166,0.455910210654303,1982
2020-08-26,0.0868676004754703,0.1523410022784299,0.2603333206446457,1982
2020-08-27,0.19840575521794204,0.1337322419761289,0.8574920703683598,1982
2020-08-28,0.03498486691280235,0.16099293388635058,0.9161202064926076,1982
2020-08-31,0.0014400502084335198,0.166589792416965,0.3495012169906573,1982
2020-09-01,0.003293462771728765,0.1662791319567914,0.3095214940558256,1982
2020-09-02,-0.09896394304074684,0.18333833837516958,0.5336962394815328,1982
2020-09-03,0.010144769787368788,0.16513977423483825,0.3564905896700195,1982
2020-09-04,0.057313893151756404,0.15726992924226904,0.2904084646387597,1982
2020-09-07,0.012388637198042224,0.16476223476779023,0.4325820523974635,1982
2020-09-08,-0.09676015851504838,0.18297165575993837,0.3532039675299684,1982
2020-09-09,-0.09409078211752818,0.18252609111678317,0.3982863140231731,1982
2020-09-10,0.031027102582841127,0.16165279868449528,0.3822973257383027,1982
2020-09-11,-0.1145918120703335,0.18594673027463726,1.0217666414708937,1982
2020-09-14,-0.11597123768289984,0.1861795436019221,1.2408870781634074,1982
2020-09-15,-0.08419428015334784,0.18086914773263385,0.9246099871293534,1982
2020-09-16,0.053227580436773114,0.15795042714366583,0.589627405401861,1982
2020-09-17,-0.009155592837388874,0.16835794103106436,0.8105004886581031,1983
2020-09-18,0.016890287781158166,0.16401468090783294,1.9206496879453756,1983
2020-09-23,0.022292584687285635,0.1631130472909779,4.600786923121698,1983
2020-09-24,-0.01437504197936082,0.16923265941297885,0.2499778801513019,1984
2020-09-25,-0.030570932563849226,0.1719323871175406,0.1815647349485387,1986
2020-09-28,0.048785977469616694,0.15869514949474345,1.9193562758782008,1986
2020-09-29,,0.0834172961340069,2.3014343484013127,1986
2020-09-30,0.013087224536496541,0.1646505626180336,1.1640202078120474,1986
2020-10-02,-0.034605077084124275,0.1726009898550671,1.5687168358946784,1988
2020-10-05,0.1169625905134505,0.1473183146804559,10.655261078975526,1990
2020-10-06,0.05660234094090536,0.15738423702810897,0.8293225665128982,1990
2020-10-07,-0.14006445585386623,0.1901967068069071,0.7993898560409776,1990
2020-10-08,-0.10030838166890702,0.18356270310560882,7.537264350657473,1990
2020-10-09,0.006787286547181432,0.16569316701585712,0.4478343243247735,1990
2020-10-12,-0.03521071112235608,0.1727053060790999,1.2448508510538792,1990
2020-10-13,0.028575480635250197,0.1620618100152896,1.1170398514150524,1990
2020-10-14,-0.06737846754563748,0.1780730808088562,4.351077023731409,1990
2020-10-15,-0.011680876031182489,0.1687814135771349,1.770923150626698,1989
2020-10-16,0.19986206725353825,0.13348935351586097,3.2013333793735903,1989
2020-10-19,0.02197723589914912,0.16316406750290083,0.3030627502321866,1989
2020-10-20,-0.08416576291021846,0.1808737127295641,2.788161701489663,1989
2020-10-21,0.03555399987563033,0.16089727451466654,0.8458190478221195,1989
2020-10-22,-0.12952426379173498,0.18843316476026575,0.2972625213765497,1989
2020-10-23,-0.16446947958871136,0.194267170255505,0.3598962067798593,1989
2020-10-26,-0.09491841062819746,0.1826667988850279,0.977982953095594,1989
2020-10-27,-0.06481426504502835,0.17763935046701654,0.4957436451104254,1989
2020-10-28,0.07737608991969944,0.15392494689220088,0.624051229843043,1990
2020-10-29,0.07483545817344939,0.15434816488343656,0.3221920170115119,1991
2020-10-30,-0.024742720741878572,0.17095838168046706,0.5106161330219445,1991
2020-11-02,-0.04487092597653586,0.17431852708162213,1.7117247988891486,1991
2020-11-04,-0.030425475784060557,0.17190500766238154,2.446663845376463,1991
2020-11-05,-0.026010598098197602,0.17117078195279178,1.1584796650549207,1991
2020-11-06,-0.0492596070309146,0.1750517924331368,1.432177795030198,1991
2020-11-09,0.031755244492194225,0.16153420582515515,1.071898025126909,1991
2020-11-10,0.22032035257455643,0.13007461292287098,4.23326621530186,1991
2020-11-11,-0.18488180941328686,0.19767783844755504,4.671941836212,1991
2020-11-12,-0.15682917667874519,0.19299727736202776,4.520943001296746,1991
2020-11-13,-0.20377587136261,0.20082805543305524,4.027805911641018,1991
2020-11-16,-0.029377401631512597,0.17173272612034832,6.015776572462639,1991
2020-11-17,0.09496396737076351,0.1509816524173178,3.366197840757954,1991
2020-11-18,0.004880318285987488,0.16601587031036397,1.485379045569049,1991
2020-11-19,0.119394238792249,0.14691331174117273,0.7692225675747104,1991
2020-11-20,0.02442922984339259,0.16275557247075492,3.1911298514980966,1991
2020-11-24,-0.08457408908307898,0.18093814472137065,1.1395378496660855,1991
2020-11-25,-0.045872984627610705,0.17448387158389111,0.508316165716613,1991
2020-11-26,-0.06904169565274895,0.17835200785038186,4.4788978810990026,1991
2020-11-27,-0.07253773653763641,0.1789334921086456,0.7944982120505389,1991
2020-11-30,-0.06765073773575077,0.17811707194889312,2.1625601890455823,1991
2020-12-01,-0.06382955446588452,0.17747798529406675,3.1512301570543904,1991
2020-12-02,0.0018670008038378751,0.16651748586677473,2.2966680211431485,1991
2020-12-03,0.004770753041250119,0.16603507740845017,0.4055327065765783,1991
2020-12-04,0.033963355790943776,0.16116096161927432,0.5523949953871004,1991
2020-12-07,0.07163020548789409,0.15487982447870802,0.3090206547355368,1991
2020-12-08,-0.04551228154767933,0.1744226911178838,1.2813358676988538,1991
2020-12-09,-0.13341864720400448,0.18908610628589237,0.8919157648697826,1991
2020-12-10,0.02844215219847943,0.16208471225740448,0.5327727977112793,1991
2020-12-11,-0.060868374564084254,0.17698007311531216,1.280218909518978,1991
2020-12-14,-0.033785545330105644,0.17246355449349096,4.183617101119397,1991
2020-12-15,-0.006268599440066418,0.16787641557609753,8.986867007196933,1990
2020-12-16,-0.04347869053341453,0.1740844150576274,5.23257973636621,1993
2020-12-17,-0.047257015549414805,0.17470995410567355,12.127342926231863,1994
2020-12-18,-0.049479946455804585,0.17508853946247607,1.5270339166275366,1995
2020-12-21,-0.003980081130195521,0.1674944445457771,5.96205052467807,1996
2020-12-22,0.026763732362051852,0.16236106629740396,5.212174299146644,1998
2020-12-23,0.09630102797649692,0.15076104222134945,4.558745418480047,1999
2020-12-24,-0.041574872512739156,0.17376551509358654,5.185992641902542,1999
2020-12-25,-0.0479508787059064,0.1748326033681299,2.3254329690595923,1999
2020-12-28,-0.05251502431052645,0.1755913036643492,4.949677025878861,1999
2020-12-29,0.05398392977483467,0.15782607386141886,2.1720018819237947,1999
2020-12-30,0.001324295223686064,0.16660545162646564,2.811905197949542,1999
2021-01-04,-0.012550347214415053,0.1689238410895035,2.2289838022185164,1999
2021-01-05,-0.1034316515358235,0.18408589365439162,3.870423954828236,1999
2021-01-06,-0.008069692098074741,0.1681779407676265,4.126950257622205,1999
2021-01-07,0.030007681653973595,0.16182502280036784,2.152435196378687,1999
2021-01-08,0.03909235312779584,0.16030584501850914,0.5054680197542238,1999
2021-01-12,-0.07133556069619838,0.1787289302070216,0.723054026093001,1999
2021-01-13,-0.04524170768265869,0.17438057507623073,0.9894261988686052,1999
2021-01-14,-0.020564960642351724,0.17026149354600867,0.1628034195628089,1999
2021-01-15,0.14524898399103975,0.14259803840874408,1.8484216181860489,1999
2021-01-18,0.07460560631115797,0.15438302380816432,0.7422241505873127,1999
2021-01-19,-0.03455842161648673,0.17259030817611912,0.5251726773317611,1999
2021-01-20,-0.01563501670488199,0.16943888949317337,0.4526761243854159,1999
2021-01-21,0.00705247086245439,0.1656539257769177,0.7498637629766882,1999
2021-01-22,0.02865786993551973,0.16204812348097955,0.4724114339617971,1999
2021-01-25,0.05191646118046959,0.15816757123452763,0.2310198640354023,1999
2021-01-26,-0.03274117011034821,0.1722894289546735,0.1903761658778988,1999
2021-01-27,0.09111874278236827,0.15163091228219638,0.5598992679538239,1999
2021-01-28,-0.04006093347053263,0.17351343439587763,0.581816807238825,1999
2021-01-29,0.04821969682566078,0.15878447162701653,4.075525426007146,1999
2021-02-01,0.053701319192964586,0.15787248592377381,11.95534509838858,1999
2021-02-02,-0.031549249290150364,0.1720912428857743,16.56656986213415,1999
2021-02-03,-0.0494476369933903,0.17507941791098136,5.457977632512934,1999
2021-02-04,0.02763938390140369,0.16222119850998853,4.7479854343586805,1999
2021-02-05,0.12259566619975291,0.1463772893544962,2.1190151284883303,1999
2021-02-08,0.05782689597829568,0.15718320541321382,2.076633737963732,1999
2021-02-09,0.03086824407524873,0.16168204620726676,6.561253312070798,1999
2021-02-10,0.010353565863217246,0.16510263001482836,2.463083987057516,1999
2021-02-12,0.01710446476412482,0.16397637763582246,2.812917803870534,1999
2021-02-15,-0.08231787183780372,0.18056265673179733,8.874712234357938,1999
2021-02-16,0.04999290070866491,0.15849027948489838,2.168243623345149,1999
2021-02-17,0.055723156229244605,0.15753355010421669,7.515322629111127,2000
2021-02-18,-0.09685406864854207,0.18298931181448655,0.7931978846957046,2000
2021-02-19,-0.062490497390218364,0.1772577660766351,0.5971312531020989,2000
2021-02-22,0.019225443021425113,0.16362092376853757,4.980248909882865,2000
2021-02-24,0.061042853318546184,0.15664888666194024,1.5781281140916672,2000
2021-02-25,-0.05734261460471275,0.17639980564319177,1.03961350464787,2000
2021-02-26,0.09445697313323735,0.1510681781611166,1.597619491262627,2000
2021-03-01,-0.1609342879109329,0.19367945672436018,0.709883836149573,2000
2021-03-02,0.08309064826481888,0.1529652458795681,0.358536270236592,2000
2021-03-03,-0.09981692318962129,0.18348117655626214,1.726328010645867,2000
2021-03-04,0.1857744227673014,0.1358367295829005,0.4346850015943319,2000
2021-03-05,0.06922089825159054,0.1552839120911131,0.380078931034256,2000
2021-03-08,-0.03817673669462124,0.1731976252007945,0.7630412438230484,2000
2021-03-09,0.028456826041414633,0.1620840848137926,0.2218355958023173,2000
2021-03-10,-0.24048939735892821,0.20695025063807543,0.8985689351404802,2000
2021-03-11,-0.19595669546904096,0.19952432169061018,0.4060475654296298,2000
2021-03-12,-0.018111080425393066,0.16985353494656283,0.4094018271159958,2000
2021-03-15,0.04531629944693486,0.15926635209800996,0.2996278092434989,2000
2021-03-16,0.016720011642201812,0.16403809339637304,0.875184208144892,2000
2021-03-17,-0.12277779397489229,0.18731300480155033,0.7867133842026898,2000
2021-03-18,0.052189440726266266,0.15812278237668106,1.0040896208413468,2000
2021-03-19,-0.09972341446463959,0.1834684850554342,2.8192583294599585,2000
2021-03-22,0.04231014007031215,0.15977439395035184,2.2699115175100446,2000
2021-03-23,-0.04284065103931365,0.1739791314491663,1.3673221804570892,2000
2021-03-24,0.05544614881727011,0.15758218078524003,0.5571970850026476,2000
2021-03-25,0.04324473119857636,0.15961726060629114,0.4069044512298074,2000
2021-03-26,0.03766753319561845,0.16054771407714863,0.5647438235557025,2000
2021-03-29,0.15379000295359863,0.14117553705567137,0.6980039600588861,2000
2021-03-30,-0.06988741019546213,0.1784907917315336,0.7233548654507779,2000
2021-03-31,0.12018414934312822,0.14677881042822563,0.2986712222188661,2000
2021-04-01,-0.07454703043103621,0.17926792717269088,0.2791930575285758,2000
2021-04-02,-0.026764004414817258,0.1712978543423788,0.2338797761827115,2000
2021-04-05,-0.08343338758682547,0.180751637887478,0.3729765463397329,2000
2021-04-06,-0.0986652779673882,0.18329349686098675,0.3427541025513549,2000
2021-04-07,0.001334187514068121,0.1666004113237209,0.147417178323191,2000
2021-04-08,-0.21286841512578822,0.20234225535729342,0.3046247984932486,2000
2021-04-09,0.035022344263255914,0.16098342317732153,0.303651488840226,2000
2021-04-12,0.0030769656522295296,0.16631619054900137,0.1905722265244707,2000
2021-04-13,-0.0607445305529246,0.1769636704295119,0.2693320860340231,2000
2021-04-14,0.04219121367494527,0.1597800987161915,0.5117975664354872,2000
2021-04-15,-0.07851221295935958,0.17992653636723316,1.0504557956729903,2000
2021-04-16,-0.0015244541610696706,0.16708716789610412,0.3955447825856835,2000
2021-04-19,-0.1379251069875275,0.1898435736127193,0.5376375354271969,2000
2021-04-20,-0.015305660577770726,0.16938450253140575,0.2489393301795597,2000
2021-04-21,-0.019878442254975422,0.17014230045237727,0.2384356716738584,2000
2021-04-22,0.026607658613927145,0.16239041850840377,0.6848621435322348,2000
2021-04-23,0.03123835955557536,0.16161623977321327,0.2929987398965246,2000
2021-04-26,-0.023997353825904066,0.17083361478137768,0.2115238126200775,2000
2021-04-27,-0.01373230432521172,0.1691188032110102,0.1877304777338684,2000
2021-04-28,-0.01571954292158693,0.16945479184224932,0.8798491498623683,1999
2021-04-30,0.015985099557791708,0.16416484085453706,2.3323789003059456,1999
2021-05-06,0.18374068312447356,0.13617397309036672,3.1247823620760427,1999
2021-05-07,0.1392416978229457,0.14360299303590518,1.3985678431176105,1999
2021-05-10,0.004692971707884155,0.16604960393114482,4.9153701693673755,1999
2021-05-11,0.018256721748834845,0.16378690326625253,2.9112681715421016,1999
2021-05-12,0.055677973161649824,0.1575435847033608,6.450531366639633,1999
2021-05-13,0.1001514346862431,0.15012340390050516,6.46092625703666,1999
2021-05-14,-0.026888104119373906,0.17131847902125433,13.72947875379327,1999
2021-05-17,-0.01661206114251212,0.16960253427792754,23.65062300822009,1999
2021-05-18,-0.09545523189203096,0.18275109407437334,10.683398085629284,1999
2021-05-19,0.06568018974791241,0.1558672081764584,7.243142350641244,1999
2021-05-20,-0.1830868224924038,0.19737445166645,2.024707943980017,1999
2021-05-21,0.13819191508611695,0.14377586938110193,6.489781127498642,1999
2021-05-24,0.03831973871414182,0.16043409369627035,1.391019779885751,1999
2021-05-25,0.0779563784358656,0.1538265550614568,2.7428135500577646,1999
2021-05-26,0.033011700824825865,0.16132492041937002,3.914520129146704,1999
2021-05-27,-0.15113522616317263,0.19204579987912093,5.5113224344233585,1999
2021-05-28,0.02154393127970812,0.16323251684619808,4.312828260693114,1999
2021-05-31,0.023800979244916178,0.16285785844933537,0.750449772375857,1999
2021-06-01,-0.05317825810696121,0.17569627720079575,1.573542703907938,1999
2021-06-02,-0.09946045435881945,0.1834184615336202,2.5956364990666274,1999
2021-06-03,0.027571687371766213,0.16222737932466672,0.365488268474302,1999
2021-06-04,0.056674476641162985,0.1573730601078359,2.315699553445836,1999
2021-06-07,0.06912952965303687,0.15529375036606127,2.1725872787240132,1999
2021-06-08,-0.003241355547074365,0.1673621332550522,2.1245980304218515,1999
2021-06-09,-0.031241924466697987,0.17203392696056444,0.9713321898145786,1999
2021-06-10,-0.046048401132150134,0.1745068381689996,0.4960115694446665,1999
2021-06-11,-0.04647180387890477,0.1745756208005476,0.9259761385628696,1999
2021-06-14,0.02599525231269889,0.1624903707774472,1.2519527825097316,1999
2021-06-15,-0.1426136521745595,0.19061837172537918,1.015593805772411,1999
2021-06-16,0.06292210208427351,0.15633303913492555,0.7757393703588717,1999
2021-06-17,-0.05604889669669179,0.17618410986954616,1.1321533826079262,1999
2021-06-18,-0.05730565925826822,0.17639377830891256,0.2563968068152903,1999
2021-06-21,0.027080618257205098,0.16230788423848164,0.3316631976931642,1999
2021-06-22,-0.02686847473682485,0.17130970209649188,0.7265861310223625,1999
2021-06-23,0.06519231387093334,0.1559532761743602,0.4892036534022401,1999
2021-06-24,0.0454346127968927,0.1592483750830817,0.3665126708190072,1999
2021-06-25,-0.04523075826574983,0.1743768987051539,0.2312173322791654,1999
2021-06-28,-0.07467957732008997,0.1792868040261006,0.5269210434125459,1999
2021-06-29,0.13634138194248185,0.14407816789794814,0.3724661301413154,1999
2021-06-30,-0.06453789386361775,0.17759805415307342,0.3455334238858571,1999
2021-07-01,-0.032896255115328496,0.17231695671904262,0.7318075636617979,1999
2021-07-02,0.007624769080649446,0.16554440162302653,0.1652316037420059,1999
2021-07-05,0.0064026618303699425,0.16576385569440655,0.3297887542508991,1999
2021-07-06,0.07797197165433602,0.15382307693559663,0.7391144663090652,1999
2021-07-07,0.0922064522184659,0.15144198233509407,0.3340173863899569,1999
2021-07-08,0.04256773849788304,0.15973150036778447,0.2447090462600933,1999
2021-07-09,-0.08306185645592047,0.18068743737139747,0.3055411519759379,1999
2021-07-12,-0.04592936853549101,0.17448513119496759,0.2538336956327029,1999
2021-07-13,0.03668702701578615,0.16071080398120044,0.1862109192864718,1999
2021-07-14,0.07764546908234608,0.15386715798758657,0.3528123186006531,1999
2021-07-15,0.07127780870401655,0.1549408926773785,10.76336472459982,1999
2021-07-16,-0.08260921740433191,0.18061192329970863,30.005805173410288,1999
2021-07-19,-0.030260964391404653,0.17187784995512684,3.5314449290136913,1999
2021-07-20,-0.002208362468387344,0.16719987950760995,11.528164287632771,1999
2021-07-21,-0.02392064535964686,0.17082132318823484,7.2816325858475235,1999
2021-07-26,-0.09047448380891898,0.18192286534609597,6.139719995189083,1999
2021-07-27,0.0061916045879755075,0.1657959732991994,7.169463768105615,1999
2021-07-28,-0.05039701434572326,0.17524059114680504,6.613502933920682,1999
2021-07-29,-0.049563879048384545,0.1751017592195814,5.128059530605247,1999
2021-07-30,-0.08177630638320242,0.18047212796589487,2.661067988430668,1999
2021-08-02,-0.045956694852089565,0.17449800855010716,5.9383773874545955,1999
2021-08-03,0.058044937243666724,0.15714361545497835,7.3928005020489085,1999
2021-08-04,-0.02841264110489485,0.17156838221706244,0.6338909820082534,1999
2021-08-05,0.07633972292493901,0.1540950606635852,20.31235174619751,1999
2021-08-06,0.09949136429927086,0.15023265186447377,0.9612919082625456,1999
2021-08-10,-0.001594443168520218,0.16709081625505054,11.75116610663872,1999
2021-08-11,-0.014091907674995427,0.16917625298955602,14.084729075417089,1999
2021-08-12,-0.02009792062685175,0.17018546312197141,5.682207271413822,1999
2021-08-13,0.025617885002895763,0.16255493017184675,17.246304660097323,1999
2021-08-16,-0.0686040214615134,0.17827601877152932,1.4554574512222405,1999
2021-08-17,-0.06002812207839081,0.17684592289130543,5.014695857367677,1999
2021-08-18,-0.17451555300098368,0.19594468040963559,2.104279269790619,1999
2021-08-19,0.04073151218531595,0.16003635445594913,12.37790494861057,1999
2021-08-20,-0.021392948819020995,0.1703988984084237,10.964454680888062,1999
2021-08-23,-0.05065958755879664,0.17527390793465775,3.3797720899619903,1999
2021-08-24,-0.05691138983009575,0.17632095351754729,20.28395060195492,1999
2021-08-25,0.026365350436680018,0.16242343525999117,1.4982594356301857,1999
2021-08-26,0.14408058757826,0.14279497510671404,5.3454632761898075,1999
2021-08-27,0.013411527052941961,0.16458989689473796,1.809669143888892,1999
2021-08-30,-0.04167484703746799,0.17377858756111694,2.135680881129737,1999
2021-08-31,0.0037650891150596707,0.1661996159738024,3.0992890020714396,1999
2021-09-01,0.039013830653947396,0.160322287216127,3.0265151463001856,1999
2021-09-02,0.0026081653706522376,0.1663915069425382,0.7348526211799598,1999
2021-09-03,-0.024995498810188227,0.17099723837445802,2.617478697818557,1999
2021-09-06,0.021302940053667178,0.16327149195604193,0.8288585346042944,1999
2021-09-07,0.03681801197061209,0.16068318373581367,1.7873916665539946,1999
2021-09-08,0.06181435063053455,0.15651956194399586,2.89798038907143,1999
2021-09-09,0.061402999197391964,0.15658439947066993,1.5481147509951232,1999
2021-09-10,0.05832600859666777,0.15709938866393222,0.9259901295815376,1999
2021-09-13,0.01093026866223054,0.16500858972714272,1.3136810841355235,1999
2021-09-14,-0.10254766433252917,0.1839329168933661,0.4077217288478004,1999
2021-09-15,-0.04170692453626456,0.17378393899149272,1.1682698653929189,1999
2021-09-16,-0.005415147981438914,0.16773663457202925,3.1394624607103467,1999
2021-09-17,-0.004153178895684222,0.1675252905721118,0.5095380348288301,1999
2021-09-21,0.0019739422101473143,0.16650396642889134,0.9481030031910348,1999
2021-09-22,0.03517940169985728,0.16096162540825065,0.3731177371587529,1999
2021-09-24,0.06522930500858477,0.15594587612653701,1.1980955810208,1999
2021-09-27,0.07130292921975427,0.15493689343727476,0.4534893981781517,1999
2021-09-28,-0.015220359678018333,0.16936810761751261,0.353161913151622,1999
2021-09-29,0.022624415746925645,0.16305888730702237,0.4144662476483354,1999
2021-09-30,-0.24045953583598836,0.20694777402341255,0.5276907687113862,1998
2021-10-01,-0.06687231045199206,0.17798935506411842,0.6326094330396486,1998
2021-10-04,0.13594907525989336,0.14414974050020007,0.1875213433976368,1998
2021-10-05,-0.18114855014195128,0.19705135528237983,0.1829871209346062,1998
2021-10-06,-0.06332068952237668,0.1773937817086165,0.3579174816395671,1998
2021-10-07,-0.030379610334462234,0.17190048836266283,0.1961497308090825,1998
2021-10-08,0.0681425979418968,0.15546348178113803,0.4593025327909462,1998
2021-10-11,0.0275580272093645,0.16223151006485248,0.1357331446682086,1998
2021-10-12,0.027814546763828826,0.162188537336951,0.2957282550828283,1998
2021-10-13,0.1012590671833238,0.1499399116745266,0.4357265308268372,1998
2021-10-14,-0.01875533594944465,0.16995734774731763,0.941095560217408,1998
2021-10-15,0.03878690916152235,0.16035529285442965,4.12863582828434,1998
2021-10-18,0.10005136087172263,0.15013075692903646,4.940172610254211,1998
2021-10-19,-0.07914458558034071,0.18003400286301355,1.9915983147705083,1998
2021-10-20,-0.05932885796344805,0.17672119658518134,1.0147340730670298,1998
2021-10-21,-0.05631419400332287,0.1762211480150306,0.9459162526244638,1998
2021-10-22,0.04539311317701436,0.15925456597324442,1.0788594861247476,1998
2021-10-25,-0.05052683026698233,0.17525663803662422,1.3942259121764349,1998
2021-10-26,-0.04323844414485514,0.17404073875774417,1.0343068828375035,1998
2021-10-27,-0.02540913152769091,0.17106129681283097,1.6088133575470485,1998
2021-10-28,-0.0621191472742669,0.1771966204733282,13.231496547450686,1998
2021-10-29,0.07656501405268687,0.1540585255164385,17.602333279026404,1998
2021-11-01,0.021164651364479762,0.1632997932791263,8.980411227799708,1998
2021-11-02,0.03336702685515993,0.16126426572390987,8.526833325026368,1997
2021-11-04,0.020061861413479536,0.16347943413678756,65.25636325949642,1997
2021-11-05,0.03710467745014976,0.1606412814112957,27.69159882563485,1997
2021-11-08,0.0383996665994273,0.1604226013474427,23.833509810899287,1996
2021-11-09,0.014748233694556776,0.1643654557436177,2.9202296933511467,1996
2021-11-10,0.015736109792343033,0.1642066163218202,1.1130081158104692,1996
2021-11-11,0.023046064381560195,0.16298456127964375,14.46359654000363,1996
2021-11-12,0.06379910594551642,0.1561840835457638,30.549278822390956,1996
2021-11-15,0.03324072728137285,0.16128565470713163,10.669264856924393,1996
2021-11-16,-0.0008917170535447625,0.16697583715241113,14.281371678477262,1996
2021-11-17,-0.037805091273565426,0.17313566659843943,9.843494218173188,1997
2021-11-18,-0.024229862823040134,0.1708698851320945,9.63167246913214,1997
2021-11-19,0.0017817036620870154,0.1665310607099842,3.726352090742016,1997
2021-11-22,-0.05619839207311873,0.17620334749748126,13.727338962447554,1997
2021-11-24,-0.042932539898325475,0.17399585981435597,7.885023341231476,1997
2021-11-25,0.04150475295687437,0.15990911280123346,2.0735196183224636,1997
2021-11-26,0.011401107062310562,0.16492845960781768,1.841990669514732,1997
2021-11-29,-0.1129705005373543,0.1856793953696558,6.23479241824547,1997
2021-11-30,0.12176749985009779,0.1465160469619209,3.4377735464912837,1996
2021-12-01,0.1831441912099586,0.13627896152604455,1.9227301777920385,1996
