Variant,Period,Days,RankIC,PearsonIC,PricePartRankIC,FinancialPartRankIC,PredictionMean,PredictionStd,TargetMean,TargetStd,MSE,ZeroMSE,CrossSectionMeanBiasSquared,CenteredMSE,PredictionVariance,TargetVariance,PredictionTargetCovariance,FinancialAbsShare,MeanAbsoluteFinancial,MeanAbsolutePrice,LongWeightedReturn,ShortWeightedReturn,LongShortReturn,LongExcessUniverse,ShortExcessUniverse,RankICPositiveFraction,LongShortPositiveFraction,Sharpe,MedianDailyMSE,MedianDailyPredictionStd,FractionMSEBelowZeroPrediction,Top10MSEDaysFraction,MSEOverZero,RankICFiniteDays
sgd_only,all,953,-0.0022389363060177,-0.0015792828462681,-0.0018213907197986,-0.0024664398470114,0.0015026166111489,0.0958507666732523,0.0001762515934912,0.0206354150126734,0.0382025906571141,0.0005922158657347,0.001034412162538,0.0371681784945761,0.0367116668534983,0.000449229477682,-3.641081697856507e-06,0.1158627038864084,0.0057255213199538,0.0383239370081427,0.0001059008417226,0.0002011189123118,-9.521807058921154e-05,-7.035075176864068e-05,2.4867318820570873e-05,0.4789915966386555,0.4784889821615949,-0.01685635680071,0.0040878271452056,0.0545173958589092,0.0010493179433368,0.5437215572563661,64.50788110803926,952.0
sgd_only,2018,245,0.0094480820842451,0.0078852385821756,0.0098592901619933,-0.0036357200359973,-0.0002456727125849,0.0644192967148774,-0.0008373260379835,0.0204885619609385,0.0086859988157955,0.0005869206860689,0.0008844398553008,0.0078015589604947,0.0073859175934818,0.0004353760227566,9.8673278718967e-06,0.0907239648082472,0.0040293503453936,0.0381852415332773,-0.0005711672205449,-0.0010036895119403,0.0004325222913954,0.0002661588174385,-0.0001663634739568,0.5428571428571428,0.5142857142857142,0.0886599701432271,0.0032274456223149,0.0492145471605474,0.0040816326530612,0.4437267534935221,14.799271898171554,245.0
sgd_only,2019,241,-0.0054724743144562,-0.006293898698268,-0.0056168233962236,-0.0063007187199561,0.0021024173587593,0.0987534247748407,0.0008762473209136,0.0189438018732654,0.0672026189721797,0.0004536711612473,0.0008022427870563,0.0664003761851234,0.0660129203231435,0.0003724156818884,-7.520090045729453e-06,0.1064984023541847,0.0050959895230712,0.0348787386929114,0.0006699064147293,0.0009378810603533,-0.000267974645624,-0.0002063409061843,6.16337394397094e-05,0.46887966804979253,0.4522821576763485,-0.0696240524755145,0.0034405144665586,0.0505506091430367,0.0,0.8814806930019313,148.13068299826585,241.0
sgd_only,2020,242,-0.0045368410433086,2.266479085269112e-06,-0.0032727400178841,-0.0024309513712383,0.0055247266244717,0.0751184298236597,0.0002433527173926,0.0235520034941073,0.0110290161856821,0.0008405857719857,0.0015420599447317,0.0094869562409504,0.0088979689086828,0.0005947070903758,2.859879054160561e-06,0.0886372393222547,0.004028708716443,0.0442530498984869,2.513852528355101e-05,0.0001816553071887,-0.0001565167819051,-0.000218214192109,-6.169741020391608e-05,0.47717842323651455,0.4834710743801653,-0.0191374779742694,0.0050801484293358,0.0586631036132045,0.0,0.3212972463097475,13.120631532493425,241.0
sgd_only,2021,225,-0.0090400109899892,-0.00852923269981,-0.0089204678761633,0.0028757029619659,-0.0015621465847775,0.1492658558062322,0.0004579808264618,0.0194702743538528,0.0685073159872421,0.0004792428678986,0.000900391146864,0.0676069248403781,0.0671744285653425,0.0003901212064422,-2.118753429670222e-05,0.182548704632811,0.0100717777726896,0.0357880608563624,0.0003259044538967,0.0007448014843276,-0.0004188970304308,-0.000132076372565,0.0002868206578657,0.4222222222222222,0.4622222222222222,-0.0905408301984708,0.0052970117540674,0.0656255208277235,0.0,0.5589144854208344,142.9490568897269,225.0
sgd_sqrt,all,953,-0.0039625770511584,-0.0038043816500745,-0.0039753215781785,0.0011814955998422,0.0002550292208981,0.0140188656577993,0.0001762515934912,0.0206354150126734,0.0015956573592032,0.0005922158657347,0.0003800433431024,0.0012156140161008,0.0007635098075922,0.000449229477682,-1.4373654132640051e-06,0.0827836485637855,0.0009807479107005,0.0119710873049566,4.121123671857279e-05,0.0003200385207483,-0.0002788272840298,-0.0001350403567726,0.0001437869272571,0.49054621848739494,0.4910807974816369,-0.0421816533163079,0.0006393467771631,0.0068665185629512,0.1605456453305351,0.280587291544362,2.6943846855968627,952.0
sgd_sqrt,2018,245,-0.0033707357340186,-0.005131053860841,-0.0031470654539298,-0.0028076251732114,-0.0014360804481588,0.0111615543242315,-0.0008373260379835,0.0204885619609385,0.0018338002917916,0.0005869206860689,0.0005227065326131,0.0013110937591784,0.0008824308335479,0.0004353760227566,3.356548563068988e-06,0.0755470025459891,0.000735552287357,0.0106182651678618,-0.0009095127326983,-0.0007276308889903,-0.0001818818437079,-7.218669471480138e-05,0.0001096951489931,0.5020408163265306,0.5183673469387755,-0.0377193530803858,0.000543610939935,0.0053391042650712,0.1877551020408163,0.6295813761233575,3.1244431067407805,245.0
sgd_sqrt,2019,241,-0.0026987223321842,-0.0030870149674075,-0.0031007456215342,0.0015141505825216,0.0013186300940961,0.0135493181249593,0.0008762473209136,0.0189438018732654,0.0014273982788138,0.0004536711612473,0.0001955038210422,0.0012318944577716,0.0008553225729606,0.0003724156818884,-2.07810146129422e-06,0.0851110243879412,0.000880626517676,0.0097903523489182,0.0007136992734736,0.0010233375833991,-0.0003096383099254,-0.0001625480474399,0.0001470902624855,0.5186721991701245,0.5020746887966805,-0.0706572751408606,0.0005321542090047,0.0057591128791198,0.1493775933609958,0.5329992232894752,3.146328003061559,241.0
sgd_sqrt,2020,242,-0.0046691899529142,-0.002488832843049,-0.0042697352715649,0.000372035807137,0.0010168614914382,0.0145831757470719,0.0002433527173926,0.0235520034941073,0.0017728313701933,0.0008405857719857,0.0005647403773314,0.0012080909928618,0.0006042413979105,0.0005947070903758,-4.571252287742014e-06,0.0837879508702472,0.0010167130798685,0.0143642794452408,3.753172282911735e-05,0.0003529329090885,-0.0003154011862594,-0.0002058209945635,0.0001095801916959,0.47717842323651455,0.4710743801652892,-0.0301561756899915,0.0008088597608394,0.0090773335857678,0.1735537190082644,0.3435009000741808,2.1090428000050543,241.0
sgd_sqrt,2021,225,-0.0052038943873757,-0.0045372613895329,-0.0054986187154501,0.0060359158159063,0.000137832105376,0.0170261509490643,0.0004579808264618,0.0194702743538528,0.0013260098446704,0.0004792428678986,0.0002237093924492,0.0011023004522212,0.0007069783735036,0.0003901212064422,-2.6004361377201087e-06,0.0870904909752295,0.0013162972995866,0.0132059586384885,0.0003600921167648,0.0006721429176765,-0.0003120508009117,-9.788870969698808e-05,0.0002141620912147,0.4622222222222222,0.4711111111111111,-0.0663908563287924,0.0006709781403215,0.008272520161458,0.1288888888888889,0.2937342319934565,2.7668848792359704,225.0
