Variant,ValidationYear,Days,Sharpe,RankIC,MSE
g,2018,245,-0.011513767098899539,-0.0013176849962878868,0.0006659566651103237
g,2019,241,0.05006717553385376,0.0005016931421235166,0.0004880844699704494
g,2020,242,0.05085734661690184,0.0029874903673574545,0.0009913960390997775
g,2021,225,-0.08760480813901657,-0.005407671377389036,0.0005042314066574271
old_forecast,2018,245,-0.015150145482045959,-0.0017884741697212095,0.0006659927341695335
old_forecast,2019,241,0.05004495234585296,0.0007111939808037234,0.0004881552188195008
old_forecast,2020,242,0.050246382856935994,0.002886342295821024,0.0009914287635338452
old_forecast,2021,225,-0.05697895513210923,-0.0035270153306242807,0.0005005930907776436
old_joint,2018,245,-0.01591544372467308,-0.0016377974159923331,0.0006659618370153022
old_joint,2019,241,0.051135194297660086,0.0007131490691309792,0.0004881619374016747
old_joint,2020,242,0.05045404685877162,0.0028542543420184228,0.0009913169944766782
old_joint,2021,225,-0.06299626317185605,-0.0028600884639411756,0.0004996556604489333
overwrite,2018,245,-0.029649841972872903,-0.002318004712524255,0.0006658223698641097
overwrite,2019,241,0.06356909524806578,0.0018974702395790992,0.00048605927704521457
overwrite,2020,242,0.07251795277634995,0.003041042559222462,0.0009901361636594286
overwrite,2021,225,-0.10532956906842621,-0.005824629625208923,0.0005010020610303141
change_old,2018,245,-0.03288743616706819,-0.00235945493184178,0.0006658595799839989
change_old,2019,241,0.030450844864641523,0.0010299988086708114,0.0004870184232387614
change_old,2020,242,0.05045257732620571,0.0002034484709328476,0.0009950901279461547
change_old,2021,225,-0.06476135189034077,-0.0045221068541361695,0.0005058088133878258
