StateEventId,Code,EffectiveTimestamp,AvailablePosition,AvailableDate,SourceRow,Valid,IsRevision,OldBasisType,OldAnnual,NewForecast,OldForecast,BaseForecast,NewYoY,OldYoY,DeltaYoY,Annual,Cumulative,KnownQuarters,BaseForecastTime,AbsoluteChange
24500,7003,2019-11-11 13:00:00,697,2019-11-11,53475,True,True,prior_annual_rebased,12000000000.0,-2131500000.0,39868500000.0,-10000000.0,-212.15,3987.85,-4200.0,-72000000000.0,-67737000000.0,2,2018-11-08 15:00:00,4200.0
22475,6724,2021-01-28 15:00:00,993,2021-01-29,74840,True,True,prior_annual_rebased,28000000000.0,4099000000.0,-5901000000.0,-3000000.0,1367.3333333333333,-1966.0,3333.333333333333,38000000000.0,33901000000.0,3,2020-01-31 15:00:00,3333.333333333333
12982,4549,2021-01-27 15:00:00,992,2021-01-28,74711,True,True,prior_annual_rebased,4100000000.0,9000000.0,-1431000000.0,1000000.0,8.0,-1432.0,1440.0,5540000000.0,5531000000.0,3,2020-01-28 15:00:00,1440.0
38011,9900,2021-11-12 15:20:00,1187,2021-11-15,92719,True,True,prior_annual_rebased,250000000.0,30500000.0,405500000.0,-500000.0,62.0,812.0,-750.0,-500000000.0,-561000000.0,2,2020-11-12 15:00:00,750.0
25445,7240,2021-02-01 15:00:00,995,2021-02-02,75461,True,True,prior_annual_rebased,-10800000000.0,5820000000.0,-15980000000.0,32000000.0,180.875,-500.375,681.25,11000000000.0,5180000000.0,3,2020-02-03 15:00:00,681.25
10353,4023,2019-02-07 15:00:00,516,2019-02-08,38750,True,True,prior_annual_rebased,14000000000.0,1604000000.0,104000000.0,3000000.0,533.6666666666666,33.666666666666664,499.99999999999994,15500000000.0,13896000000.0,3,2018-02-08 15:00:00,499.99999999999994
10321,4008,2021-02-03 15:00:00,997,2021-02-04,75627,True,True,prior_annual_rebased,8000000000.0,1868000000.0,368000000.0,4000000.0,466.0,91.0,375.0,9500000000.0,7632000000.0,3,2020-02-05 15:00:00,375.0
2873,2221,2020-02-10 15:00:00,758,2020-02-12,57520,True,True,prior_annual_rebased,480000000.0,-39000000.0,241000000.0,1000000.0,-40.0,240.0,-280.0,200000000.0,239000000.0,3,2019-02-08 15:00:00,280.0
32334,8508,2019-02-13 16:00:00,519,2019-02-14,40139,True,True,prior_annual_rebased,7073000000.0,-2975000000.0,36843000000.0,153000000.0,-20.444444444444443,239.80392156862746,-260.2483660130719,-32745000000.0,-29770000000.0,3,2018-02-13 16:30:00,260.2483660130719
38366,9979,2020-07-15 17:00:00,863,2020-07-16,64965,True,True,prior_annual_rebased,850000000.0,-1384000000.0,2286000000.0,26000000.0,-54.23076923076923,86.92307692307692,-141.15384615384616,-2820000000.0,-1436000000.0,3,2019-07-12 15:30:00,141.15384615384616
19515,6269,2019-11-01 15:30:00,693,2019-11-05,51962,True,True,prior_annual_rebased,8000000000.0,2858000000.0,16858000000.0,101000000.0,27.297029702970296,165.9108910891089,-138.6138613861386,-6000000000.0,-8858000000.0,3,2018-11-06 15:30:00,138.6138613861386
34250,9025,2021-11-12 15:00:00,1187,2021-11-15,92666,True,True,prior_annual_rebased,6500000000.0,1537500000.0,587500000.0,7000000.0,218.64285714285714,82.92857142857143,135.71428571428572,8400000000.0,5325000000.0,2,2020-11-12 15:00:00,135.71428571428572
616,1780,2021-02-12 14:40:00,1002,2021-02-12,77306,True,True,prior_annual_rebased,1300000000.0,136000000.0,-214000000.0,-3000000.0,46.333333333333336,-70.33333333333333,116.66666666666666,1650000000.0,1514000000.0,3,2020-02-14 14:40:00,116.66666666666666
34555,9064,2018-01-30 15:00:00,265,2018-01-31,19443,True,True,prior_annual_rebased,25000000000.0,-1131000000.0,-7131000000.0,-63000000.0,-16.952380952380953,-112.19047619047619,95.23809523809524,31000000000.0,32131000000.0,3,2017-01-30 15:00:00,95.23809523809524
15795,5021,2021-02-10 16:00:00,1002,2021-02-12,77000,True,True,prior_annual_rebased,31000000000.0,38552000000.0,-6448000000.0,-540000000.0,72.39259259259259,-10.940740740740742,83.33333333333333,76000000000.0,37448000000.0,3,2020-02-13 16:00:00,83.33333333333333
8448,3608,2019-01-11 15:35:00,498,2019-01-15,36941,True,True,prior_annual_rebased,3200000000.0,-1806000000.0,-106000000.0,21000000.0,-87.0,-6.0476190476190474,-80.95238095238095,1500000000.0,3306000000.0,3,2018-01-11 15:00:00,80.95238095238095
10704,4080,2020-02-07 16:00:00,757,2020-02-10,57149,True,True,prior_annual_rebased,220000000.0,-337000000.0,983000000.0,22000000.0,-16.318181818181817,43.68181818181818,-60.0,-1100000000.0,-763000000.0,3,2019-02-08 16:00:00,60.0
4010,2484,2021-06-25 15:00:00,1093,2021-06-28,83911,True,True,prior_annual_rebased,-13000000000.0,-6093000000.0,-93000000.0,108000000.0,-57.416666666666664,-1.8611111111111112,-55.55555555555555,-19000000000.0,-12907000000.0,3,2020-06-25 16:00:00,55.55555555555555
16036,5191,2021-02-02 12:00:00,995,2021-02-02,75532,True,True,prior_annual_rebased,-8500000000.0,2174000000.0,-4126000000.0,-116000000.0,19.74137931034483,-34.56896551724138,54.310344827586206,-2200000000.0,-4374000000.0,3,2020-01-31 12:00:00,54.310344827586206
35583,9413,2018-02-02 15:50:00,268,2018-02-05,20201,True,True,prior_annual_rebased,6300000000.0,856000000.0,156000000.0,-13000000.0,66.84615384615384,13.0,53.84615384615384,7000000000.0,6144000000.0,3,2017-02-03 15:50:00,53.84615384615384
21977,6626,2021-02-10 15:30:00,1002,2021-02-12,77098,True,True,prior_annual_rebased,1900000000.0,352000000.0,-248000000.0,-13000000.0,28.076923076923077,-18.076923076923077,46.15384615384615,2500000000.0,2148000000.0,3,2020-02-10 15:30:00,46.15384615384615
32340,8508,2021-05-13 16:00:00,1062,2021-05-14,82181,True,True,prior_annual_rebased,106000000.0,367666666.6666667,-1431333333.3333333,42000000.0,7.753968253968255,-35.079365079365076,42.83333333333333,5503000000.0,4400000000.0,1,2020-05-12 16:00:00,42.83333333333333
4353,2594,2018-01-29 14:00:00,263,2018-01-29,19172,True,True,prior_annual_rebased,780000000.0,-470000000.0,10000000.0,12000000.0,-40.166666666666664,-0.16666666666666666,-40.0,300000000.0,770000000.0,3,2017-01-30 14:00:00,40.0
17527,5851,2021-11-08 13:00:00,1182,2021-11-08,90887,True,True,prior_annual_rebased,2300000000.0,-212000000.0,3888000000.0,103000000.0,-3.058252427184466,36.74757281553398,-39.80582524271844,-1800000000.0,-1588000000.0,3,2020-11-06 13:00:00,39.80582524271844
19543,6272,2021-11-08 15:15:00,1183,2021-11-09,90905,True,True,prior_annual_rebased,2080000000.0,519500000.0,554500000.0,-1000000.0,520.5,555.5,-35.0,2010000000.0,971000000.0,2,2020-11-10 16:00:00,35.0
25706,7272,2021-08-05 15:00:00,1120,2021-08-06,85998,True,True,prior_annual_rebased,130000000000.0,25418500000.0,10418500000.0,456500000.0,54.681270536692224,21.822562979189485,32.85870755750274,160000000000.0,109163000000.0,2,2020-08-06 15:00:00,32.85870755750274
15514,4980,2019-01-31 15:00:00,511,2019-02-01,37717,True,True,prior_annual_rebased,7000000000.0,229000000.0,3129000000.0,90000000.0,1.5444444444444445,33.766666666666666,-32.22222222222222,4100000000.0,3871000000.0,3,2018-01-30 15:00:00,32.22222222222222
35495,9401,2021-02-04 16:30:00,998,2021-02-05,75869,True,True,prior_annual_rebased,4100000000.0,-3670000000.0,-8070000000.0,141000000.0,-27.02836879432624,-58.234042553191486,31.205673758865245,8500000000.0,12170000000.0,3,2020-02-06 16:00:00,31.205673758865245
30157,8111,2018-02-06 15:00:00,270,2018-02-07,20554,True,True,prior_annual_rebased,5000000000.0,-312000000.0,-1512000000.0,39000000.0,-9.0,-39.76923076923077,30.769230769230766,6200000000.0,6512000000.0,3,2017-02-03 15:00:00,30.769230769230766
25580,7254,2020-02-14 15:00:00,761,2020-02-17,58760,True,True,prior_annual_rebased,500000000.0,-817000000.0,1183000000.0,67000000.0,-13.194029850746269,16.65671641791045,-29.850746268656717,-1500000000.0,-683000000.0,3,2019-02-14 15:30:00,29.850746268656717
