PC,eigenvalue,market_variance_share,cumulative_market_share,v7_exposure,v7_variance_contribution,v7_portfolio_variance_share,equal_long_exposure,equal_long_variance_contribution,equal_long_portfolio_variance_share,long_sleeve_exposure,long_sleeve_variance_contribution,long_sleeve_portfolio_variance_share,short_sleeve_exposure,short_sleeve_variance_contribution,short_sleeve_portfolio_variance_share
1,0.17990204070808768,0.19333399800332823,0.19333399800332823,0.00014543060967723586,3.8049393564765956e-09,0.0033627794999683555,0.021640051404521386,8.424665492669425e-05,0.9974556532076605,0.01047712426470699,1.9747870909972255e-05,0.9624653128295346,-0.010331693655029747,1.920344432439796e-05,0.9665890843124318
2,0.05296819708339103,0.05692294133437166,0.2502569393376999,0.0004919121153033251,1.281711345547434e-08,0.011327677615537523,3.564412084541488e-05,6.729627188253633e-11,7.967680958661595e-07,-0.0002690011857218663,3.83286549861136e-09,0.0001868049526945027,0.0007609133010251909,3.066800619835581e-08,0.001543648083552119
3,0.02642106879613526,0.028393734955826838,0.27865067429352675,-0.0017752555472942,8.32668506071108e-08,0.07359067570207203,-0.0011276955715390034,3.3599601905816185e-08,0.0003978094192065543,-0.0009003548389861668,2.1417944457042103e-08,0.0010438608144639522,-0.0008749007083080328,2.022404012042954e-08,0.0010179599081747918
4,0.018838293159693806,0.02024480944066701,0.2988954837341938,-0.002115678371205371,8.432198926276641e-08,0.07452320006276211,-0.0025822982950561195,1.2561872122820637e-07,0.0014872887682818791,-0.004095336667054327,3.159517539729949e-07,0.015398753876454521,0.0019796582958489573,7.382815569588918e-08,0.0037160776059272068
5,0.014518254338679013,0.015602225212555878,0.31449770894674967,-0.0004314045215319963,2.7019902998124515e-09,0.002388000632350828,-0.0005814044708505634,4.907622336768268e-09,5.810480722204477e-05,-0.00012585945697094435,2.2997790191118544e-10,1.1208588222796931e-05,-0.00030554506456105177,1.355392088578136e-09,6.822251131889736e-05
6,0.013623253945793492,0.014640401747463143,0.3291381106942128,0.0028478511704491173,1.1048808099090273e-07,0.09764861379843556,0.0006471442448032807,5.705359812607341e-09,6.754978466053968e-05,0.0011476139278736727,1.7942066952158273e-08,0.0008744546265591185,0.001700237242575446,3.9382193524011943e-08,0.001982269312397587
7,0.012320340300230683,0.013240209158439193,0.342378319852652,-0.0014996177023290289,2.7706637363948314e-08,0.024486937480869615,0.00037063366699028265,1.6924367089237167e-09,2.0037953607547102e-05,-0.000931438513574054,1.0688852557183613e-08,0.0005209498212307765,-0.0005681791887549756,3.977345773685639e-09,0.00020019632647338902
8,0.012040135391398164,0.012939083417610877,0.35531740327026284,0.0007663463078464188,7.071010942702552e-09,0.006249311333095965,-0.00020598328654128427,5.108522811226723e-10,6.048340984021463e-06,-0.001159378428124909,1.6183848396277624e-08,0.0007887631421392044,0.0019257247359713257,4.464982782272581e-08,0.0022474112175305985
9,0.011045759779021084,0.011870465119001293,0.36718786838926415,-0.001216313609365245,1.6341304636797776e-08,0.014442333789584384,0.00028146678864404093,8.750843364890411e-10,1.036074155376223e-05,0.0013836594740841094,2.114725665898332e-08,0.0010306681205565688,-0.0025999730834493535,7.466779008267208e-08,0.0037583398907219505
10,0.010517587229437598,0.011302857824249822,0.378490726213514,-0.0014509571693523168,2.2142431411077145e-08,0.019569330139751893,0.0005603246174548997,3.302140358943955e-09,3.909637209429632e-05,-0.000756778209079414,6.0235616457089575e-09,0.0002935743893665853,-0.0006941789602729029,5.068261515311686e-09,0.00025510664516140884
11,0.010200416702243163,0.010962006515226474,0.3894527327287405,0.0009250692479143652,8.729038351297826e-09,0.007714664669284976,-0.00010867311546913155,1.2046535065215578e-10,1.4262743740768107e-06,0.0005387880734874617,2.9611053645224184e-09,0.00014431739066853597,0.00038628117442690525,1.5220362637621474e-09,7.661040455180384e-05
12,0.009561218669527503,0.010275084284136824,0.3997278170128773,-0.0006598388830473822,4.162833674414466e-09,0.003679084061687073,-0.0003964676584071939,1.50289549432179e-09,1.779384129014952e-05,-0.0002236651223747178,4.783103566713066e-10,2.33117346757004e-05,-0.0004361737606726642,1.8189984221048953e-09,9.155774294897229e-05
13,0.008883627740180458,0.009546902642250837,0.4092747196551281,0.0006074639651987322,3.278169406213838e-09,0.002897223804073299,0.000496074704768946,2.186172951868878e-09,2.588364572609691e-05,0.0009543212203168964,8.090577333094661e-09,0.00039431592799891535,-0.00034685725511816385,1.068788857461006e-09,5.3796580738593714e-05
14,0.008805030119462667,0.009462436717422466,0.4187371563725506,-4.8062827268675236e-05,2.0339930966364135e-11,1.79762925177863e-05,-0.0003057090990822865,8.229009738756435e-10,9.742905865361193e-06,-0.00039261982782243704,1.357298291525099e-09,6.615156290575189e-05,0.0003445570005537622,1.04532900775083e-09,5.2615749098893725e-05
15,0.008552111341367592,0.009190634361280326,0.4279277907338309,-0.0004374546660139107,1.6365883403751749e-09,0.0014464056336490848,-0.0001320956742043214,1.4922807543642981e-10,1.7668165886335065e-06,-0.0008678989426842762,6.4418656786676134e-09,0.0003139615553438605,0.0004304442766703654,1.5845546481038046e-09,7.975721440802945e-05
16,0.008401149378679118,0.009028401183279028,0.43695619191710994,0.00018808541318980054,2.9720009086126444e-10,0.00026266341702288313,-0.00014613471818204196,1.7940953459912486e-10,2.1241562015840904e-06,0.0003371786830864105,9.551221726005817e-10,4.655043395985695e-05,-0.00014909326989660977,1.867474955914701e-10,9.399776816706971e-06
17,0.008247970113801703,0.008863785153503051,0.445819977070613,-2.6749157815298377e-06,5.901566492594974e-14,5.215764289440812e-08,0.0002351141129600126,4.559366210712266e-10,5.398155696360998e-06,0.00014011046321179023,1.619154221087097e-10,7.89138120773772e-06,-0.00014278537899332003,1.6815684710900355e-10,8.464032291407862e-06
18,0.008072417514084846,0.008675125337141047,0.45449510240775404,0.0003112149972237116,7.818521779719565e-10,0.0006909956321943492,0.0003314822564627315,8.870011624648664e-10,1.050183327364383e-05,0.00021488425723875835,3.7274584845581975e-10,1.8166765990898655e-05,9.633073998495312e-05,7.490889812243364e-11,3.7704758594282204e-06
19,0.007805314700895879,0.008388079928714851,0.4628831823364689,0.0004306382542373844,1.447490194491258e-09,0.0012792819796602062,0.0004215250349380567,1.3868745035067573e-09,1.6420186831347507e-05,0.0010811299029816958,9.123178608463777e-09,0.0004446425132828228,-0.0006504916487443114,3.3027360629405215e-09,0.00016624041879546568
20,0.007566816526817974,0.00813177485663513,0.47101495719310404,-0.0011728916465709872,1.0409478922612277e-08,0.009199826606100749,0.00017925019492542288,2.4312660011616606e-10,2.8785475452057075e-06,-0.0005928110927186841,2.659168434756512e-09,0.00012960168673838805,-0.0005800805538523036,2.5461841907383123e-09,0.00012816002191282387
21,0.007397880118889738,0.007950225214260125,0.4789651824073642,0.0021330013645604762,3.365809686489576e-08,0.029746796871430465,-0.00036056092710849686,9.617553545542966e-10,1.1386900954555956e-05,0.0013862307403637631,1.4216030285769892e-08,0.0006928562627618919,0.0007467706241967131,4.125548915813961e-09,0.0002076560059466197
22,0.007062231671084067,0.007589516374702395,0.4865546987820666,-0.0004354160554580233,1.3389083140766718e-09,0.0011833180529540771,-0.00025251691152989604,4.503217237360801e-10,5.3316769608670394e-06,-7.50335191442992e-05,3.9760569078867076e-11,1.9378376905151587e-06,-0.00036038253631372495,9.172113812678178e-10,4.616705702186034e-05
23,0.007002529182667196,0.007525356342214992,0.4940800551242816,0.0017507181874177934,2.146285118300602e-08,0.018968721760632395,8.588015192721615e-05,5.164645720038779e-11,6.114788859866211e-07,-0.00011842607925488531,9.820862485362027e-11,4.786460032740352e-06,0.0018691442666726775,2.4464738233664312e-08,0.001231411851319661
24,0.006874681365662112,0.007387963072520528,0.5014680181968021,0.0013924694459544731,1.332980888788662e-08,0.011780794348372902,-0.00021128803554035485,3.069038838160888e-10,3.633651854428076e-06,0.0010594191899294262,7.71592938712666e-09,0.0003760564581977963,0.0003330502560250492,7.625566584299083e-10,3.838264270496803e-05
25,0.006772476040818664,0.007278126830577751,0.5087461450273798,0.0007712642975396478,4.028598004239414e-09,0.0035604474902366456,0.0001866721315557627,2.359969827346054e-10,2.7941349691973995e-06,0.0009166882503362058,5.691029108076189e-09,0.0002773675266461539,-0.00014542395279655847,1.432251769613558e-10,7.209117818186145e-06
26,0.006705464263827313,0.007206111778897112,0.5159522568062769,-0.00014117947906727572,1.3365093534352385e-10,0.0001181197867870835,-0.000397941201449098,1.061858544250756e-09,1.2572093322772044e-05,0.00028650201280132906,5.504073277444158e-10,2.6825573414787005e-05,-0.0004276814918686046,1.2265062483288118e-09,6.173515185343135e-05
27,0.00665217049211308,0.007148838954677692,0.5231010957609545,-0.00032347434704984906,6.960542046355353e-10,0.000615167967455503,0.0003659512260839647,8.908606671058286e-10,1.0547528675153344e-05,0.00018624231027730004,2.307385037333736e-10,1.1245658187152499e-05,-0.0005097166573271495,1.728307538412441e-09,8.69928942300161e-05
28,0.006486537031849287,0.006970838866686,0.5300719346276406,-0.0006612874995003643,2.8365701489214887e-09,0.002506941386800008,0.0002917726912196679,5.522073516946736e-10,6.537972874649492e-06,-0.0005769151067144127,2.1589208686135917e-09,0.00010522078347874468,-8.43723927859523e-05,4.617571547845595e-11,2.3242154786308834e-06
29,0.006428862153242331,0.006908857830664666,0.5369807924583052,-0.001330209158152688,1.1375591310273387e-08,0.010053670157210773,-0.00011213681589544486,8.084079098871175e-11,9.571312243985551e-07,-0.0010594834343983772,7.216430861283403e-09,0.0003517120614207821,-0.000270725723754311,4.711868490001435e-10,2.371679044766295e-05
30,0.006363519844267509,0.006838636893852897,0.5438194293521581,0.0014856609603401169,1.4045487750291246e-08,0.012413306454763883,-0.00024266303223741055,3.7471807553703676e-10,4.436551969080995e-06,0.0013048860131933892,1.0835340282896562e-08,0.0005280892923867685,0.00018077494714672805,2.0795716547880208e-10,1.046734756332135e-05
31,0.0062893769970855315,0.006758958347613943,0.5505783876997721,-0.0014393715290820903,1.3030270876568424e-08,0.011516064693166291,-0.00034068083422696095,7.299666719365883e-10,8.64259102287068e-06,-0.000990689949621277,6.1728133082675496e-09,0.0003008485683780677,-0.0004486815794608137,1.266146934880214e-09,6.37304321931439e-05
32,0.0061530776141854385,0.006612482495990783,0.5571908701957629,-0.0023298288486384815,3.3399535758423946e-08,0.0295182823257643,3.543532025884304e-05,7.726185262300438e-12,9.147576451927951e-08,-0.001826601732046082,2.05295827875751e-08,0.0010005641322035086,-0.0005032271165923974,1.5581901822917775e-09,7.843018138014409e-05
33,0.006105677051311423,0.006561542883010454,0.5637524130787733,0.0010299264293600191,6.476587467733661e-09,0.00572396391263764,-2.979136126969075e-06,5.418942284573857e-14,6.415868524225001e-10,-0.00012405224054915602,9.39600100565031e-11,4.579392425885851e-06,0.0011539786699091752,8.130727241279073e-09,0.00040925326031003405
34,0.006030873588269494,0.006481154397602126,0.5702335674763754,0.0011419633438037012,7.864743309139577e-09,0.006950806594977734,-0.00010664914310866428,6.859539577432972e-11,8.121493412249692e-07,9.986302712892163e-05,6.014363581723711e-11,2.9312609711415237e-06,0.0010421003166747789,6.549366305517406e-09,0.0003296567987042726
35,0.00587947263444886,0.006318449452241579,0.576552016928617,0.00025933064523850146,3.9540854874140544e-10,0.00034945938351330866,1.937313436086292e-05,2.206673879628028e-12,2.6126370690158204e-08,0.000744255841305233,3.2567384164077176e-09,0.0001587258582477852,-0.00048492519606673054,1.3825723698893287e-09,6.959060772806919e-05
36,0.005789870131559479,0.0062221569919308165,0.5827741739205479,0.002619285737084519,3.972231751981668e-08,0.035106313802217105,-0.0004573179586391288,1.2108917909027728e-09,1.4336603195814414e-05,0.000932406673992371,5.033610065723664e-09,0.0002453264510718552,0.0016868790630921488,1.6475428487991124e-08,0.0008292767207198156
37,0.005726375552918165,0.006153921741836123,0.588928095662384,8.871730205097151e-05,4.507092583278938e-11,3.9833377416939284e-05,-8.900885286967454e-05,4.5367644887912734e-11,5.37139592136229e-07,7.20274491283695e-05,2.970816967943278e-11,1.447907116390419e-06,1.6689852922602326e-05,1.5950887279626658e-12,8.028743838414785e-08
38,0.0056338730061246565,0.006054512712751802,0.5949826083751358,0.0006514647159856107,2.391051062967781e-09,0.002113194651641239,-0.00036540258615089586,7.522293714055207e-10,8.90617484658774e-06,-0.00018162820179531082,1.85854730598778e-10,9.058127442805583e-06,0.0008330929177809218,3.910154684292969e-09,0.00019681431997117511
39,0.005610040751069718,0.00602890107914792,0.6010115094542837,-0.0006554919512327837,2.410464516014522e-09,0.0021303521292809434,0.00021262169910450985,2.536186489516249e-10,3.0027703221665915e-06,-0.0010712310903754577,6.437723998138562e-09,0.00031375969946460114,0.00041573913914267474,9.69634011858103e-10,4.880570567485927e-05
40,0.005556780822938967,0.005971664625362518,0.6069831740796462,-0.0005635775927145775,1.7649430746733057e-09,0.0015598446740077547,-0.000811046865852786,3.6552338583964023e-09,4.3276895433130086e-05,-0.001354671481100795,1.0197441984773544e-08,0.0004969996124989805,0.0007910938883862172,3.4775975876455936e-09,0.00017504192534767372
41,0.005522504588169127,0.005934829237178642,0.6129180033168249,-0.003181937913488137,5.5913861723000396e-08,0.04941629034011323,-6.995962524383625e-06,2.70290657157166e-13,3.20016200317056e-09,-0.001284335649950933,9.109471064198753e-09,0.0004439744394464428,-0.0018976022635372018,1.988595557259869e-08,0.0010009427091771713
42,0.0054336389895133395,0.005839328700300572,0.6187573320171255,-0.0008589466462167412,4.008880929560266e-09,0.0035430216738652166,-0.00016170684288440625,1.4208478579526623e-10,1.6822421370866987e-06,-0.00047122086668981985,1.2065346756224873e-09,5.88036948036901e-05,-0.00038772577952692256,8.168459049478418e-10,4.1115245887674746e-05
43,0.0053610546304387755,0.005761325002970842,0.6245186570200963,0.0008195087767425763,3.600455528592246e-09,0.0031820580849702194,-0.00013062506705580022,9.147518271056314e-11,1.0830392993317995e-06,0.0003110947077377804,5.188424231444817e-10,2.52871733554232e-05,0.0005084140690047959,1.3857514854195762e-09,6.975062581218972e-05
44,0.005301010284039781,0.005696797588489476,0.6302154546085859,0.0008836170679120391,4.1389181590252505e-09,0.0036579476919982525,0.0005593425337014145,1.6584956526163953e-09,1.96361014685033e-05,0.002011755090556019,2.1454029064887545e-08,0.0010456194943508435,-0.0011281380226439795,6.7465713939640985e-09,0.0003395829495886357
45,0.005287135047985455,0.0056818863909896345,0.6358973409995755,0.0016017467308874424,1.356463450095758e-08,0.011988331626558005,-0.00046897827248024756,1.1628557607872511e-09,1.3767870706220949e-05,0.0001321348545629941,9.231136771823763e-11,4.499041431539346e-06,0.0014696118763244483,1.1418937858519119e-08,0.0005747625531146787
46,0.00521030465596372,0.005599319640777905,0.6414966606403534,0.0014410976762829863,1.0820565388669331e-08,0.009563142026205423,-0.0002690216359333375,3.7708350628386724e-10,4.46455797445593e-06,0.00035065543145464925,6.406550569442507e-10,3.122403790305807e-05,0.0010904422448283376,6.19538720281262e-09,0.0003118395607666777
47,0.0050831010003101924,0.005462618627207748,0.6469592792675611,0.00033346667580035994,5.652409525647714e-10,0.00049955610582649,-0.00027511566375019563,3.847329429390831e-10,4.5551250580064636e-06,-0.0005844258762961282,1.7361514706479405e-09,8.461598599334647e-05,0.0009178925520964879,4.28264850061994e-09,0.00021556348031727456
48,0.004983248245122483,0.005355310603929614,0.6523145898714907,0.001026930666632855,5.2552667942340064e-09,0.004644569015911789,8.863063107090774e-06,3.9145352273094193e-13,4.634694749076758e-09,0.0006839669871687127,2.3312175451702667e-09,0.0001136181228910592,0.0003429636794641431,5.861500173110755e-10,2.9503364028431434e-05
49,0.0049688013128520005,0.005339785025877568,0.6576543748973683,0.0007502811239202731,2.797046404523081e-09,0.0024720105705706456,-0.00034281795742342806,5.839541604113972e-10,6.913845766615966e-06,0.000289584606591812,4.166799235449514e-10,2.030801066063084e-05,0.00046069651732846145,1.054584756064606e-09,5.308162934079765e-05
50,0.004876319619174511,0.005240398406857496,0.6628947733042259,-0.0005220111674934174,1.3287759280622948e-09,0.0011743631191738803,9.894677051325739e-05,4.77414287338641e-11,5.652444957516598e-07,-0.00015059063294651546,1.1058292702969718e-10,5.389554749595668e-06,-0.0003714205345469024,6.727039614358431e-10,3.3859983402639e-05
51,0.004839948663677286,0.005201311900613304,0.6680960852048392,-0.0011336520080430245,6.220141700904059e-09,0.005497318889746444,-9.959194418904848e-05,4.800529869903784e-11,5.683686386473425e-07,-0.0011123671220552712,5.988761851327104e-09,0.0002918783283006189,-2.1284885987753583e-05,2.1927211803817447e-12,1.10368761045897e-07
52,0.0047877468216559645,0.005145212532416051,0.6732412977372553,0.0017544156106659855,1.4736560881738961e-08,0.013024072183646165,-0.00013112176439876374,8.231533419594673e-11,9.745893829359506e-07,0.0003955082479749977,7.48931791075757e-10,3.650119417287222e-05,0.0013589073626909878,8.841193180631152e-09,0.00044501396084650036
53,0.004742282912245486,0.005096354168516492,0.6783376519057718,-0.0002698686573095844,3.453761594452959e-10,0.00030524109846416346,0.00017698920489621017,1.485528594339489e-10,1.758822229458096e-06,-0.00032295412664859593,4.946171102419733e-10,2.410648793027532e-05,5.3085469339011175e-05,1.3364071240218603e-11,6.726691922842847e-07
54,0.004691445220925059,0.005041720802082449,0.6833793727078542,-0.0006761307518165796,2.1447072885423203e-09,0.0018954777008644275,0.0006346450279338454,1.889593618709629e-09,2.2372233519384875e-05,-0.00029186368323850983,3.9963799128497914e-10,1.9477426506086304e-05,-0.00038426706857806997,6.927443371970505e-10,3.486869872105154e-05
55,0.004651827874595952,0.004999145520968673,0.6883785182288229,0.0004269158651673657,8.478289183071995e-10,0.0007493054261458458,0.0003801355496171013,6.722032512132285e-10,7.958689085170463e-06,0.0011498126133215698,6.150037639176034e-09,0.000299738535221734,-0.0007228967481542038,2.4309508546609514e-09,0.00012235984966665184
56,0.004589764382764178,0.004932448206370926,0.6933109664351939,-0.00018477859824833287,1.5670892369114006e-10,0.0001384982799144154,-0.00012137370318406122,6.76144620217967e-11,8.005353736705585e-07,0.0005894684118348607,1.5948192386198109e-09,7.772778161263224e-05,-0.0007742470100831928,2.7513729629996002e-09,0.00013848802475131719
57,0.004562667263228115,0.004903327944957207,0.698214294380151,0.0015151407786377009,1.0474294307695787e-08,0.009257110002187045,-0.00010233093840141699,4.777852212027224e-11,5.656836705533373e-07,0.00037873378640565183,6.544657115207239e-10,3.189713709627862e-05,0.0011364069922320493,5.892323644442696e-09,0.00029658511357352106
58,0.0045232650421518006,0.004860983850910739,0.7030752782310618,0.0006018015203376847,1.6381686000800549e-09,0.0014478022564181577,0.0001937246866720587,1.697547636993408e-10,2.0098465494941175e-06,-0.00031566275189472647,4.5071157616731684e-10,2.1966634283228597e-05,0.0009174642722324112,3.807416241356147e-09,0.00019164306757475896
59,0.004465404801044395,0.004798803612739442,0.7078740818438012,0.0009459440828517348,3.995689798300753e-09,0.00353136344186071,0.00016888940376258156,1.2736955748564515e-10,1.5080181553933654e-06,0.0015223322658757977,1.0348555655909006e-08,0.000504364541479186,-0.0005763881830240624,1.4835116864244724e-09,7.467130262283183e-05
60,0.004382469981856546,0.0047096766628496,0.7125837585066508,0.0006601145821316567,1.9096668232676686e-09,0.001687750537764375,-4.2059299469517494e-05,7.752522222819526e-12,9.178758639732238e-08,0.0002812313413244336,3.4661422846430593e-10,1.6893171590543616e-05,0.000378883240807223,6.291145666164467e-10,3.1665948181015585e-05
61,0.004349676954458626,0.004674435222182677,0.7172581937288335,0.0004678410710380759,9.52036708033371e-10,0.0008414035612795112,0.0002639328928245522,3.0300098429193746e-10,3.5874426702455868e-06,0.0006871447398763628,2.053777805165143e-09,0.00010009635503199679,-0.00021930366883828625,2.091937947875054e-10,1.0529592250833725e-05
62,0.004294835297899685,0.004615498943984089,0.7218736926728175,-0.000404898858784914,7.041085519351032e-10,0.0006222863447664343,-0.00013046886506355257,7.310722222572424e-11,8.655680413994891e-07,-0.00021883154221155948,2.0566782527778845e-10,1.0023771610487748e-05,-0.00018606731657335436,1.486916916857539e-10,7.484270200882578e-06
63,0.0042352561634761135,0.004551471475422033,0.7264251641482395,0.001120863058307065,5.320896297730514e-09,0.004702571924309132,-6.948124707225305e-05,2.04463077131103e-11,2.420782787567173e-07,0.00037006478317900247,5.800096228396966e-10,2.8268320450112424e-05,0.000750798275128062,2.3874056403278317e-09,0.00012016803823233726
64,0.004171485356308225,0.004482939372855878,0.7309081035210955,0.0017438465484248876,1.2685490240869158e-08,0.011211349914534659,-0.0004326690081422928,7.809123648011349e-10,9.245773064917808e-06,9.078085695022628e-05,3.4377894897452366e-11,1.6754986660455055e-06,0.001653065691474662,1.1399110095513588e-08,0.0005737645394790138
65,0.004130987269369389,0.0044394175927329055,0.7353475211138284,-0.0011334628656696705,5.307236602771257e-09,0.004690499578896681,-0.0001347886645639081,7.505171100622724e-11,8.885902175131787e-07,-0.0008773494667256,3.1797947611186505e-09,0.0001549758033889273,-0.00025611339894407085,2.709682809993717e-10,1.363895862556977e-05
66,0.004083661864206029,0.004388558748934652,0.739736079862763,-0.0019650682357773936,1.5769032402371683e-08,0.013936563484716454,0.0003002353621391964,3.681064776296346e-10,4.358272591517428e-06,-0.0003860762749215962,6.086897702005652e-10,2.9666124148927186e-05,-0.001578991960855798,1.0181449515793865e-08,0.000512474626853325
67,0.0040336821305402585,0.004334847397519667,0.7440709272602827,-0.0008874240786713217,3.176611383434089e-09,0.0028074675149277846,-7.558383003703482e-05,2.304408461329375e-11,2.7283519435312775e-07,-0.00011174672899781597,5.0369925694564495e-11,2.4549130643920915e-06,-0.0007756773496735057,2.4269671108944396e-09,0.00012215933130263544
68,0.003991029383430712,0.004289010084657307,0.74835993734494,0.0011793185822436747,5.550693009084819e-09,0.004905664693392836,0.000131407088564411,6.891638868145352e-11,8.159498029777687e-07,0.0005209494337974167,1.0831187298019099e-09,5.27886885559851e-05,0.0006583691484462568,1.7299114293289152e-09,8.707362471909415e-05
69,0.003956787729303917,0.00425221185899781,0.7526121492039378,-0.0023728511231390806,2.2278386471175292e-08,0.01968948629631108,-9.776138361427076e-05,3.7816160383077634e-11,4.4773223328011893e-07,-0.0010466467661097202,4.334540089489073e-09,0.00021125540582177734,-0.0013262043570293623,6.959269467040278e-09,0.00035028892671527643
70,0.003910357888238244,0.0042023154444571255,0.756814464648395,-0.0003703389870766085,5.363093592316723e-10,0.00047398656059934643,0.00012870281576709666,6.47727900239682e-11,7.668908117438887e-07,-3.496916090805163e-06,4.781750699983475e-14,2.3305141117812317e-09,-0.000366842070985804,5.262290028580304e-10,2.6487290582812372e-05
71,0.0038576996154026043,0.004145725567126142,0.7609601902155211,-0.0008606369997456845,2.857382849204606e-09,0.0025253355096214194,0.00021677222486492822,1.8127406671886404e-10,2.1462317143155972e-06,-0.0007267495605246333,2.0375016231143894e-09,9.93030917622213e-05,-0.00013388743922105123,6.915253069040833e-11,3.480733986507114e-06
72,0.003816772241270924,0.004101742448104747,0.7650619326636259,-0.001366938523289367,7.13171880431779e-09,0.006302964527904221,-0.0003632139982879162,5.035254205084817e-10,5.961593106064194e-06,-0.0005605919936033108,1.1994717577973034e-09,5.845946461071916e-05,-0.0008063465296860579,2.4816451813761387e-09,0.00012491150560981057
73,0.0037672250666922276,0.0040484959517706025,0.7691104286153965,0.000484674970021844,8.849581870505361e-10,0.0007821200210923806,-8.819496859125844e-05,2.9302804458355545e-11,3.4693659928999936e-07,-2.544680494071343e-06,2.4394284739881907e-14,1.1889207196289176e-09,0.00048721965051591495,8.942751422304853e-10,4.501258088132239e-05
74,0.003741685833605624,0.004021049892686794,0.7731314785080833,-0.0016723008036336523,1.0463961102464043e-08,0.009247977585749677,0.00044806455693835684,7.511877595382395e-10,8.893842467974347e-06,0.00025003608196608217,2.339228731623524e-10,1.1400856949216475e-05,-0.0019223368855997352,1.3826947634772691e-08,0.0006959676830552054
75,0.0036906952837571874,0.003966252254906896,0.7770977307629902,0.0005258410712843833,1.0205098431004662e-09,0.0009019196519000498,0.00010172194984049324,3.818893459072475e-11,4.521457704242484e-07,-0.0011717045466419084,5.0669243488440265e-09,0.00024695011177286474,0.0016975456179262926,1.0635333123205287e-08,0.0005353204733098816
76,0.003672261384794712,0.003946442032792809,0.781044172795783,-0.0010350711381985202,3.934358983293698e-09,0.0034771596850857118,7.750813388199416e-05,2.2061149995197306e-11,2.6119753713805e-07,-6.673495553791176e-05,1.6354615446630002e-11,7.970859311268204e-07,-0.0009683361826606073,3.44338755682738e-09,0.0001733199924587458
77,0.0036386237811680904,0.003910292957625071,0.784954465753408,-0.0014606317203665665,7.762803794832361e-09,0.0068607131462173655,6.525555034198001e-05,1.549430380102702e-11,1.834480067166956e-07,-0.0003863282553257288,5.43062855940133e-10,2.6467620935509498e-05,-0.0010743034650408378,4.199437350796874e-09,0.00021137511765933852
78,0.003602610949538172,0.003871591313713592,0.7888260570671216,-0.0009036632106371479,2.9419180339197006e-09,0.0026000471303735564,-0.00024778463922593827,2.211903238334021e-10,2.618828476150599e-06,0.0003167653640527726,3.614870485576929e-10,1.761803826144182e-05,-0.0012204285746899213,5.365894129411015e-09,0.0002700877303804952
79,0.0035790528722973993,0.003846274328757206,0.7926723313958788,-0.0007095647069914352,1.8019889609805844e-09,0.0015925855761249527,-0.0001702202878177779,1.03702865083064e-10,1.2278114676593287e-06,-0.0003680083302625354,4.847115998616051e-10,2.3623716385411567e-05,-0.0003415563767288997,4.175350227371764e-10,2.101627127291658e-05
80,0.00356580723492277,0.0038320397374226106,0.7965043711333014,0.0007206040505027444,1.8516174274852857e-09,0.001636446876960879,-2.284191981438231e-05,1.8604716948612647e-12,2.2027438493397082e-08,0.00011462155490588212,4.684793506065948e-11,2.283259429795346e-06,0.0006059824955968625,1.3094171370159274e-09,6.590840112173008e-05
81,0.0035347514039868306,0.00379866519685304,0.8003030363301544,3.347362927039748e-05,3.960631885021104e-12,3.500379496771598e-06,0.00011916205841462956,5.0192042482441576e-11,5.942590428511733e-07,-5.3783123430761194e-05,1.0224708038813649e-11,4.983284965772173e-07,8.725675270115811e-05,2.6912681307415963e-11,1.3546269899237484e-06
82,0.0035298955946887756,0.0037934468401215676,0.804096483170276,0.0004898068897363004,8.468600380323979e-10,0.0007484491363549243,7.766290314818763e-05,2.1290658911274802e-11,2.52075148978267e-07,0.00043967544558640105,6.823799929438784e-10,3.325761426998655e-05,5.013144414989931e-05,8.871198387288625e-12,4.465242474772587e-07
83,0.0034608712200025374,0.0037192689249336925,0.8078157520952097,-0.00044242190902703125,6.774210538479197e-10,0.0005987001156402677,-0.00032824236748338104,3.728848271682608e-10,4.414846846773641e-06,0.0008903326258633057,2.7434055682683512e-09,0.00013370720876792463,-0.0013327545348903375,6.147319381093345e-09,0.000309420107725043
84,0.003440838595128654,0.00369774061184661,0.8115134927070563,-0.0009270184713324511,2.956930224730948e-09,0.0026133148024124675,0.00015029247738988777,7.772107297753035e-11,9.201946793289104e-07,-0.0009574743801568584,3.154413517091821e-09,0.00015373878056840903,3.0455908824408537e-05,3.1915924444784962e-12,1.606460990171179e-07
85,0.003419136127516217,0.0036744177811909064,0.8151879104882472,-0.0021118424860714635,1.5248932339561802e-08,0.013476902589944955,-0.000251447345242073,2.161775056074108e-10,2.559478180493541e-06,-0.001360243014264292,6.3262944282477425e-09,0.0003083288813104643,-0.0007515994718071729,1.931476036699503e-09,9.721920829133903e-05
86,0.003367649074775428,0.0036190865703129996,0.8188069970585602,-0.000667097150243895,1.4986665030294515e-09,0.0013245112527479259,-3.1254161195719285e-05,3.2895956983302002e-12,3.894784699668089e-08,-7.597823930895285e-05,1.944040373017505e-11,9.47480077371119e-07,-0.0005911189109349421,1.1767292163592013e-09,5.922966716336626e-05
87,0.003344445157782828,0.0035941501881360132,0.8224011472466962,-0.0004834108001172922,7.815500167269974e-10,0.0006907285841431093,0.0002144459742249818,1.538012531849216e-10,1.8209616701483247e-06,-7.85556768490502e-05,2.0638552223439737e-11,1.0058750491452104e-06,-0.0004048551232682408,5.481802160527361e-10,2.7592186282926977e-05
88,0.003327836541746888,0.0035763015293498643,0.8259774487760461,0.002601236615449149,2.251757943241052e-08,0.019900883407071707,-0.00016525463067107297,9.088019746836951e-11,1.0759948487964334e-06,0.00068481171263471,1.5606457915629349e-09,7.606224725897944e-05,0.00191642490281444,1.222209337967019e-08,0.0006151887051442692
89,0.0032741692761378096,0.003518627325203701,0.8294960761012498,-0.0010614089957261868,3.6886432746708723e-09,0.0032599978145895193,0.00024199870433995485,1.9174639626344004e-10,2.270221020663488e-06,-0.00016001641086100914,8.383592857072683e-11,4.085968233539181e-06,-0.0009013925848651777,2.6602906686878587e-09,0.00013390347471078055
90,0.0032312321563802344,0.003472484407686999,0.8329685605089368,-0.00074892939855359,1.8123827488311898e-09,0.0016017715350684356,-0.00038064319709725703,4.681707826992421e-10,5.543004577171026e-06,-0.0008662344954612533,2.4245944732138544e-09,0.00011816909725534618,0.00011730509690766283,4.4463324076792165e-11,2.238023709646203e-06
91,0.0032128935434923346,0.0034527765859552486,0.836421337094892,0.0027414782243534315,2.414715317636424e-08,0.021341089588157516,-0.0001395060437091247,6.25291292616353e-11,7.403265272246224e-07,0.002607003713668273,2.1836329322290183e-08,0.0010642519200190724,0.00013447451068515984,5.810001990417977e-11,2.9244152293224514e-06
92,0.003182342690492479,0.003419944726296369,0.8398412818211883,-0.001039559516398723,3.4391067903741455e-09,0.0030394591685638296,0.0002428275264526707,1.876474974091684e-10,2.2216912619724495e-06,9.101302132924623e-05,2.636052213596478e-11,1.2847505586604455e-06,-0.0011305725377279696,4.067652170093246e-09,0.00020474182235093234
93,0.003162087941671285,0.003398177704906607,0.8432394595260949,0.0010314063175405916,3.363825964530935e-09,0.002972926487180792,-0.0003612723057337406,4.1270837859354195e-10,4.8863460004731705e-06,5.050654374544932e-05,8.066204790406157e-12,3.9312806693631864e-07,0.0009808997737951416,3.0424483403659774e-09,0.00015313905702040898
94,0.0030995503599899436,0.0033309709036700836,0.846570430429765,-0.0002945446122252666,2.689062294255032e-10,0.00023765749490505233,-0.0002333593127898679,1.6879087763168175e-10,1.998434421522138e-06,-0.0006360612999444591,1.253997416942593e-09,6.111691846109889e-05,0.0003415166877191919,3.615118656164775e-10,1.819639317048739e-05
95,0.0030519793047833416,0.0032798480689533124,0.8498502784987183,0.0017748068814179632,9.613550062555037e-09,0.008496390098110736,-0.00014897353475705144,6.773292481374402e-11,8.019379383376713e-07,0.0003485026229517195,3.706753331608425e-10,1.806585388952917e-05,0.001426304258466245,6.208775291531741e-09,0.0003125134388583941
96,0.0030461926739427337,0.0032736293931062755,0.8531239078918246,6.084847041228808e-05,1.127863910899195e-11,9.967984461749931e-06,0.0002513395568172393,1.9243278232903285e-10,2.2783476301057767e-06,0.00019742427408673256,1.1872945354583046e-10,5.7865975106897214e-06,-0.0001365758036744447,5.682048009227901e-11,2.8600106780225e-06
97,0.0030164709444211145,0.003241688561454943,0.8563655964532795,-0.0011783368341224934,4.188302622887996e-09,0.0037015933449603407,-0.00017359186684899917,9.089874639148541e-11,1.0762144625987732e-06,-0.0007364493391076649,1.6360060295811634e-09,7.97351300416239e-05,-0.00044188749501482906,5.890098664377989e-10,2.9647312108889022e-05
98,0.0029829211477348993,0.003205633849123638,0.8595712303024031,0.0003632983880166494,3.937029916151012e-10,0.00034795202373618154,-0.00019524073701495244,1.1370580833360578e-10,1.3462433781328075e-06,8.09729528270843e-05,1.9557877739822915e-11,9.532054874652257e-07,0.00028232543518956493,2.377616388630419e-10,1.1967530455006317e-05
99,0.0029424996853993184,0.003162194414597382,0.8627334247170005,-0.00021408617787780694,1.348632689913212e-10,0.00011919123901167557,0.00022018697059314943,1.4265915843830824e-10,1.6890425405015119e-06,-9.04204442247108e-05,2.405745586705885e-11,1.1725044635206222e-06,-0.00012366573365309586,4.500027644202228e-11,2.265050751579913e-06
100,0.002935212919685723,0.003154363599880784,0.8658877883168813,0.0007065582549376883,1.4653304007044784e-09,0.0012950490324588032,0.00012848234571959452,4.8453652946421987e-11,5.736770212660009e-07,0.00026485717641704445,2.05903201817352e-10,1.0035243315757472e-05,0.00044170107852064394,5.726595791162971e-10,2.8824334262656688e-05
101,0.002898992600427203,0.003115438976771204,0.8690032272936525,-0.0008214448878585426,1.956158176261775e-09,0.0017288392790364947,-5.3189903057470296e-05,8.201730682657495e-12,9.710608264057341e-08,-0.0015129976328000668,6.636263226233442e-09,0.000323436039822932,0.0006915527449415248,1.3864292931956562e-09,6.978474269177411e-05
102,0.0028520369134363644,0.003064977455272056,0.8720682047489245,0.0019542076068555492,1.0891721830946327e-08,0.00962602960547064,0.00011033078254152352,3.471750759828299e-11,4.110450943045661e-07,0.001589799108709861,7.208412656946307e-09,0.0003513212727843354,0.0003644084981456879,3.7873211650769715e-10,1.9063159895216405e-05
103,0.0028357144229841373,0.003047436284954702,0.8751156410338793,-0.0022632286550653496,1.4525107604611587e-08,0.012837191216853698,0.00019020036489636813,1.0258531201064513e-10,1.214579967479129e-06,-0.0011483829207055954,3.739692916955054e-09,0.0001822639376980107,-0.001114845734359753,3.524455610137195e-09,0.00017740048417117104
104,0.0028194556586178393,0.0030299635986796697,0.878145604632559,-0.00200059390719196,1.128452160893824e-08,0.009973183375155549,0.0001612912013773513,7.334772066943362e-11,8.68415472344662e-07,-0.0017590937468375213,8.724554068801916e-09,0.00042521448005249405,-0.0002415001603544398,1.6443721615610516e-10,8.276807821880052e-06
105,0.002767869950657251,0.002974526366725,0.881120130999284,0.0008924957047984486,2.2047428873559273e-09,0.001948536754385236,-8.58577349836574e-05,2.040349355194037e-11,2.41571371661908e-07,0.0004687913954230493,6.082819705237627e-10,2.964624894084552e-05,0.00042370430937539966,4.969027989034255e-10,2.501118097726483e-05
106,0.0027407191664897395,0.0029453484339379684,0.884065479433222,0.0012956807467819265,4.601088085875693e-09,0.004066410326985875,9.89097236470304e-05,2.681282130522237e-11,3.174559300023508e-07,0.0006480465728941987,1.1510043724484268e-09,5.60972769392229e-05,0.0006476341738877274,1.149539903550502e-09,5.7861116161426724e-05
107,0.0027180295204894626,0.002920964719571817,0.8869864441527938,-0.0007328405201445837,1.4597319637441986e-09,0.0012901011719863758,-0.00013409803662312007,4.887637719815381e-11,5.786819522630213e-07,-8.72171753883139e-05,2.0675603943134453e-11,1.0076808638150257e-06,-0.0006456233447562706,1.1329548949647971e-09,5.702632381941946e-05
108,0.0026957762345415715,0.0028970499450418374,0.8898834940978356,0.0006405972076780761,1.1062516281157448e-09,0.0009776976577831895,-2.9839540576262156e-05,2.4003142577819237e-12,2.8419015900189826e-08,0.0006125030682618357,1.0113474354156042e-09,4.929072254138989e-05,2.8094139416240683e-05,2.12772407132675e-12,1.0709718668334356e-07
109,0.002670320133518056,0.0028696932248785645,0.8927531873227141,0.0005799559300753478,8.98159188365444e-10,0.0007937869761846519,-1.902451256816331e-05,9.664745160676377e-13,1.1442774440974828e-08,-0.000698305629013274,1.3021302134840302e-09,6.346279905206533e-05,0.0012782615590886215,4.363176560893086e-09,0.0002196167919381479
110,0.0026343794765715666,0.0028310691444013137,0.8955842564671155,5.3060935531730965e-05,7.416997626810498e-12,6.5550920091006456e-06,-3.588989633393337e-05,3.393303789388746e-12,4.0175720338355184e-08,-0.0009983735490878111,2.6258170676022978e-09,0.00012797621864779182,0.001051434484619542,2.912344645170784e-09,0.00014659039785906198
111,0.00261810682459095,0.002813581533626324,0.8983978380007418,0.0003532008314274252,3.2661099238254123e-10,0.0002886565715637014,0.0003172335949224365,2.634788190335094e-10,3.119511840252058e-06,0.0013411625046137988,4.709232896574374e-09,0.00022951706204944796,-0.0009879616731863726,2.5554509928933326e-09,0.00012862645854045245
112,0.002570722864746108,0.0027626597633007882,0.9011604977640426,-0.0010953249150766323,3.0841904881832717e-09,0.002725786556888557,0.00035684540844585695,3.273523676269185e-10,3.875755897542726e-06,-0.0002628433826405538,1.7760261485990492e-10,8.655938508498276e-06,-0.0008324815324360793,1.7815765034505453e-09,8.967414240969994e-05
113,0.0025215734949424725,0.0027098407728875585,0.9038703385369302,2.32284708152807e-05,1.3605448760214172e-12,1.2024402991033457e-06,0.00013041155019700485,4.288483521025667e-11,5.0774385469156e-07,0.0009389595511729254,2.2231327616314424e-09,0.00010835032184683243,-0.0009157310803576452,2.114499272350099e-09,0.00010643152764233412
114,0.002498755147341913,0.002685318747722741,0.9065556572846529,-0.0013750494294606193,4.724548614876112e-09,0.004175523902021224,-0.00010963697921641683,3.003570456766314e-11,3.55613921349866e-07,-0.0011051620720609451,3.051937571675167e-09,0.00014874434125327574,-0.00026988735739967324,1.8200729015653556e-10,9.161182596138685e-06
115,0.0024848879226547433,0.002670416159739699,0.9092260734443927,0.0008856593483872893,1.949127403616755e-09,0.0017226255300369561,-5.140022671368454e-05,6.565032409476978e-12,7.77280557432486e-08,1.8851958450876065e-05,8.831200666443768e-13,4.3041218725999554e-08,0.0008668073899364127,1.867033092472726e-09,9.397552734544652e-05
116,0.0024772392964029235,0.0026621964670298375,0.9118882699114225,-0.0016193149147958306,6.495769303386773e-09,0.005740916688401661,-2.6075714859028875e-05,1.6843812845904902e-12,1.9942579749117295e-08,-0.0010841364902187442,2.9116279866716756e-09,0.00014190597831080918,-0.0005351784245770865,7.095208368766254e-10,3.571312960487199e-05
117,0.0024608865395331523,0.0026446227705249755,0.9145328926819475,-0.0004318036532088622,4.588431107065481e-10,0.00040552241752796555,0.0001917187329350393,9.04525242046199e-11,1.070931322950523e-06,-0.0012589416446608828,3.900342905772925e-09,0.00019009364462938292,0.0008271379914520205,1.683633384437213e-09,8.474425857622944e-05
118,0.0024180548981421524,0.0025985932066658114,0.9171314858886133,-0.002170689104743746,1.139361157017018e-08,0.01006959634022914,1.7662185725485753e-05,7.543190071559663e-13,8.930915520199536e-09,-0.0015488483729467085,5.800747537664587e-09,0.00028271494780048387,-0.000621840731797039,9.350277241927703e-10,4.70638275335829e-05
119,0.002391539636420154,0.0025700982460937043,0.9197015841347069,-0.00028271478082642147,1.9115013655833516e-10,0.0001689371893773769,-3.102631350968213e-05,2.3021728941891496e-12,2.725705097690237e-08,0.0013482462669983293,4.347264213385846e-09,0.0002118755500359369,-0.001630961047824751,6.3615766005887806e-09,0.00032020456316444047
120,0.0023749274441018423,0.0025522457440105804,0.9222538298787175,-0.001273051658718723,3.848951160215363e-09,0.0034016768324888953,0.00011913898754768121,3.3709953724925926e-11,3.9911595233725884e-07,-0.0002974968953840675,2.101915350460688e-10,1.0244246706619723e-05,-0.0009755547633346551,2.260235301666068e-09,0.00011376702708442541
121,0.0023406351598625518,0.0025153931080618515,0.9247692229867793,-0.0016914683411319643,6.696709682527846e-09,0.005918506427523598,4.650400772019852e-05,5.061910808812768e-12,5.993153742040658e-08,-0.001409192461980349,4.648088059385794e-09,0.00022653700485133756,-0.00028227587915161497,1.8650104169439654e-10,9.387371768806532e-06
122,0.002328268683059005,0.0025021033177279853,0.9272713263045073,-0.0026956740148431774,1.6918733169938233e-08,0.01495266119615299,0.00014280132582878883,4.747856408058372e-11,5.621322554535599e-07,-0.0006494646689164164,9.820738728501312e-10,4.786399716523882e-05,-0.0020462093459267614,9.748397384799092e-09,0.0004906773150957683
123,0.0023201083500787884,0.002493333712925872,0.9297646600174332,-0.0005735560234148414,7.632379513769283e-10,0.0006745445054516906,-1.0720733820663088e-05,2.6665964319857855e-13,3.1571718642383926e-09,-0.00017363139516903271,6.994630494411667e-11,3.4090202724240846e-06,-0.0003999246282458095,3.710774526839068e-10,1.867786888329326e-05
124,0.0022834637432417254,0.0024539531238164623,0.9322186131412497,0.0007524346346587142,1.2928009906381425e-09,0.0011425687143887778,-1.4792239611692206e-05,4.996455071042395e-13,5.915656070790984e-09,0.00032885383719076115,2.4694483539627406e-10,1.2035517111431572e-05,0.0004235807974679542,4.097006449318646e-10,2.062193451014257e-05
125,0.0022448057312735746,0.0024124088034783156,0.9346310219447279,0.00020769304362222295,9.683283877498327e-11,8.558020369023391e-05,-0.000385727524789241,3.339950445751863e-10,3.9544032418230085e-06,-0.0005496832075501808,6.782717077355732e-10,3.305738600101363e-05,0.000757376251172404,1.2876627380197413e-09,6.481341189738685e-05
126,0.0022161969685205616,0.002381664035607986,0.9370126859803359,0.0013610013405402068,4.105116271723868e-09,0.003628073814117952,-0.00012494710823738892,3.4598779192040644e-11,4.096393848422045e-07,0.0002797879439134394,1.7348676547801082e-10,8.455341579291922e-06,0.0010812133966267667,2.5907839190585544e-09,0.00013040491141438456
127,0.002194579246778979,0.0023584322781716976,0.9393711182585076,0.0006938805073065965,1.0566244176120502e-09,0.0009338374669924023,2.932990756884534e-05,1.88787248398921e-12,2.2351855789749106e-08,-0.0007835414196060052,1.347333741906844e-09,6.566591392570431e-05,0.0014774219269126018,4.790273922674629e-09,0.00024111437543738402
128,0.0021544246328454118,0.002315279615647688,0.9416863978741553,0.001147339223835682,2.8360572137472676e-09,0.0025064880581849944,0.00016564372339253445,5.91127650453709e-11,6.998777782043269e-07,0.0009980670606526574,2.1461039380367634e-09,0.0001045961160827819,0.00014927216318302348,4.8005274667628545e-11,2.4163047888339984e-06
129,0.002130377341309303,0.0022894368903760426,0.9439758347645314,-0.0008487364561192911,1.5346249274048371e-09,0.001356291063412946,-0.00012025025094934528,3.080551807939068e-11,3.6472828725384655e-07,-0.0002771759201978777,1.6366941507956482e-10,7.9768667469683e-06,-0.000571560535921414,6.959547508591514e-10,3.5030292170096075e-05
130,0.0021079527276064987,0.0022653379963124775,0.9462411727608439,0.0003698729668563702,2.883806053286552e-10,0.0002548688157505019,-2.797458666566374e-06,1.649636373822371e-14,1.9531210209329492e-10,5.294881509678767e-05,5.909807826688122e-12,2.8803029271390993e-07,0.00031692415175958266,2.1172470699506546e-10,1.0656983570424896e-05
131,0.002086106190315409,0.002241860339358777,0.9484830331002027,-0.0001627107116474138,5.52291934432895e-11,4.881118517559297e-05,5.905537551913665e-05,7.275373312589365e-12,8.61382834268356e-08,0.0008254277133544447,1.421328628949048e-09,6.927225267632363e-05,-0.000988138425001859,2.0369106890565953e-09,0.0001025261721023655
132,0.002050751859757873,0.0022038663619335258,0.9506868994621361,-0.000414359099661173,3.5210068952351117e-10,0.0003111841923679997,-0.0001372925609979924,3.865512896655942e-11,4.576653749245639e-07,-0.0004548648920117567,4.2430480480921976e-10,2.067962964501443e-05,4.050579235058429e-05,3.3647079793456755e-12,1.6935972265154735e-07
133,0.0020232360474845917,0.0021742961470868002,0.9528611956092229,-0.0002795825956430618,1.5814913440077187e-10,0.00013977112833491413,0.00013586184489233918,3.734578300428706e-11,4.421631032532483e-07,-0.0005966391969072429,7.202281919814896e-10,3.510224749109869e-05,0.00031705660126418186,2.033855778907552e-10,1.0237240579077373e-05
134,0.002011122557886528,0.002161278232645432,0.9550224738418683,-0.00013564634308227644,3.7004515074077885e-11,3.2704338502942586e-05,-0.00010302282615067545,2.1345456938905526e-11,2.527239415326118e-07,-0.00016853576727601788,5.712453822756747e-11,2.784117174255707e-06,3.288942419374212e-05,2.1754598766626694e-12,1.0949992796189332e-07
135,0.0019813275770626075,0.002129258680557816,0.9571517325224261,0.0006093476669529603,7.356760023002263e-10,0.0006501854424940796,-0.0004574824319461644,4.1467239640444147e-10,4.90959939457157e-06,-0.00021305245205012247,8.993512821419702e-11,4.383229043052472e-06,0.0008224001190030827,1.3400549684247581e-09,6.745053038284161e-05
136,0.0019608964730190477,0.002107302136803136,0.9592590346592292,-0.0001572069389204785,4.84616378773009e-11,4.283006563857173e-05,-0.00034761866247565035,2.369522482878022e-10,2.8054450328097742e-06,-0.0001577599802232997,4.880320587568624e-11,2.3785547831643455e-06,5.530413028210059e-07,5.997493684175964e-16,3.018787583325359e-11
137,0.0019455703640064207,0.0020908317403719253,0.9613498663996012,0.0006042242496484513,7.103023382659839e-10,0.0006277603709595762,-0.0002637113248994989,1.3530208950426597e-10,1.601937004908624e-06,0.00019066593419974888,7.072828924002296e-11,3.447132368832775e-06,0.0004135583154487034,3.3275183376826693e-10,1.6748781357764846e-05
138,0.00192100550834558,0.0020644328082831493,0.9634142992078844,0.0007081598638120942,9.63365806786681e-10,0.0008514161416313898,-0.000260691371429658,1.3055151732297639e-10,1.5456916254057647e-06,0.0005566213535079735,5.951800098348043e-10,2.900768983993451e-05,0.0001515385103041197,4.411381701528125e-11,2.2204315681095227e-06
139,0.0018746406619189729,0.002014606241051423,0.9654289054489358,-0.0009855810703158264,1.8209697863108124e-09,0.0016093607003340483,0.00022651094026600286,9.618257472988531e-11,1.1387734383978927e-06,-0.0001491336151520981,4.169357396159661e-11,2.032047854114001e-06,-0.000836447455163729,1.3115817384870987e-09,6.601735450106018e-05
140,0.0018707271205319126,0.002010400504419788,0.9674393059533556,-0.001479618361204674,4.0955276888288794e-09,0.003619599489832565,7.031989319108867e-05,9.250534926760274e-12,1.0952361688331315e-07,-0.00048037991247481344,4.316980826463834e-10,2.103996081685676e-05,-0.0009992384487298616,1.867878896249997e-09,9.401810016127944e-05
141,0.0018586424974033696,0.0019974136116941202,0.9694367195650497,0.0017624155761741204,5.773145562866921e-09,0.005102266746011822,0.00012601679081101697,2.95156732577458e-11,3.4945690336056556e-07,0.0009925306910941857,1.8309806422208453e-09,8.923773933067421e-05,0.0007698848850799339,1.1016596668170755e-09,5.545110505097057e-05
142,0.0018097460693994281,0.0019448664483774846,0.9713815860134272,-0.00024865268275014475,1.1189326345536033e-10,9.889050449431481e-05,-0.0005911060187365764,6.323367239917075e-10,7.486681110664364e-06,-0.0010197607284259055,1.881976551799629e-09,9.172316139412234e-05,0.0007711080456757603,1.0760887997020915e-09,5.416401714047813e-05
143,0.0017796910366895847,0.0019125674282493954,0.9732941534416766,-2.4225374126519674e-05,1.0444450568820666e-12,9.230734308939572e-07,0.00015134355736124295,4.076359602627802e-11,4.826290057078683e-07,0.000561661651516308,5.614281164522713e-10,2.736270103222438e-05,-0.0005858870256428267,6.109031642732377e-10,3.0749292688510886e-05
144,0.0017623755503068115,0.0018939591223259193,0.9751881125640025,0.0014028898857214036,3.4685313760021358e-09,0.003065464417025002,-0.00020118331506215414,7.133166796492406e-11,8.445460003872599e-07,-0.00019026688155055366,6.380061419003647e-11,3.1094935942750785e-06,0.0015931567672719585,4.4731708331963325e-09,0.000225153260352313
145,0.0017340361002107806,0.0018635037747005317,0.9770516163387031,0.0005626390172948873,5.489310869778408e-10,0.0004851415576551473,6.010157896040999e-05,6.263684843162572e-12,7.416018905628969e-08,0.0006913477784538164,8.288029303603772e-10,4.039392779504736e-05,-0.0001287087611589284,2.8725947009294037e-11,1.4458961812618192e-06
146,0.0017129201285736204,0.0018408112293449106,0.978892427568048,0.0005334942736989421,4.875247152420813e-10,0.00043087102435769543,5.7332518391769804e-05,5.630398721599863e-12,6.666226735719887e-08,0.00041560509739355556,2.958685776263493e-10,1.441994655625252e-05,0.00011788917630538645,2.3805920523772454e-11,1.1982508206120539e-06
147,0.0016689592106622787,0.0017935680742242487,0.9806859956422722,-0.0001697705913742091,4.8102831985388734e-11,4.251295543398034e-05,-0.00015346174784228322,3.9304837327173025e-11,4.653577311112186e-07,5.4966201994733794e-05,5.042398694573096e-12,2.4575478840773677e-07,-0.00022473679336894287,8.429349915243991e-11,4.2428417935282035e-06
148,0.0016469872909311177,0.001769955673449283,0.9824559513157215,0.0015976780517392081,4.204058842740641e-09,0.003715518584800834,0.00024004262858982875,9.490017114845777e-11,1.1235901566034798e-06,0.0009382846602685462,1.4499715480001327e-09,7.06682419538782e-05,0.0006593933914706626,7.161094889472709e-10,3.6044763819247125e-05
149,0.0016299515260024874,0.001751647973715953,0.9842075992894375,-0.0009276710490313274,1.402693212152396e-09,0.001239690711638246,0.00014663458348098258,3.504673047500093e-11,4.14942996480425e-07,-0.0008605910000707741,1.2071695964663032e-09,5.883463936937777e-05,-6.708004896055289e-05,7.334346618692055e-12,3.691681170541154e-07
150,0.0016052840369154976,0.0017251387453207645,0.9859327380347582,-0.0014906888029124587,3.5671869104556814e-09,0.0031526555067473926,-3.525245593198867e-05,1.9949436998256572e-12,2.3619547541128564e-08,-0.0012438132257792732,2.4834889270722687e-09,0.00012103947600225906,-0.0002468755771331847,9.78381300429483e-11,4.924599302683626e-06
151,0.0015813292130045324,0.0016993953915492115,0.9876321334263074,-0.00226421132586646,8.10692604026935e-09,0.007164846044017389,0.0001620484962561412,4.152525467428295e-11,4.916468204202517e-07,-0.0011973648527885618,2.267124162839453e-09,0.00011049436045831112,-0.0010668464730778976,1.7998078663779308e-09,9.059180260128131e-05
152,0.001564932189044699,0.0016817741228574636,0.9893139075491648,3.750820259044583e-05,2.2016487334733095e-12,1.945802162248175e-06,-0.0004332306220955656,2.937202007019281e-10,3.4775609180726766e-06,-0.00021304722312970157,7.103089379878939e-11,3.4618806114481193e-06,0.0002505554257201465,9.824334638736283e-11,4.944995523730204e-06
153,0.0015369540613918847,0.00165170707495475,0.9909656146241196,-0.001242674155158893,2.3734244887252723e-09,0.0020976164053239923,1.6359394500544594e-05,4.1133469026840726e-13,4.8700819341213e-09,0.00015881392326322471,3.87648435783651e-11,1.8893083447592558e-06,-0.0014014880784221182,3.018837266613141e-09,0.0001519506136467694
154,0.001502320444153439,0.0016144876211916293,0.9925801022453112,-0.0003370051373927697,1.706222325005788e-10,0.0001507947675211023,-0.0002606735245471955,1.0208370537276471e-10,1.2086410921958827e-06,-0.0004455446182555469,2.9822564166953077e-10,1.4534824377361544e-05,0.0001085394808627776,1.769856509129496e-11,8.908422643485906e-07
155,0.0014877334682597903,0.0015988115434929148,0.9941789137888042,-0.000558546454713793,4.641343723941534e-10,0.0004101987985855927,6.879532368728715e-05,7.041139842619529e-12,8.336502793087371e-08,-0.001198997349003019,2.1387576640575133e-09,0.00010423807576968668,0.0006404508942892262,6.10234568535498e-10,3.071563948906395e-05
156,0.0014568098767447574,0.0015655791156855836,0.9957444929044897,0.0002672727848631623,1.040668370014426e-10,9.197356207512846e-05,-0.00018144262139059656,4.796025688832107e-11,5.678353568361033e-07,-0.0002005649636506973,5.860207791062211e-11,2.8561290230141022e-06,0.0004678377485138594,3.1885512288025287e-10,1.604930220052146e-05
157,0.0014289260438851068,0.0015356134028721297,0.9972801063073619,-0.00015877253686869566,3.6021394345778756e-11,3.183546309616615e-05,-0.0002416951422403777,8.347291794685453e-11,9.882948345934557e-07,-0.0009787761527347563,1.3689150898228799e-09,6.671773864483397e-05,0.0008200036158660613,9.608183454875336e-10,4.836197658434885e-05
158,0.001359146831313573,0.001460624291626477,0.9987407305989884,0.0011959989335427867,1.9441419067248957e-09,0.0017182193818242222,0.00015475093363452393,3.254864642965577e-11,3.853664150080149e-07,0.0005598346436749006,4.259767707143679e-10,2.0761117375781705e-05,0.000636164289867888,5.500535233998355e-10,2.7686477619558086e-05
159,0.0011717811527354133,0.0012592694010118667,1.0000000000000002,0.002339167813943634,6.411642036513446e-09,0.005666565582661054,0.00034395005095441407,1.3862362922063534e-10,1.6412630596977336e-06,0.0012825188740793877,1.9274096923539738e-09,9.393746702918623e-05,0.0010566489398642458,1.3083018385412987e-09,6.585226351885449e-05
