Date,UpdatesToday,CumulativeUpdates,Before_OperatingProfitActualGrowth,After_OperatingProfitActualGrowth
2017-01-04,0,0,0.0,0.0
2017-01-05,0,0,0.0,0.0
2017-01-06,1,1,0.0,0.0
2017-01-10,1,2,0.0,0.0
2017-01-11,1,3,0.0,0.0
2017-01-12,1,4,0.0,0.0
2017-01-13,1,5,0.0,0.0
2017-01-16,1,6,0.0,0.0
2017-01-17,1,7,0.0,0.0
2017-01-18,1,8,0.0,0.0
2017-01-19,1,9,0.0,0.0
2017-01-20,1,10,0.0,0.0
2017-01-23,1,11,0.0,0.0
2017-01-24,1,12,0.0,0.0
2017-01-25,1,13,0.0,0.0
2017-01-26,1,14,0.0,0.0
2017-01-27,1,15,0.0,0.0
2017-01-30,1,16,0.0,0.0
2017-01-31,1,17,0.0,0.0
2017-02-01,1,18,0.0,0.0
2017-02-02,1,19,0.0,0.0
2017-02-03,1,20,0.0,0.0
2017-02-06,1,21,0.0,0.0
2017-02-07,1,22,0.0,0.0
2017-02-08,1,23,0.0,0.0
2017-02-09,1,24,0.0,0.0
2017-02-10,1,25,0.0,0.0
2017-02-13,1,26,0.0,0.0
2017-02-14,1,27,0.0,0.0
2017-02-15,1,28,0.0,0.0
2017-02-16,1,29,0.0,0.0
2017-02-17,1,30,0.0,0.0
2017-02-20,1,31,0.0,0.0
2017-02-21,1,32,0.0,0.0
2017-02-22,1,33,0.0,0.0
2017-02-23,1,34,0.0,0.0
2017-02-24,1,35,0.0,0.0
2017-02-27,1,36,0.0,0.0
2017-02-28,1,37,0.0,0.0
2017-03-01,1,38,0.0,0.0
2017-03-02,1,39,0.0,0.0
2017-03-03,1,40,0.0,0.0
2017-03-06,1,41,0.0,0.0
2017-03-07,1,42,0.0,0.0
2017-03-08,1,43,0.0,0.0
2017-03-09,1,44,0.0,0.0
2017-03-10,1,45,0.0,0.0
2017-03-13,1,46,0.0,0.0
2017-03-14,1,47,0.0,0.0
2017-03-15,1,48,0.0,0.0
2017-03-16,1,49,0.0,0.0
2017-03-17,1,50,0.0,0.0
2017-03-21,1,51,0.0,0.0
2017-03-22,1,52,0.0,0.0
2017-03-23,1,53,0.0,0.0
2017-03-24,1,54,0.0,0.0
2017-03-27,1,55,0.0,0.0
2017-03-28,1,56,0.0,0.0
2017-03-29,1,57,0.0,0.0
2017-03-30,1,58,0.0,0.0
2017-03-31,1,59,0.0,0.0
2017-04-03,1,60,0.0,0.0
2017-04-04,1,61,0.0,0.0
2017-04-05,1,62,0.0,0.0
2017-04-06,1,63,0.0,0.0
2017-04-07,1,64,0.0,0.0
2017-04-10,1,65,0.0,0.0
2017-04-11,1,66,0.0,0.0
2017-04-12,1,67,0.0,0.0
2017-04-13,1,68,0.0,0.0
2017-04-14,1,69,0.0,0.0
2017-04-17,1,70,0.0,0.0
2017-04-18,1,71,0.0,0.0
2017-04-19,1,72,0.0,0.0
2017-04-20,1,73,0.0,0.0
2017-04-21,1,74,0.0,0.0
2017-04-24,1,75,0.0,0.0
2017-04-25,1,76,0.0,0.0
2017-04-26,1,77,0.0,0.0
2017-04-27,1,78,0.0,0.0
2017-04-28,1,79,0.0,0.0
2017-05-01,1,80,0.0,0.0
2017-05-02,1,81,0.0,0.0
2017-05-08,1,82,0.0,0.0
2017-05-09,1,83,0.0,0.0
2017-05-10,1,84,0.0,0.0
2017-05-11,1,85,0.0,0.0
2017-05-12,1,86,0.0,0.0
2017-05-15,1,87,0.0,0.0
2017-05-16,1,88,0.0,0.0
2017-05-17,1,89,0.0,0.0
2017-05-18,1,90,0.0,0.0
2017-05-19,1,91,0.0,0.0
2017-05-22,1,92,0.0,0.0
2017-05-23,1,93,0.0,0.0
2017-05-24,1,94,0.0,0.0
2017-05-25,1,95,0.0,0.0
2017-05-26,1,96,0.0,0.0
2017-05-29,1,97,0.0,0.0
2017-05-30,1,98,0.0,0.0
2017-05-31,1,99,0.0,0.0
2017-06-01,1,100,0.0,0.0
2017-06-02,1,101,0.0,0.0
2017-06-05,1,102,0.0,0.0
2017-06-06,1,103,0.0,0.0
2017-06-07,1,104,0.0,0.0
2017-06-08,1,105,0.0,0.0
2017-06-09,1,106,0.0,0.0
2017-06-12,1,107,0.0,0.0
2017-06-13,1,108,0.0,0.0
2017-06-14,1,109,0.0,0.0
2017-06-15,1,110,0.0,0.0
2017-06-16,1,111,0.0,0.0
2017-06-19,1,112,0.0,0.0
2017-06-20,1,113,0.0,0.0
2017-06-21,1,114,0.0,0.0
2017-06-22,1,115,0.0,0.0
2017-06-23,1,116,0.0,0.0
2017-06-26,1,117,0.0,0.0
2017-06-27,1,118,0.0,0.0
2017-06-28,1,119,0.0,0.0
2017-06-29,1,120,0.0,0.0
2017-06-30,1,121,0.0,0.0
2017-07-03,1,122,0.0,0.0
2017-07-04,1,123,0.0,0.0
2017-07-05,1,124,0.0,0.0
2017-07-06,1,125,0.0,0.0
2017-07-07,1,126,0.0,0.0
2017-07-10,1,127,0.0,0.0
2017-07-11,1,128,0.0,0.0
2017-07-12,1,129,0.0,0.0
2017-07-13,1,130,0.0,0.0
2017-07-14,1,131,0.0,0.0
2017-07-18,1,132,0.0,0.0
2017-07-19,1,133,0.0,0.0
2017-07-20,1,134,0.0,0.0
2017-07-21,1,135,0.0,0.0
2017-07-24,1,136,0.0,0.0
2017-07-25,1,137,0.0,0.0
2017-07-26,1,138,0.0,0.0
2017-07-27,1,139,0.0,0.0
2017-07-28,1,140,0.0,0.0
2017-07-31,1,141,0.0,0.0
2017-08-01,1,142,0.0,0.0
2017-08-02,1,143,0.0,0.0
2017-08-03,1,144,0.0,0.0
2017-08-04,1,145,0.0,0.0
2017-08-07,1,146,0.0,0.0
2017-08-08,1,147,0.0,0.0
2017-08-09,1,148,0.0,0.0
2017-08-10,1,149,0.0,0.0
2017-08-14,1,150,0.0,0.0
2017-08-15,1,151,0.0,0.0
2017-08-16,1,152,0.0,0.0
2017-08-17,1,153,0.0,0.0
2017-08-18,1,154,0.0,0.0
2017-08-21,1,155,0.0,0.0
2017-08-22,1,156,0.0,0.0
2017-08-23,1,157,0.0,0.0
2017-08-24,1,158,0.0,0.0
2017-08-25,1,159,0.0,0.0
2017-08-28,1,160,0.0,0.0
2017-08-29,1,161,0.0,0.0
2017-08-30,1,162,0.0,0.0
2017-08-31,1,163,0.0,0.0
2017-09-01,1,164,0.0,0.0
2017-09-04,1,165,0.0,0.0
2017-09-05,1,166,0.0,0.0
2017-09-06,1,167,0.0,0.0
2017-09-07,1,168,0.0,0.0
2017-09-08,1,169,0.0,0.0
2017-09-11,1,170,0.0,0.0
2017-09-12,1,171,0.0,0.0
2017-09-13,1,172,0.0,0.0
2017-09-14,1,173,0.0,0.0
2017-09-15,1,174,0.0,0.0
2017-09-19,1,175,0.0,0.0
2017-09-20,1,176,0.0,0.0
2017-09-21,1,177,0.0,0.0
2017-09-22,1,178,0.0,0.0
2017-09-25,1,179,0.0,0.0
2017-09-26,1,180,0.0,0.0
2017-09-27,1,181,0.0,0.0
2017-09-28,1,182,0.0,0.0
2017-09-29,1,183,0.0,0.0
2017-10-02,1,184,0.0,0.0
2017-10-03,1,185,0.0,0.0
2017-10-04,1,186,0.0,0.0
2017-10-05,1,187,0.0,0.0
2017-10-06,1,188,0.0,0.0
2017-10-10,1,189,0.0,0.0
2017-10-11,1,190,0.0,0.0
2017-10-12,1,191,0.0,0.0
2017-10-13,1,192,0.0,0.0
2017-10-16,1,193,0.0,0.0
2017-10-17,1,194,0.0,0.0
2017-10-18,1,195,0.0,0.0
2017-10-19,1,196,0.0,0.0
2017-10-20,1,197,0.0,0.0
2017-10-23,1,198,0.0,0.0
2017-10-24,1,199,0.0,0.0
2017-10-25,1,200,0.0,0.0
2017-10-26,1,201,0.0,0.0
2017-10-27,1,202,0.0,0.0
2017-10-30,1,203,0.0,0.0
2017-10-31,1,204,0.0,0.0
2017-11-01,1,205,0.0,0.0
2017-11-02,1,206,0.0,0.0
2017-11-06,1,207,0.0,0.0
2017-11-07,1,208,0.0,0.0
2017-11-08,1,209,0.0,0.0
2017-11-09,1,210,0.0,0.0
2017-11-10,1,211,0.0,0.0
2017-11-13,1,212,0.0,0.0
2017-11-14,1,213,0.0,0.0
2017-11-15,1,214,0.0,0.0
2017-11-16,1,215,0.0,0.0
2017-11-17,1,216,0.0,0.0
2017-11-20,1,217,0.0,0.0
2017-11-21,1,218,0.0,0.0
2017-11-22,1,219,0.0,0.0
2017-11-24,1,220,0.0,0.0
2017-11-27,1,221,0.0,0.0
2017-11-28,1,222,0.0,0.0
2017-11-29,1,223,0.0,0.0
2017-11-30,1,224,0.0,0.0
2017-12-01,1,225,0.0,0.0
2017-12-04,1,226,0.0,0.0
2017-12-05,1,227,0.0,0.0
2017-12-06,1,228,0.0,0.0
2017-12-07,1,229,0.0,0.0
2017-12-08,1,230,0.0,0.0
2017-12-11,1,231,0.0,0.0
2017-12-12,1,232,0.0,0.0
2017-12-13,1,233,0.0,0.0
2017-12-14,1,234,0.0,0.0
2017-12-15,1,235,0.0,0.0
2017-12-18,1,236,0.0,0.0
2017-12-19,1,237,0.0,0.0
2017-12-20,1,238,0.0,0.0
2017-12-21,1,239,0.0,0.0
2017-12-22,1,240,0.0,0.0
2017-12-25,1,241,0.0,0.0
2017-12-26,1,242,0.0,0.0
2017-12-27,1,243,0.0,0.0
2017-12-28,1,244,0.0,0.0
2017-12-29,1,245,0.0,0.0
2018-01-04,1,246,0.0,0.0
2018-01-05,1,247,0.0,0.0
2018-01-09,1,248,0.0,0.0
2018-01-10,1,249,0.0,0.0
2018-01-11,1,250,0.0,-1.75338695215476e-06
2018-01-12,1,251,-1.75338695215476e-06,4.834306139085938e-06
2018-01-15,1,252,4.834306139085938e-06,4.0946205083653965e-06
2018-01-16,1,253,4.0946205083653965e-06,2.519406988991881e-06
2018-01-17,1,254,2.519406988991881e-06,5.914233668485304e-06
2018-01-18,1,255,5.914233668485304e-06,6.044658568176872e-06
2018-01-19,1,256,6.044658568176872e-06,2.2430577333060116e-05
2018-01-22,1,257,2.2430577333060116e-05,8.49385652160299e-05
2018-01-23,1,258,8.49385652160299e-05,8.445361118923139e-05
2018-01-24,1,259,8.445361118923139e-05,6.40715987522449e-05
2018-01-25,1,260,6.40715987522449e-05,6.162679062684804e-05
2018-01-26,1,261,6.162679062684804e-05,5.260613052806772e-05
2018-01-29,1,262,5.260613052806772e-05,5.182607845578228e-05
2018-01-30,1,263,5.182607845578228e-05,5.647746783911292e-05
2018-01-31,1,264,5.647746783911292e-05,6.527279066467523e-05
2018-02-01,1,265,6.527279066467523e-05,6.430827967841378e-05
2018-02-02,1,266,6.430827967841378e-05,6.17193209389839e-05
2018-02-05,1,267,6.17193209389839e-05,5.8116114088007315e-05
2018-02-06,1,268,5.8116114088007315e-05,4.357359870101568e-05
2018-02-07,1,269,4.357359870101568e-05,4.117178982091047e-05
2018-02-08,1,270,4.117178982091047e-05,4.224476010809117e-05
2018-02-09,1,271,4.224476010809117e-05,4.2006081777345235e-05
2018-02-13,1,272,4.2006081777345235e-05,3.746021928232074e-05
2018-02-14,1,273,3.746021928232074e-05,3.114241977322743e-05
2018-02-15,1,274,3.114241977322743e-05,3.571096130648251e-05
2018-02-16,1,275,3.571096130648251e-05,4.282791400869709e-05
2018-02-19,1,276,4.282791400869709e-05,8.060895333164596e-05
2018-02-20,1,277,8.060895333164596e-05,8.471249007284271e-05
2018-02-21,1,278,8.471249007284271e-05,0.00010188474628721132
2018-02-22,1,279,0.00010188474628721132,0.000119424242861272
2018-02-23,1,280,0.000119424242861272,0.00012465790089635564
2018-02-26,1,281,0.00012465790089635564,0.0001581102563613832
2018-02-27,1,282,0.0001581102563613832,0.00015873311811912262
2018-02-28,1,283,0.00015873311811912262,0.00016440893753608224
2018-03-01,1,284,0.00016440893753608224,0.00016265892306603755
2018-03-02,1,285,0.00016265892306603755,0.00014137540850868175
2018-03-05,1,286,0.00014137540850868175,0.0001153005884251544
2018-03-06,1,287,0.0001153005884251544,0.00014238533154715174
2018-03-07,1,288,0.00014238533154715174,0.00014513643799270013
2018-03-08,1,289,0.00014513643799270013,0.00014965512116912506
2018-03-09,1,290,0.00014965512116912506,0.00015068254042636657
2018-03-12,1,291,0.00015068254042636657,0.00015366806315090368
2018-03-13,1,292,0.00015366806315090368,0.00017966841063191393
2018-03-14,1,293,0.00017966841063191393,0.00016847337223960157
2018-03-15,1,294,0.00016847337223960157,0.0001727396971713805
2018-03-16,1,295,0.0001727396971713805,0.00015908104324811317
2018-03-19,1,296,0.00015908104324811317,0.00015672596150796515
2018-03-20,1,297,0.00015672596150796515,0.00016388120780187312
2018-03-22,1,298,0.00016388120780187312,0.00015527961895309757
2018-03-23,1,299,0.00015527961895309757,0.00011331651960648106
2018-03-26,1,300,0.00011331651960648106,0.00010838842075744473
2018-03-27,1,301,0.00010838842075744473,0.00011533082277356401
2018-03-28,1,302,0.00011533082277356401,0.00011223382817648031
2018-03-29,1,303,0.00011223382817648031,0.00011912893558587314
2018-03-30,1,304,0.00011912893558587314,0.00012889617207341455
2018-04-02,1,305,0.00012889617207341455,0.00011860586832845946
2018-04-03,1,306,0.00011860586832845946,0.00010845408647582088
2018-04-04,1,307,0.00010845408647582088,9.57182758633286e-05
2018-04-05,1,308,9.57182758633286e-05,9.609373459022318e-05
2018-04-06,1,309,9.609373459022318e-05,7.400524034834456e-05
2018-04-09,1,310,7.400524034834456e-05,5.3010470764495226e-05
2018-04-10,1,311,5.3010470764495226e-05,7.198736925999339e-05
2018-04-11,1,312,7.198736925999339e-05,7.604076564398406e-05
2018-04-12,1,313,7.604076564398406e-05,7.484804826541807e-05
2018-04-13,1,314,7.484804826541807e-05,9.519437533910615e-05
2018-04-16,1,315,9.519437533910615e-05,7.83811395490673e-05
2018-04-17,1,316,7.83811395490673e-05,1.2567359206837198e-05
2018-04-18,1,317,1.2567359206837198e-05,0.00014873861584269432
2018-04-19,1,318,0.00014873861584269432,0.00016153950289845643
2018-04-20,1,319,0.00016153950289845643,0.0001416017949287141
2018-04-23,1,320,0.0001416017949287141,0.00013905832327782444
2018-04-24,1,321,0.00013905832327782444,0.0001113168597311195
2018-04-25,1,322,0.0001113168597311195,8.843434105586435e-05
2018-04-26,1,323,8.843434105586435e-05,3.974876369422887e-05
2018-04-27,1,324,3.974876369422887e-05,2.8725521195072967e-05
2018-05-01,1,325,2.8725521195072967e-05,2.997969729953997e-05
2018-05-02,1,326,2.997969729953997e-05,5.105709537322875e-05
2018-05-07,1,327,5.105709537322875e-05,0.00017187884993447229
2018-05-08,1,328,0.00017187884993447229,0.0003259475988910924
2018-05-09,1,329,0.0003259475988910924,6.730379779121189e-05
2018-05-10,1,330,6.730379779121189e-05,2.397704625580644e-05
2018-05-11,1,331,2.397704625580644e-05,2.7721404207390907e-05
2018-05-14,1,332,2.7721404207390907e-05,6.357245595094697e-05
2018-05-15,1,333,6.357245595094697e-05,6.157226838127697e-05
2018-05-16,1,334,6.157226838127697e-05,0.00012243744207711605
2018-05-17,1,335,0.00012243744207711605,0.00023813815293164704
2018-05-18,1,336,0.00023813815293164704,0.0002556300482059503
2018-05-21,1,337,0.0002556300482059503,0.0005305195189762491
2018-05-22,1,338,0.0005305195189762491,0.0004131084353258964
2018-05-23,1,339,0.0004131084353258964,0.0001708359151612579
2018-05-24,1,340,0.0001708359151612579,8.333103865516709e-05
2018-05-25,1,341,8.333103865516709e-05,-5.246111965929377e-05
2018-05-28,1,342,-5.246111965929377e-05,9.804470403031141e-05
2018-05-29,1,343,9.804470403031141e-05,-2.8631193466249766e-05
2018-05-30,1,344,-2.8631193466249766e-05,-3.621018834210987e-05
2018-05-31,1,345,-3.621018834210987e-05,0.00024680665100249293
2018-06-01,1,346,0.00024680665100249293,0.00012153605469937176
2018-06-04,1,347,0.00012153605469937176,0.0001310425254007267
2018-06-05,1,348,0.0001310425254007267,0.0001320225363738185
2018-06-06,1,349,0.0001320225363738185,4.69360877105865e-05
2018-06-07,1,350,4.69360877105865e-05,0.00029480828385899845
2018-06-08,1,351,0.00029480828385899845,0.0005030982515235839
2018-06-11,1,352,0.0005030982515235839,0.00035188034777740854
2018-06-12,1,353,0.00035188034777740854,0.00030630921670946797
2018-06-13,1,354,0.00030630921670946797,0.00022700679953879336
2018-06-14,1,355,0.00022700679953879336,0.0001408819535378107
2018-06-15,1,356,0.0001408819535378107,0.00024819104245786305
2018-06-18,1,357,0.00024819104245786305,0.0002485345823255245
2018-06-19,1,358,0.0002485345823255245,0.0002010442373532575
2018-06-20,1,359,0.0002010442373532575,0.000211443587139215
2018-06-21,1,360,0.000211443587139215,0.00020308365139310784
2018-06-22,1,361,0.00020308365139310784,0.00019076680627493447
2018-06-25,1,362,0.00019076680627493447,0.00011790455193742857
2018-06-26,1,363,0.00011790455193742857,0.00011966534842469082
2018-06-27,1,364,0.00011966534842469082,0.00016414311727498023
2018-06-28,1,365,0.00016414311727498023,0.00010898026133702048
2018-06-29,1,366,0.00010898026133702048,5.59738206993774e-05
2018-07-02,1,367,5.59738206993774e-05,1.0221395810148548e-05
2018-07-03,1,368,1.0221395810148548e-05,-4.444716803879837e-05
2018-07-04,1,369,-4.444716803879837e-05,-6.514512075486776e-05
2018-07-05,1,370,-6.514512075486776e-05,-8.918670814538586e-05
2018-07-06,1,371,-8.918670814538586e-05,-7.338368804101221e-05
2018-07-09,1,372,-7.338368804101221e-05,-2.5355352609798494e-05
2018-07-10,1,373,-2.5355352609798494e-05,-7.484438945968491e-05
2018-07-11,1,374,-7.484438945968491e-05,-8.413655876075715e-05
2018-07-12,1,375,-8.413655876075715e-05,-5.1220971659570404e-05
2018-07-13,1,376,-5.1220971659570404e-05,-4.804922541361098e-05
2018-07-17,1,377,-4.804922541361098e-05,-7.0256505760454e-05
2018-07-18,1,378,-7.0256505760454e-05,-8.019509848686442e-06
2018-07-19,1,379,-8.019509848686442e-06,-8.553452029576024e-05
2018-07-20,1,380,-8.553452029576024e-05,-0.00017987178666303589
2018-07-23,1,381,-0.00017987178666303589,-0.0001776224708806501
2018-07-24,1,382,-0.0001776224708806501,-0.00015063547312489244
2018-07-25,1,383,-0.00015063547312489244,-0.00019373274905037414
2018-07-26,1,384,-0.00019373274905037414,-9.536387260163121e-05
2018-07-27,1,385,-9.536387260163121e-05,-6.495143087693401e-05
2018-07-30,1,386,-6.495143087693401e-05,-0.00012015581699166738
2018-07-31,1,387,-0.00012015581699166738,-0.0001471152534377108
2018-08-01,1,388,-0.0001471152534377108,-0.00012122999779669527
2018-08-02,1,389,-0.00012122999779669527,-0.000112596535585396
2018-08-03,1,390,-0.000112596535585396,-5.5363222907676683e-05
2018-08-06,1,391,-5.5363222907676683e-05,-3.923450393024054e-06
2018-08-07,1,392,-3.923450393024054e-06,1.0493934677881661e-05
2018-08-08,1,393,1.0493934677881661e-05,2.424337343700367e-06
2018-08-09,1,394,2.424337343700367e-06,4.4360485561078916e-05
2018-08-10,1,395,4.4360485561078916e-05,5.008299140586461e-05
2018-08-13,1,396,5.008299140586461e-05,2.9880781351409472e-05
2018-08-14,1,397,2.9880781351409472e-05,0.00010897792787446229
2018-08-15,1,398,0.00010897792787446229,4.37664271278332e-05
2018-08-16,1,399,4.37664271278332e-05,0.00039725735537191856
2018-08-17,1,400,0.00039725735537191856,0.00036705894355778575
2018-08-20,1,401,0.00036705894355778575,0.0003245662892496691
2018-08-21,1,402,0.0003245662892496691,0.00040584505287202127
2018-08-22,1,403,0.00040584505287202127,0.00044096603670586035
2018-08-23,1,404,0.00044096603670586035,0.00034464587181988785
2018-08-24,1,405,0.00034464587181988785,0.00024280639223555874
2018-08-27,1,406,0.00024280639223555874,0.00024353559320706584
2018-08-28,1,407,0.00024353559320706584,0.00025636537060510486
2018-08-29,1,408,0.00025636537060510486,0.0003033682136081725
2018-08-30,1,409,0.0003033682136081725,0.0002112158228745114
2018-08-31,1,410,0.0002112158228745114,0.00020343591526844891
2018-09-03,1,411,0.00020343591526844891,0.00011526140994678407
2018-09-04,1,412,0.00011526140994678407,6.535469357673962e-05
2018-09-05,1,413,6.535469357673962e-05,-5.4538875695772526e-05
2018-09-06,1,414,-5.4538875695772526e-05,-0.00011513302309149272
2018-09-07,1,415,-0.00011513302309149272,-0.00024133195800463836
2018-09-10,1,416,-0.00024133195800463836,-0.00023798813259646388
2018-09-11,1,417,-0.00023798813259646388,-0.00030341949449922464
2018-09-12,1,418,-0.00030341949449922464,-0.0002003976529157371
2018-09-13,1,419,-0.0002003976529157371,-0.00017750077535572592
2018-09-14,1,420,-0.00017750077535572592,-0.00013711905988734037
2018-09-18,1,421,-0.00013711905988734037,-1.57013443332793e-05
2018-09-19,1,422,-1.57013443332793e-05,2.3023512538169464e-05
2018-09-20,1,423,2.3023512538169464e-05,-2.2048831886986085e-06
2018-09-21,1,424,-2.2048831886986085e-06,-4.413391638451573e-05
2018-09-25,1,425,-4.413391638451573e-05,-2.0410851932017142e-05
2018-09-26,1,426,-2.0410851932017142e-05,-2.4752148551795864e-05
2018-09-27,1,427,-2.4752148551795864e-05,-3.344041223535662e-05
2018-09-28,1,428,-3.344041223535662e-05,2.0715772874088127e-05
2018-10-01,1,429,2.0715772874088127e-05,4.0989775540745e-05
2018-10-02,1,430,4.0989775540745e-05,5.636678668800037e-06
2018-10-03,1,431,5.636678668800037e-06,-0.0002585260132768255
2018-10-04,1,432,-0.0002585260132768255,-0.00029033288390095755
2018-10-05,1,433,-0.00029033288390095755,-0.0002871209416504734
2018-10-09,1,434,-0.0002871209416504734,-0.00027257479308744336
2018-10-10,1,435,-0.00027257479308744336,-0.0002786615883196702
2018-10-11,1,436,-0.0002786615883196702,-0.000292858770442386
2018-10-12,1,437,-0.000292858770442386,-0.00026404416145113686
2018-10-15,1,438,-0.00026404416145113686,-0.0002759972062433169
2018-10-16,1,439,-0.0002759972062433169,-0.0003233248848083166
2018-10-17,1,440,-0.0003233248848083166,-0.00030904982825573916
2018-10-18,1,441,-0.00030904982825573916,-0.00032761637537248855
2018-10-19,1,442,-0.00032761637537248855,-0.00038749470987375944
2018-10-22,1,443,-0.00038749470987375944,-0.0003727469670549797
2018-10-23,1,444,-0.0003727469670549797,-0.00034087094868619336
2018-10-24,1,445,-0.00034087094868619336,-0.0003084949537010145
2018-10-25,1,446,-0.0003084949537010145,-0.0003216871670188279
2018-10-26,1,447,-0.0003216871670188279,-0.0003265682554287312
2018-10-29,1,448,-0.0003265682554287312,-0.0003170874293317296
2018-10-30,1,449,-0.0003170874293317296,-0.00031007590892315846
2018-10-31,1,450,-0.00031007590892315846,-0.0002996125822829742
2018-11-01,1,451,-0.0002996125822829742,-0.00030176606211880497
2018-11-02,1,452,-0.00030176606211880497,2.307009674085386e-05
2018-11-05,1,453,2.307009674085386e-05,-1.2379607255085292e-05
2018-11-06,1,454,-1.2379607255085292e-05,0.00016848600274383226
2018-11-07,1,455,0.00016848600274383226,0.00010694024727051673
2018-11-08,1,456,0.00010694024727051673,0.00018697472392768932
2018-11-09,1,457,0.00018697472392768932,0.0001899448789154777
2018-11-12,1,458,0.0001899448789154777,7.829574203607299e-05
2018-11-13,1,459,7.829574203607299e-05,5.689924977514774e-05
2018-11-14,1,460,5.689924977514774e-05,4.088950119447712e-05
2018-11-15,1,461,4.088950119447712e-05,-9.096584718875389e-05
2018-11-16,1,462,-9.096584718875389e-05,-0.00039513664285400726
2018-11-19,1,463,-0.00039513664285400726,0.0007500776045345612
2018-11-20,1,464,0.0007500776045345612,-4.029073867616647e-05
2018-11-21,1,465,-4.029073867616647e-05,0.0003924382710755854
2018-11-22,1,466,0.0003924382710755854,-0.00034358011929715875
2018-11-26,1,467,-0.00034358011929715875,0.000355560368784832
2018-11-27,1,468,0.000355560368784832,0.0002982926327788019
2018-11-28,1,469,0.0002982926327788019,0.00015191887065709383
2018-11-29,1,470,0.00015191887065709383,0.00018410012708946675
2018-11-30,1,471,0.00018410012708946675,0.00016673844244846224
2018-12-03,1,472,0.00016673844244846224,0.00027540122323033075
2018-12-04,1,473,0.00027540122323033075,3.5796548628909386e-05
2018-12-05,1,474,3.5796548628909386e-05,-0.0001815118059608802
2018-12-06,1,475,-0.0001815118059608802,-0.0004761719960414651
2018-12-07,1,476,-0.0004761719960414651,-0.00033713722628134733
2018-12-10,1,477,-0.00033713722628134733,-0.0004594230744345662
2018-12-11,1,478,-0.0004594230744345662,-0.0004044719525619486
2018-12-12,1,479,-0.0004044719525619486,-0.00030891872522772194
2018-12-13,1,480,-0.00030891872522772194,-0.00031317569608419095
2018-12-14,1,481,-0.00031317569608419095,-0.00029230666219842315
2018-12-17,1,482,-0.00029230666219842315,-0.0003261089333936403
2018-12-18,1,483,-0.0003261089333936403,-0.000324464497084195
2018-12-19,1,484,-0.000324464497084195,-0.00028094008844774655
2018-12-20,1,485,-0.00028094008844774655,-0.00031727389637385554
2018-12-21,1,486,-0.00031727389637385554,-0.0004090231865370474
2018-12-25,1,487,-0.0004090231865370474,-0.00043550765954183935
2018-12-26,1,488,-0.00043550765954183935,-0.0004118236753861629
2018-12-27,1,489,-0.0004118236753861629,-0.0003829552959600787
2018-12-28,1,490,-0.0003829552959600787,-0.00039083902881703245
2019-01-04,1,491,-0.00039083902881703245,-0.00037732956186476514
2019-01-07,1,492,-0.00037732956186476514,-0.00031847737582525916
2019-01-08,1,493,-0.00031847737582525916,-0.0002894496478975656
2019-01-09,1,494,-0.0002894496478975656,-0.00030702547731243474
2019-01-10,1,495,-0.00030702547731243474,-0.000332849492199085
2019-01-11,1,496,-0.000332849492199085,-0.000328787723457813
2019-01-15,1,497,-0.000328787723457813,-0.00032137458501211956
2019-01-16,1,498,-0.00032137458501211956,-0.00032547124015723576
2019-01-17,1,499,-0.00032547124015723576,-0.0002939089248388874
2019-01-18,1,500,-0.0002939089248388874,-0.0002006323411888472
2019-01-21,1,501,-0.0002006323411888472,-0.0002830008534045877
2019-01-22,1,502,-0.0002830008534045877,-0.0002713320397484052
2019-01-23,1,503,-0.0002713320397484052,-0.0002724026767013935
2019-01-24,1,504,-0.0002724026767013935,-0.0002654144791547888
2019-01-25,1,505,-0.0002654144791547888,-0.0002386022872371116
2019-01-28,1,506,-0.0002386022872371116,-0.00023365324194340908
2019-01-29,1,507,-0.00023365324194340908,-0.00018522102447708188
2019-01-30,1,508,-0.00018522102447708188,-0.00025126822913230966
2019-01-31,1,509,-0.00025126822913230966,-0.00018587055006262274
2019-02-01,1,510,-0.00018587055006262274,-0.0001862456893673009
2019-02-04,1,511,-0.0001862456893673009,-6.072133737166095e-05
2019-02-05,1,512,-6.072133737166095e-05,-7.617027663779389e-05
2019-02-06,1,513,-7.617027663779389e-05,-0.00010418645017336268
2019-02-07,1,514,-0.00010418645017336268,-0.00010490445720888083
2019-02-08,1,515,-0.00010490445720888083,-0.00018770575103297293
2019-02-12,1,516,-0.00018770575103297293,-0.00016728480993203284
2019-02-13,1,517,-0.00016728480993203284,-7.816153974153844e-05
2019-02-14,1,518,-7.816153974153844e-05,-4.888604086835077e-06
2019-02-15,1,519,-4.888604086835077e-06,1.0466569783119925e-05
2019-02-18,1,520,1.0466569783119925e-05,3.49069948331726e-05
2019-02-19,1,521,3.49069948331726e-05,3.4713877767456225e-05
2019-02-20,1,522,3.4713877767456225e-05,1.772401660567115e-05
2019-02-21,1,523,1.772401660567115e-05,-2.6211576097670677e-05
2019-02-22,1,524,-2.6211576097670677e-05,-6.231757750356661e-05
2019-02-25,1,525,-6.231757750356661e-05,2.594093162307946e-05
2019-02-26,1,526,2.594093162307946e-05,-2.5910092770703575e-05
2019-02-27,1,527,-2.5910092770703575e-05,7.702300897302294e-05
2019-02-28,1,528,7.702300897302294e-05,-0.00016734911470147487
2019-03-01,1,529,-0.00016734911470147487,-8.158993382218604e-05
2019-03-04,1,530,-8.158993382218604e-05,-2.59500308091737e-05
2019-03-05,1,531,-2.59500308091737e-05,-7.09452316599873e-05
2019-03-06,1,532,-7.09452316599873e-05,-8.111261382138079e-05
2019-03-07,1,533,-8.111261382138079e-05,2.2176116169125452e-05
2019-03-08,1,534,2.2176116169125452e-05,-0.00011814407673398927
2019-03-11,1,535,-0.00011814407673398927,-5.4483616523912245e-05
2019-03-12,1,536,-5.4483616523912245e-05,-2.3901823057127214e-05
2019-03-13,1,537,-2.3901823057127214e-05,-0.00010291398235450312
2019-03-14,1,538,-0.00010291398235450312,-0.00011513822455886526
2019-03-15,1,539,-0.00011513822455886526,0.00017668760812266314
2019-03-18,1,540,0.00017668760812266314,0.00021024187626540736
2019-03-19,1,541,0.00021024187626540736,0.00020378472492452374
2019-03-20,1,542,0.00020378472492452374,0.0002201633715156299
2019-03-22,1,543,0.0002201633715156299,0.00022597821271128231
2019-03-25,1,544,0.00022597821271128231,0.00020797457442622768
2019-03-26,1,545,0.00020797457442622768,0.00023712783066897534
2019-03-27,1,546,0.00023712783066897534,0.00023056895955103667
2019-03-28,1,547,0.00023056895955103667,0.00022132732746404224
2019-03-29,1,548,0.00022132732746404224,0.00024482979966787826
2019-04-01,1,549,0.00024482979966787826,0.00023278842800346196
2019-04-02,1,550,0.00023278842800346196,0.000236089886682197
2019-04-03,1,551,0.000236089886682197,0.0002512011615940427
2019-04-04,1,552,0.0002512011615940427,0.0002498175317569802
2019-04-05,1,553,0.0002498175317569802,0.0002398332432082078
2019-04-08,1,554,0.0002398332432082078,0.00025683727170846795
2019-04-09,1,555,0.00025683727170846795,0.00026411131649854106
2019-04-10,1,556,0.00026411131649854106,0.00026224526213567046
2019-04-11,1,557,0.00026224526213567046,0.0002602660811722579
2019-04-12,1,558,0.0002602660811722579,0.00027552358615787437
2019-04-15,1,559,0.00027552358615787437,0.0005798679924333432
2019-04-16,1,560,0.0005798679924333432,0.00044425041656484066
2019-04-17,1,561,0.00044425041656484066,0.0005012849616043141
2019-04-18,1,562,0.0005012849616043141,0.0002613648344452323
2019-04-19,1,563,0.0002613648344452323,0.0003038100599296625
2019-04-22,1,564,0.0003038100599296625,0.0003372145439697287
2019-04-23,1,565,0.0003372145439697287,0.00033142082802383
2019-04-24,1,566,0.00033142082802383,0.0003225346231210968
2019-04-25,1,567,0.0003225346231210968,0.00033981668349023755
2019-04-26,1,568,0.00033981668349023755,-3.72092223459553e-05
2019-05-07,1,569,-3.72092223459553e-05,-0.000134485327510672
2019-05-08,1,570,-0.000134485327510672,-6.878152232993271e-05
2019-05-09,1,571,-6.878152232993271e-05,-1.1485182819358796e-05
2019-05-10,1,572,-1.1485182819358796e-05,7.437518896983409e-06
2019-05-13,1,573,7.437518896983409e-06,-1.940764316281094e-05
2019-05-14,1,574,-1.940764316281094e-05,-1.830010002721827e-06
2019-05-15,1,575,-1.830010002721827e-06,-5.063749103903657e-06
2019-05-16,1,576,-5.063749103903657e-06,1.3701716525472606e-05
2019-05-17,1,577,1.3701716525472606e-05,-3.2889898047530877e-06
2019-05-20,1,578,-3.2889898047530877e-06,-5.059976767045102e-06
2019-05-21,1,579,-5.059976767045102e-06,1.7967494192928756e-05
2019-05-22,1,580,1.7967494192928756e-05,4.52154306657054e-06
2019-05-23,1,581,4.52154306657054e-06,3.696447029556879e-05
2019-05-24,1,582,3.696447029556879e-05,2.0181502402719184e-05
2019-05-27,1,583,2.0181502402719184e-05,3.9642130725038844e-05
2019-05-28,1,584,3.9642130725038844e-05,1.7011983420870362e-05
2019-05-29,1,585,1.7011983420870362e-05,-4.301166323613529e-05
2019-05-30,1,586,-4.301166323613529e-05,-4.711312716137523e-05
2019-05-31,1,587,-4.711312716137523e-05,4.341450510581365e-05
2019-06-03,1,588,4.341450510581365e-05,3.99890015977982e-05
2019-06-04,1,589,3.99890015977982e-05,2.2342924711400714e-05
2019-06-05,1,590,2.2342924711400714e-05,1.528126449204781e-05
2019-06-06,1,591,1.528126449204781e-05,-1.9197051213026996e-05
2019-06-07,1,592,-1.9197051213026996e-05,-3.823846067950394e-05
2019-06-10,1,593,-3.823846067950394e-05,0.0001394721488352099
2019-06-11,1,594,0.0001394721488352099,-2.125126565998971e-05
2019-06-12,1,595,-2.125126565998971e-05,1.582808185661877e-05
2019-06-13,1,596,1.582808185661877e-05,-6.191218241168535e-05
2019-06-14,1,597,-6.191218241168535e-05,-3.2715255654236145e-05
2019-06-17,1,598,-3.2715255654236145e-05,-0.0001650948629421092
2019-06-18,1,599,-0.0001650948629421092,-0.0002123404096874668
2019-06-19,1,600,-0.0002123404096874668,5.249997839548755e-05
2019-06-20,1,601,5.249997839548755e-05,9.887660091049692e-05
2019-06-21,1,602,9.887660091049692e-05,-1.2017153770425067e-05
2019-06-24,1,603,-1.2017153770425067e-05,-3.283715918921053e-05
2019-06-25,1,604,-3.283715918921053e-05,-4.445663121647858e-05
2019-06-26,1,605,-4.445663121647858e-05,-0.00015659128429166297
2019-06-27,1,606,-0.00015659128429166297,-0.00018701835221781888
2019-06-28,1,607,-0.00018701835221781888,-9.181760595238478e-05
2019-07-01,1,608,-9.181760595238478e-05,-4.71265026442202e-05
2019-07-02,1,609,-4.71265026442202e-05,-4.565896033530149e-05
2019-07-03,1,610,-4.565896033530149e-05,-3.4444038210931934e-05
2019-07-04,1,611,-3.4444038210931934e-05,-4.2261959705148624e-05
2019-07-05,1,612,-4.2261959705148624e-05,-8.134363597692397e-05
2019-07-08,1,613,-8.134363597692397e-05,-0.00013410041181206853
2019-07-09,1,614,-0.00013410041181206853,-0.0001420030139615337
2019-07-10,1,615,-0.0001420030139615337,-0.00015995294567731325
2019-07-11,1,616,-0.00015995294567731325,-0.0001270652268277024
2019-07-12,1,617,-0.0001270652268277024,-0.00012698681835143557
2019-07-16,1,618,-0.00012698681835143557,-0.00016049033794461614
2019-07-17,1,619,-0.00016049033794461614,-0.00015844195991695413
2019-07-18,1,620,-0.00015844195991695413,-0.0001677736916770201
2019-07-19,1,621,-0.0001677736916770201,-0.00013411924931840631
2019-07-22,1,622,-0.00013411924931840631,-0.00013757984199495654
2019-07-23,1,623,-0.00013757984199495654,-0.0001462019359850606
2019-07-24,1,624,-0.0001462019359850606,-0.00016690682399750971
2019-07-25,1,625,-0.00016690682399750971,-0.00016578295613738268
2019-07-26,1,626,-0.00016578295613738268,-0.00015330009948937435
2019-07-29,1,627,-0.00015330009948937435,-0.00017250788671592266
2019-07-30,1,628,-0.00017250788671592266,0.00018583309334505927
2019-07-31,1,629,0.00018583309334505927,8.285706083697562e-05
2019-08-01,1,630,8.285706083697562e-05,3.6466397430759363e-06
2019-08-02,1,631,3.6466397430759363e-06,-6.38563103002773e-05
2019-08-05,1,632,-6.38563103002773e-05,2.5722745270996496e-05
2019-08-06,1,633,2.5722745270996496e-05,-0.00022841988497017228
2019-08-07,1,634,-0.00022841988497017228,-0.00025271460361147885
2019-08-08,1,635,-0.00025271460361147885,6.51257664204246e-06
2019-08-09,1,636,6.51257664204246e-06,-2.518255756189181e-05
2019-08-13,1,637,-2.518255756189181e-05,-1.0846706185476672e-05
2019-08-14,1,638,-1.0846706185476672e-05,9.746601845784954e-05
2019-08-15,1,639,9.746601845784954e-05,-2.983881614752415e-07
2019-08-16,1,640,-2.983881614752415e-07,-9.070646356905953e-05
2019-08-19,1,641,-9.070646356905953e-05,-9.602139353603162e-05
2019-08-20,1,642,-9.602139353603162e-05,0.0001252620148478891
2019-08-21,1,643,0.0001252620148478891,-0.00020400321423156187
2019-08-22,1,644,-0.00020400321423156187,-0.0003081667297899162
2019-08-23,1,645,-0.0003081667297899162,0.00019816165428982352
2019-08-26,1,646,0.00019816165428982352,-6.357428718102337e-05
2019-08-27,1,647,-6.357428718102337e-05,0.0003097935131212621
2019-08-28,1,648,0.0003097935131212621,0.0003004729964479218
2019-08-29,1,649,0.0003004729964479218,-0.00010668147671641332
2019-08-30,1,650,-0.00010668147671641332,0.000178574324466123
2019-09-02,1,651,0.000178574324466123,0.00018408105630894208
2019-09-03,1,652,0.00018408105630894208,0.00025389963063633436
2019-09-04,1,653,0.00025389963063633436,0.00020533144572195075
2019-09-05,1,654,0.00020533144572195075,0.00026891955445566726
2019-09-06,1,655,0.00026891955445566726,0.00015281877766379213
2019-09-09,1,656,0.00015281877766379213,0.00018372624838545228
2019-09-10,1,657,0.00018372624838545228,0.0001717509672075427
2019-09-11,1,658,0.0001717509672075427,0.0002365523229729939
2019-09-12,1,659,0.0002365523229729939,0.00023902632270069533
2019-09-13,1,660,0.00023902632270069533,0.0002336945323254968
2019-09-17,1,661,0.0002336945323254968,0.0002236027001786594
2019-09-18,1,662,0.0002236027001786594,0.00021041328920480757
2019-09-19,1,663,0.00021041328920480757,0.00026204298177254215
2019-09-20,1,664,0.00026204298177254215,0.00028938791988907875
2019-09-24,1,665,0.00028938791988907875,0.0003297440166645656
2019-09-25,1,666,0.0003297440166645656,0.00032348683140683227
2019-09-26,1,667,0.00032348683140683227,0.0003235867008026699
2019-09-27,1,668,0.0003235867008026699,0.00028562678713990537
2019-09-30,1,669,0.00028562678713990537,0.00028412145215829635
2019-10-01,1,670,0.00028412145215829635,0.00030096825497176384
2019-10-02,1,671,0.00030096825497176384,0.00034603233106111035
2019-10-03,1,672,0.00034603233106111035,0.0002187718803261561
2019-10-04,1,673,0.0002187718803261561,0.00020304766117031054
2019-10-07,1,674,0.00020304766117031054,0.00018179767921304695
2019-10-08,1,675,0.00018179767921304695,0.00025202140660912935
2019-10-09,1,676,0.00025202140660912935,0.0002053188530688328
2019-10-10,1,677,0.0002053188530688328,0.00014485622259375
2019-10-11,1,678,0.00014485622259375,3.40915137456467e-05
2019-10-15,1,679,3.40915137456467e-05,3.1386343343700965e-05
2019-10-16,1,680,3.1386343343700965e-05,4.025787458945486e-05
2019-10-17,1,681,4.025787458945486e-05,9.96597071419906e-05
2019-10-18,1,682,9.96597071419906e-05,0.00014015289910967923
2019-10-21,1,683,0.00014015289910967923,-4.8159157501798046e-05
2019-10-23,1,684,-4.8159157501798046e-05,-0.00012785804131881947
2019-10-24,1,685,-0.00012785804131881947,-0.00022179506232824218
2019-10-25,1,686,-0.00022179506232824218,-0.0002594528451550653
2019-10-28,1,687,-0.0002594528451550653,-0.00026705384263620886
2019-10-29,1,688,-0.00026705384263620886,-0.00029427703834133636
2019-10-30,1,689,-0.00029427703834133636,-0.00028996364170580196
2019-10-31,1,690,-0.00028996364170580196,-0.0002621621499687834
2019-11-01,1,691,-0.0002621621499687834,-0.000267217679939058
2019-11-05,1,692,-0.000267217679939058,-0.00019859526446844398
2019-11-06,1,693,-0.00019859526446844398,-0.00019057519401971255
2019-11-07,1,694,-0.00019057519401971255,-0.00021366168561913875
2019-11-08,1,695,-0.00021366168561913875,-0.00022968990787386416
2019-11-11,1,696,-0.00022968990787386416,-9.60292162045702e-05
2019-11-12,1,697,-9.60292162045702e-05,-0.00010772601754399815
2019-11-13,1,698,-0.00010772601754399815,-0.0001071960339268526
2019-11-14,1,699,-0.0001071960339268526,-0.00010697182996117146
2019-11-15,1,700,-0.00010697182996117146,-0.0001060398994861326
2019-11-18,1,701,-0.0001060398994861326,-0.00010537619233483301
2019-11-19,1,702,-0.00010537619233483301,-0.0001048870768581363
2019-11-20,1,703,-0.0001048870768581363,-0.00010417696644321749
2019-11-21,1,704,-0.00010417696644321749,-0.00010365362718942108
2019-11-22,1,705,-0.00010365362718942108,-0.00010405646694887683
2019-11-25,1,706,-0.00010405646694887683,-0.00010383219306516205
2019-11-26,1,707,-0.00010383219306516205,-0.00010429616394979931
2019-11-27,1,708,-0.00010429616394979931,-0.00010317904688376252
2019-11-28,1,709,-0.00010317904688376252,-0.00010330477905948397
2019-11-29,1,710,-0.00010330477905948397,-0.00010413442180305414
2019-12-02,1,711,-0.00010413442180305414,-0.00010518925361224406
2019-12-03,1,712,-0.00010518925361224406,-0.00010529829168405661
2019-12-04,1,713,-0.00010529829168405661,-0.00010210664498891021
2019-12-05,1,714,-0.00010210664498891021,-0.00010239593443982013
2019-12-06,1,715,-0.00010239593443982013,-9.829771156069009e-05
2019-12-09,1,716,-9.829771156069009e-05,-9.545111561212135e-05
2019-12-10,1,717,-9.545111561212135e-05,-9.01954276536751e-05
2019-12-11,1,718,-9.01954276536751e-05,-8.750182751289115e-05
2019-12-12,1,719,-8.750182751289115e-05,-8.973168279800302e-05
2019-12-13,1,720,-8.973168279800302e-05,-8.334615800784669e-05
2019-12-16,1,721,-8.334615800784669e-05,-7.907332356590266e-05
2019-12-17,1,722,-7.907332356590266e-05,-9.82762811202782e-05
2019-12-18,1,723,-9.82762811202782e-05,-0.0001080514456971517
2019-12-19,1,724,-0.0001080514456971517,-0.00011334265983154788
2019-12-20,1,725,-0.00011334265983154788,-0.00011076366391292064
2019-12-23,1,726,-0.00011076366391292064,-0.00011822311475158746
2019-12-24,1,727,-0.00011822311475158746,-0.00011309429793856095
2019-12-25,1,728,-0.00011309429793856095,-0.00010801143230928023
2019-12-26,1,729,-0.00010801143230928023,-0.00010975588212297725
2019-12-27,1,730,-0.00010975588212297725,-9.522644820186027e-05
2019-12-30,1,731,-9.522644820186027e-05,-0.00010048393483236368
2020-01-06,1,732,-0.00010048393483236368,-0.0001017357161418815
2020-01-07,1,733,-0.0001017357161418815,-0.00010028914852015362
2020-01-08,1,734,-0.00010028914852015362,-0.00010209254800162647
2020-01-09,1,735,-0.00010209254800162647,-0.00010064149221093661
2020-01-10,1,736,-0.00010064149221093661,-0.0001020026563389438
2020-01-14,1,737,-0.0001020026563389438,-0.00010196403422903789
2020-01-15,1,738,-0.00010196403422903789,-9.585820834135504e-05
2020-01-16,1,739,-9.585820834135504e-05,-0.00010797884699600786
2020-01-17,1,740,-0.00010797884699600786,-9.981679893118092e-05
2020-01-20,1,741,-9.981679893118092e-05,-0.00010715281568600365
2020-01-21,1,742,-0.00010715281568600365,-7.828157563692512e-05
2020-01-22,1,743,-7.828157563692512e-05,-6.432699829672805e-05
2020-01-23,1,744,-6.432699829672805e-05,-7.40663177961706e-05
2020-01-24,1,745,-7.40663177961706e-05,-9.41263989934942e-05
2020-01-27,1,746,-9.41263989934942e-05,-0.00011653169730973815
2020-01-28,1,747,-0.00011653169730973815,-0.00010682551415929119
2020-01-29,1,748,-0.00010682551415929119,-0.00012406791455887303
2020-01-30,1,749,-0.00012406791455887303,-0.00017313272998467123
2020-01-31,1,750,-0.00017313272998467123,-0.0001432698103423064
2020-02-03,1,751,-0.0001432698103423064,-0.00012699126359267437
2020-02-04,1,752,-0.00012699126359267437,-6.705305790593354e-05
2020-02-05,1,753,-6.705305790593354e-05,-5.994979434774541e-05
2020-02-06,1,754,-5.994979434774541e-05,-1.5551065746570942e-05
2020-02-07,1,755,-1.5551065746570942e-05,2.634830614315459e-05
2020-02-10,1,756,2.634830614315459e-05,3.306405532405197e-05
2020-02-12,1,757,3.306405532405197e-05,2.329678899901173e-05
2020-02-13,1,758,2.329678899901173e-05,0.00010633357953461889
2020-02-14,1,759,0.00010633357953461889,0.00010728738531206705
2020-02-17,1,760,0.00010728738531206705,0.00010810986427227668
2020-02-18,1,761,0.00010810986427227668,9.862427618246158e-05
2020-02-19,1,762,9.862427618246158e-05,0.00011611650341000022
2020-02-20,1,763,0.00011611650341000022,0.00011105368454713833
2020-02-21,1,764,0.00011105368454713833,0.00013552406829073937
2020-02-25,1,765,0.00013552406829073937,0.00011204172207452667
2020-02-26,1,766,0.00011204172207452667,6.516747065673041e-05
2020-02-27,1,767,6.516747065673041e-05,5.327485252969602e-05
2020-02-28,1,768,5.327485252969602e-05,3.286037858877828e-05
2020-03-02,1,769,3.286037858877828e-05,4.526458931209415e-05
2020-03-03,1,770,4.526458931209415e-05,5.768594416634843e-05
2020-03-04,1,771,5.768594416634843e-05,5.376248648094558e-05
2020-03-05,1,772,5.376248648094558e-05,5.0680138072660614e-05
2020-03-06,1,773,5.0680138072660614e-05,4.8890849379588034e-05
2020-03-09,1,774,4.8890849379588034e-05,7.286925621819702e-06
2020-03-10,1,775,7.286925621819702e-06,1.8870365228365814e-05
2020-03-11,1,776,1.8870365228365814e-05,2.0729606267938248e-05
2020-03-12,1,777,2.0729606267938248e-05,2.827931543477712e-05
2020-03-13,1,778,2.827931543477712e-05,3.110476206040551e-05
2020-03-16,1,779,3.110476206040551e-05,3.2120210263698994e-05
2020-03-17,1,780,3.2120210263698994e-05,2.858998226141824e-05
2020-03-18,1,781,2.858998226141824e-05,1.0399100911763148e-05
2020-03-19,1,782,1.0399100911763148e-05,7.225653881937505e-06
2020-03-23,1,783,7.225653881937505e-06,1.5780681617469726e-05
2020-03-24,1,784,1.5780681617469726e-05,1.670165405222096e-05
2020-03-25,1,785,1.670165405222096e-05,8.897264523729465e-06
2020-03-26,1,786,8.897264523729465e-06,1.4458757484921565e-05
2020-03-27,1,787,1.4458757484921565e-05,6.029544191634307e-08
2020-03-30,1,788,6.029544191634307e-08,-1.9201552625132793e-05
2020-03-31,1,789,-1.9201552625132793e-05,-4.055483600787887e-05
2020-04-01,1,790,-4.055483600787887e-05,-3.705366875155915e-05
2020-04-02,1,791,-3.705366875155915e-05,-3.436530590030694e-05
2020-04-03,1,792,-3.436530590030694e-05,-4.462719091720938e-05
2020-04-06,1,793,-4.462719091720938e-05,-8.479879879171151e-05
2020-04-07,1,794,-8.479879879171151e-05,-8.405167834397456e-05
2020-04-08,1,795,-8.405167834397456e-05,-0.00011455203332995565
2020-04-09,1,796,-0.00011455203332995565,-0.00015832817344920352
2020-04-10,1,797,-0.00015832817344920352,-0.00015644528998292676
2020-04-13,1,798,-0.00015644528998292676,-0.00015967168845884818
2020-04-14,1,799,-0.00015967168845884818,-0.00014490186793205518
2020-04-15,1,800,-0.00014490186793205518,0.0002615154682742842
2020-04-16,1,801,0.0002615154682742842,2.3477016015490657e-05
2020-04-17,1,802,2.3477016015490657e-05,0.00026159118331577926
2020-04-20,1,803,0.00026159118331577926,0.0002453857762650495
2020-04-21,1,804,0.0002453857762650495,0.00034325561069977774
2020-04-22,1,805,0.00034325561069977774,0.00026071594194009424
2020-04-23,1,806,0.00026071594194009424,0.00012597437789286524
2020-04-24,1,807,0.00012597437789286524,0.0006673350681527668
2020-04-27,1,808,0.0006673350681527668,8.031889169799996e-06
2020-04-28,1,809,8.031889169799996e-06,0.0003392239003032327
2020-04-30,1,810,0.0003392239003032327,6.3728579707803446e-06
2020-05-01,1,811,6.3728579707803446e-06,9.726421276324693e-05
2020-05-07,1,812,9.726421276324693e-05,0.00018590327354039743
2020-05-08,1,813,0.00018590327354039743,-0.00011767913457209808
2020-05-11,1,814,-0.00011767913457209808,-0.0005399824403258724
2020-05-12,1,815,-0.0005399824403258724,-0.00039519400312996083
2020-05-13,1,816,-0.00039519400312996083,-0.00016429016013411714
2020-05-14,1,817,-0.00016429016013411714,0.00010460869881208566
2020-05-15,1,818,0.00010460869881208566,6.371241929998086e-05
2020-05-18,1,819,6.371241929998086e-05,8.626440280419516e-05
2020-05-19,1,820,8.626440280419516e-05,7.591571645607503e-05
2020-05-20,1,821,7.591571645607503e-05,0.00028228879974037717
2020-05-21,1,822,0.00028228879974037717,5.835710897057151e-05
2020-05-22,1,823,5.835710897057151e-05,-2.985722820373993e-05
2020-05-25,1,824,-2.985722820373993e-05,-0.00015973199092965602
2020-05-26,1,825,-0.00015973199092965602,-0.000444837877547428
2020-05-27,1,826,-0.000444837877547428,-3.5621068646169915e-05
2020-05-28,1,827,-3.5621068646169915e-05,-0.000289904551018212
2020-05-29,1,828,-0.000289904551018212,0.00012297801819676987
2020-06-01,1,829,0.00012297801819676987,0.00019486011230695216
2020-06-02,1,830,0.00019486011230695216,9.953093290653436e-05
2020-06-03,1,831,9.953093290653436e-05,-0.00010652017601925759
2020-06-04,1,832,-0.00010652017601925759,-4.6039540278088006e-05
2020-06-05,1,833,-4.6039540278088006e-05,-0.0001742811396225149
2020-06-08,1,834,-0.0001742811396225149,-0.00027618205805126684
2020-06-09,1,835,-0.00027618205805126684,-2.000198052149176e-05
2020-06-10,1,836,-2.000198052149176e-05,4.4814655096555285e-05
2020-06-11,1,837,4.4814655096555285e-05,0.000354027529782623
2020-06-12,1,838,0.000354027529782623,0.0003616084837602785
2020-06-15,1,839,0.0003616084837602785,0.0006592696835028845
2020-06-16,1,840,0.0006592696835028845,0.0005878877379750513
2020-06-17,1,841,0.0005878877379750513,0.0006880703103780386
2020-06-18,1,842,0.0006880703103780386,0.0007532608111398265
2020-06-19,1,843,0.0007532608111398265,0.0006699813077555485
2020-06-22,1,844,0.0006699813077555485,0.0006652256947269085
2020-06-23,1,845,0.0006652256947269085,0.0006626670184201806
2020-06-24,1,846,0.0006626670184201806,0.0007015965046334503
2020-06-25,1,847,0.0007015965046334503,0.0008205860827648736
2020-06-26,1,848,0.0008205860827648736,0.0007748580561961262
2020-06-29,1,849,0.0007748580561961262,0.0009145371696675374
2020-06-30,1,850,0.0009145371696675374,0.0008477266378423936
2020-07-01,1,851,0.0008477266378423936,0.0003661448392316201
2020-07-02,1,852,0.0003661448392316201,-9.700645714351744e-06
2020-07-03,1,853,-9.700645714351744e-06,7.004502369688671e-06
2020-07-06,1,854,7.004502369688671e-06,6.315642697849004e-07
2020-07-07,1,855,6.315642697849004e-07,-2.9651279581593575e-05
2020-07-08,1,856,-2.9651279581593575e-05,-9.533741167411339e-05
2020-07-09,1,857,-9.533741167411339e-05,4.72670388547952e-05
2020-07-10,1,858,4.72670388547952e-05,-2.3908103774792364e-05
2020-07-13,1,859,-2.3908103774792364e-05,2.8111363757010606e-05
2020-07-14,1,860,2.8111363757010606e-05,7.68803723252501e-05
2020-07-15,1,861,7.68803723252501e-05,-0.00015641582732524683
2020-07-16,1,862,-0.00015641582732524683,-0.0004916186438719119
2020-07-17,1,863,-0.0004916186438719119,-0.0005744586758754344
2020-07-20,1,864,-0.0005744586758754344,-0.0005846608287970973
2020-07-21,1,865,-0.0005846608287970973,-0.0005150175652855069
2020-07-22,1,866,-0.0005150175652855069,-0.0005588816480506897
2020-07-27,1,867,-0.0005588816480506897,-0.0005572812744779722
2020-07-28,1,868,-0.0005572812744779722,-0.00046046088171527836
2020-07-29,1,869,-0.00046046088171527836,-0.00039786950198200704
2020-07-30,1,870,-0.00039786950198200704,-0.00026531385611158157
2020-07-31,1,871,-0.00026531385611158157,-0.00026267942325174575
2020-08-03,1,872,-0.00026267942325174575,-0.00028126089317002045
2020-08-04,1,873,-0.00028126089317002045,-0.0003013073724379673
2020-08-05,1,874,-0.0003013073724379673,-0.0002662464807104114
2020-08-06,1,875,-0.0002662464807104114,-0.00021296569853326407
2020-08-07,1,876,-0.00021296569853326407,-0.00027033123892132615
2020-08-11,1,877,-0.00027033123892132615,-0.0002930358944885225
2020-08-12,1,878,-0.0002930358944885225,-0.0002935185012846407
2020-08-13,1,879,-0.0002935185012846407,-0.00016521466838733667
2020-08-14,1,880,-0.00016521466838733667,9.933314549482141e-05
2020-08-17,1,881,9.933314549482141e-05,-1.6811309758901443e-05
2020-08-18,1,882,-1.6811309758901443e-05,9.791420197707188e-05
2020-08-19,1,883,9.791420197707188e-05,9.75380541938748e-05
2020-08-20,1,884,9.75380541938748e-05,-0.0001845672183332046
2020-08-21,1,885,-0.0001845672183332046,0.00012584117533395917
2020-08-24,1,886,0.00012584117533395917,5.608359985985611e-05
2020-08-25,1,887,5.608359985985611e-05,1.5499869203675834e-05
2020-08-26,1,888,1.5499869203675834e-05,-3.4002176346703337e-06
2020-08-27,1,889,-3.4002176346703337e-06,-9.501252833721562e-05
2020-08-28,1,890,-9.501252833721562e-05,-2.168846940652175e-05
2020-08-31,1,891,-2.168846940652175e-05,4.409912926870354e-05
2020-09-01,1,892,4.409912926870354e-05,0.0005313094033020979
2020-09-02,1,893,0.0005313094033020979,0.0003188624833682832
2020-09-03,1,894,0.0003188624833682832,0.00017474679356806338
2020-09-04,1,895,0.00017474679356806338,9.972659735286448e-05
2020-09-07,1,896,9.972659735286448e-05,0.00010049777181902729
2020-09-08,1,897,0.00010049777181902729,2.1411998113073327e-05
2020-09-09,1,898,2.1411998113073327e-05,9.773754849576201e-05
2020-09-10,1,899,9.773754849576201e-05,5.9674905289728704e-05
2020-09-11,1,900,5.9674905289728704e-05,3.348847827493876e-05
2020-09-14,1,901,3.348847827493876e-05,6.233439730212164e-05
2020-09-15,1,902,6.233439730212164e-05,7.609383053633224e-05
2020-09-16,1,903,7.609383053633224e-05,0.00011365516979667095
2020-09-17,1,904,0.00011365516979667095,0.0001288477836566577
2020-09-18,1,905,0.0001288477836566577,0.0001525036440177154
2020-09-23,1,906,0.0001525036440177154,0.00015977219277046875
2020-09-24,1,907,0.00015977219277046875,0.00014988500903414522
2020-09-25,1,908,0.00014988500903414522,0.00015125566438330322
2020-09-28,1,909,0.00015125566438330322,0.00014318536601618055
2020-09-29,1,910,0.00014318536601618055,0.00014790796706759312
2020-09-30,1,911,0.00014790796706759312,0.00013998533895526853
2020-10-01,1,912,0.00013998533895526853,0.00013878813034437788
2020-10-02,1,913,0.00013878813034437788,0.00011521442069594928
2020-10-05,0,913,0.00011521442069594928,0.00011521442069594928
2020-10-06,1,914,0.00011521442069594928,0.00012789129748308858
2020-10-07,1,915,0.00012789129748308858,-3.6899666865869803e-05
2020-10-08,1,916,-3.6899666865869803e-05,1.5357072582713368e-05
2020-10-09,1,917,1.5357072582713368e-05,-3.3494200850251234e-06
2020-10-12,1,918,-3.3494200850251234e-06,2.717346170311592e-06
2020-10-13,1,919,2.717346170311592e-06,4.4048130266697334e-05
2020-10-14,1,920,4.4048130266697334e-05,9.198800863699944e-05
2020-10-15,1,921,9.198800863699944e-05,-3.0302657907092827e-06
2020-10-16,1,922,-3.0302657907092827e-06,-3.782836424980549e-05
2020-10-19,1,923,-3.782836424980549e-05,-0.00014779845056136188
2020-10-20,1,924,-0.00014779845056136188,-7.642515201463158e-05
2020-10-21,1,925,-7.642515201463158e-05,-0.00014938721030929576
2020-10-22,1,926,-0.00014938721030929576,-0.00013627876424894021
2020-10-23,1,927,-0.00013627876424894021,-0.000167984463840391
2020-10-26,1,928,-0.000167984463840391,-0.00012485470817663545
2020-10-27,1,929,-0.00012485470817663545,-4.5685774578852915e-05
2020-10-28,1,930,-4.5685774578852915e-05,2.860810912595626e-05
2020-10-29,1,931,2.860810912595626e-05,4.748879434008375e-05
2020-10-30,1,932,4.748879434008375e-05,4.6774788901284986e-05
2020-11-02,1,933,4.6774788901284986e-05,2.091769605819757e-05
2020-11-04,1,934,2.091769605819757e-05,2.3329790279668772e-05
2020-11-05,1,935,2.3329790279668772e-05,0.0003268927586476602
2020-11-06,1,936,0.0003268927586476602,6.55455283599931e-05
2020-11-09,1,937,6.55455283599931e-05,0.00010254691333753505
2020-11-10,1,938,0.00010254691333753505,-0.0005700537520704292
2020-11-11,1,939,-0.0005700537520704292,-0.00019529191336084073
2020-11-12,1,940,-0.00019529191336084073,-0.0002613439194149959
2020-11-13,1,941,-0.0002613439194149959,-0.00020239935628155447
2020-11-16,1,942,-0.00020239935628155447,-0.00019027301838992725
2020-11-17,1,943,-0.00019027301838992725,-0.0001946228216035319
2020-11-18,1,944,-0.0001946228216035319,-0.00018788359953958233
2020-11-19,1,945,-0.00018788359953958233,-0.00017871754162158873
2020-11-20,1,946,-0.00017871754162158873,-0.00016923646746570283
2020-11-24,1,947,-0.00016923646746570283,-0.0001559526456212027
2020-11-25,1,948,-0.0001559526456212027,-0.00016338794169886963
2020-11-26,1,949,-0.00016338794169886963,-0.00015819026572388552
2020-11-27,1,950,-0.00015819026572388552,-0.0001414798694000273
2020-11-30,1,951,-0.0001414798694000273,-0.00011137085930281419
2020-12-01,1,952,-0.00011137085930281419,-7.502436759621956e-05
2020-12-02,1,953,-7.502436759621956e-05,-8.509489357220651e-05
2020-12-03,1,954,-8.509489357220651e-05,-0.00010864845650147838
2020-12-04,1,955,-0.00010864845650147838,-8.284173202652149e-05
2020-12-07,1,956,-8.284173202652149e-05,-0.00013992162818405124
2020-12-08,1,957,-0.00013992162818405124,-0.00011840652299546665
2020-12-09,1,958,-0.00011840652299546665,-0.0001394098996287946
2020-12-10,1,959,-0.0001394098996287946,-0.0001579021811213585
2020-12-11,1,960,-0.0001579021811213585,-0.00012071841873380457
2020-12-14,1,961,-0.00012071841873380457,-0.00017231011385398755
2020-12-15,1,962,-0.00017231011385398755,-0.00014761380478991982
2020-12-16,1,963,-0.00014761380478991982,-0.00015633307941453363
2020-12-17,1,964,-0.00015633307941453363,-0.00016345027127338585
2020-12-18,1,965,-0.00016345027127338585,-0.0002501607808679364
2020-12-21,1,966,-0.0002501607808679364,-0.0002864969608085443
2020-12-22,1,967,-0.0002864969608085443,-0.00023137143114995533
2020-12-23,1,968,-0.00023137143114995533,-0.0003754883638061796
2020-12-24,1,969,-0.0003754883638061796,-0.00036685895081336735
2020-12-25,1,970,-0.00036685895081336735,-0.00034227547225718124
2020-12-28,1,971,-0.00034227547225718124,-0.0002874028446378953
2020-12-29,1,972,-0.0002874028446378953,-0.00022098916919612333
2020-12-30,1,973,-0.00022098916919612333,-0.00017236361302446575
2021-01-04,1,974,-0.00017236361302446575,-0.00023663974086199455
2021-01-05,1,975,-0.00023663974086199455,-0.0001234481149398877
2021-01-06,1,976,-0.0001234481149398877,-0.00013215476927138948
2021-01-07,1,977,-0.00013215476927138948,-0.0001443735856661328
2021-01-08,1,978,-0.0001443735856661328,-0.0001340669640810921
2021-01-12,1,979,-0.0001340669640810921,-0.00012129093240894834
2021-01-13,1,980,-0.00012129093240894834,-0.00013032916553898168
2021-01-14,1,981,-0.00013032916553898168,-0.00012809645716033426
2021-01-15,1,982,-0.00012809645716033426,-0.00015471456006442767
2021-01-18,1,983,-0.00015471456006442767,-8.887915067107085e-05
2021-01-19,1,984,-8.887915067107085e-05,-0.0001741896306625166
2021-01-20,1,985,-0.0001741896306625166,-0.00032561695704844856
2021-01-21,1,986,-0.00032561695704844856,-0.00036149869986244754
2021-01-22,1,987,-0.00036149869986244754,-0.00029243507011848915
2021-01-25,1,988,-0.00029243507011848915,-0.000321246614332167
2021-01-26,1,989,-0.000321246614332167,-0.0002978151321579453
2021-01-27,1,990,-0.0002978151321579453,-0.0002921200991209439
2021-01-28,1,991,-0.0002921200991209439,-0.00029035393058630385
2021-01-29,1,992,-0.00029035393058630385,-0.0003066890966184927
2021-02-01,1,993,-0.0003066890966184927,-0.0003071200304902121
2021-02-02,1,994,-0.0003071200304902121,-0.00030671050379150235
2021-02-03,1,995,-0.00030671050379150235,-0.0003063871252377914
2021-02-04,1,996,-0.0003063871252377914,-0.0003062468007950334
2021-02-05,1,997,-0.0003062468007950334,-0.0003056572603097237
2021-02-08,1,998,-0.0003056572603097237,-0.00030466968786478047
2021-02-09,1,999,-0.00030466968786478047,-0.0003044304586461774
2021-02-10,1,1000,-0.0003044304586461774,-0.0003037276816180096
2021-02-12,1,1001,-0.0003037276816180096,-0.00030254087159312413
2021-02-15,1,1002,-0.00030254087159312413,-0.00030161557696319026
2021-02-16,1,1003,-0.00030161557696319026,-0.0002986114330602922
2021-02-17,1,1004,-0.0002986114330602922,-0.0002945531866704839
2021-02-18,1,1005,-0.0002945531866704839,-0.0002950605404328773
2021-02-19,1,1006,-0.0002950605404328773,-0.0002915663536393962
2021-02-22,1,1007,-0.0002915663536393962,-0.0002860812036583698
2021-02-24,1,1008,-0.0002860812036583698,-0.0002965599403342864
2021-02-25,1,1009,-0.0002965599403342864,-0.0002881164159196206
2021-02-26,1,1010,-0.0002881164159196206,-0.00029733160190291587
2021-03-01,1,1011,-0.00029733160190291587,-0.0002856321028361307
2021-03-02,1,1012,-0.0002856321028361307,-0.00028476375856104476
2021-03-03,1,1013,-0.00028476375856104476,-0.00028595322523790356
2021-03-04,1,1014,-0.00028595322523790356,-0.0002897972906019739
2021-03-05,1,1015,-0.0002897972906019739,-0.0002841402523210374
2021-03-08,1,1016,-0.0002841402523210374,-0.00028846815484404476
2021-03-09,1,1017,-0.00028846815484404476,-0.000262787094306904
2021-03-10,1,1018,-0.000262787094306904,-0.00025235765849131815
2021-03-11,1,1019,-0.00025235765849131815,-0.00021826667339790105
2021-03-12,1,1020,-0.00021826667339790105,-0.00019590524140875292
2021-03-15,1,1021,-0.00019590524140875292,-0.00019425055681254288
2021-03-16,1,1022,-0.00019425055681254288,-0.00016700003408740374
2021-03-17,1,1023,-0.00016700003408740374,-0.00015985424301844
2021-03-18,1,1024,-0.00015985424301844,-0.00012041045899363698
2021-03-19,1,1025,-0.00012041045899363698,-8.853834689202814e-05
2021-03-22,1,1026,-8.853834689202814e-05,2.362104048721011e-05
2021-03-23,1,1027,2.362104048721011e-05,-5.079173869854943e-05
2021-03-24,1,1028,-5.079173869854943e-05,-0.00017021245748352902
2021-03-25,1,1029,-0.00017021245748352902,0.00022691277754516948
2021-03-26,1,1030,0.00022691277754516948,0.0004171373364492453
2021-03-29,1,1031,0.0004171373364492453,-4.173028539640694e-05
2021-03-30,1,1032,-4.173028539640694e-05,-9.627698186022459e-05
2021-03-31,1,1033,-9.627698186022459e-05,-3.865321521652536e-05
2021-04-01,1,1034,-3.865321521652536e-05,-5.681175254344337e-06
2021-04-02,1,1035,-5.681175254344337e-06,0.00018204261279784268
2021-04-05,1,1036,0.00018204261279784268,0.00033620371777294105
2021-04-06,1,1037,0.00033620371777294105,0.00022790149470353082
2021-04-07,1,1038,0.00022790149470353082,0.00025553046757395564
2021-04-08,1,1039,0.00025553046757395564,0.00023761419662141314
2021-04-09,1,1040,0.00023761419662141314,0.0001701942077571809
2021-04-12,1,1041,0.0001701942077571809,0.00022065411485394204
2021-04-13,1,1042,0.00022065411485394204,0.0002752509587289081
2021-04-14,1,1043,0.0002752509587289081,0.00027473995217285583
2021-04-15,1,1044,0.00027473995217285583,0.0002597831874837933
2021-04-16,1,1045,0.0002597831874837933,0.0001799686310446411
2021-04-19,1,1046,0.0001799686310446411,0.00020379975006951478
2021-04-20,1,1047,0.00020379975006951478,0.00014083829860545027
2021-04-21,1,1048,0.00014083829860545027,2.3237488167382394e-05
2021-04-22,1,1049,2.3237488167382394e-05,0.0001046908376012459
2021-04-23,1,1050,0.0001046908376012459,9.681775976981415e-05
2021-04-26,1,1051,9.681775976981415e-05,0.00011654024036975206
2021-04-27,1,1052,0.00011654024036975206,7.946513045914004e-05
2021-04-28,1,1053,7.946513045914004e-05,3.6705121002683806e-05
2021-04-30,1,1054,3.6705121002683806e-05,3.4556520100331556e-05
2021-05-06,1,1055,3.4556520100331556e-05,7.97874514531695e-05
2021-05-07,1,1056,7.97874514531695e-05,7.12325770572011e-05
2021-05-10,1,1057,7.12325770572011e-05,3.903104784043452e-05
2021-05-11,1,1058,3.903104784043452e-05,4.077783524006664e-05
2021-05-12,1,1059,4.077783524006664e-05,-7.361919000821153e-05
2021-05-13,1,1060,-7.361919000821153e-05,-4.331105107012852e-05
2021-05-14,1,1061,-4.331105107012852e-05,3.1113167731984157e-06
2021-05-17,1,1062,3.1113167731984157e-06,-9.161135638052301e-05
2021-05-18,1,1063,-9.161135638052301e-05,0.00014147146446478014
2021-05-19,1,1064,0.00014147146446478014,-4.3914879942428506e-05
2021-05-20,1,1065,-4.3914879942428506e-05,6.003265086965983e-05
2021-05-21,1,1066,6.003265086965983e-05,4.4678595062321116e-05
2021-05-24,1,1067,4.4678595062321116e-05,4.845174703195436e-05
2021-05-25,1,1068,4.845174703195436e-05,-6.289375131977573e-05
2021-05-26,1,1069,-6.289375131977573e-05,-0.00016771735340667419
2021-05-27,1,1070,-0.00016771735340667419,8.910869525639579e-05
2021-05-28,1,1071,8.910869525639579e-05,8.41222372711453e-05
2021-05-31,1,1072,8.41222372711453e-05,-8.749875204757005e-05
2021-06-01,1,1073,-8.749875204757005e-05,1.9816321356511647e-05
2021-06-02,1,1074,1.9816321356511647e-05,3.7689490639734486e-05
2021-06-03,1,1075,3.7689490639734486e-05,0.00017531270315050598
2021-06-04,1,1076,0.00017531270315050598,-0.00010921515734398546
2021-06-07,1,1077,-0.00010921515734398546,0.00020686344721232094
2021-06-08,1,1078,0.00020686344721232094,-0.00013012733806989522
2021-06-09,1,1079,-0.00013012733806989522,-0.00032495294016251684
2021-06-10,1,1080,-0.00032495294016251684,-0.0001030790777512757
2021-06-11,1,1081,-0.0001030790777512757,-0.00023003167262866217
2021-06-14,1,1082,-0.00023003167262866217,-0.00026604410175083557
2021-06-15,1,1083,-0.00026604410175083557,-0.00015695914312645223
2021-06-16,1,1084,-0.00015695914312645223,9.04201706217612e-05
2021-06-17,1,1085,9.04201706217612e-05,-5.59496370177943e-05
2021-06-18,1,1086,-5.59496370177943e-05,-5.3342319609325644e-05
2021-06-21,1,1087,-5.3342319609325644e-05,-0.00033851593988755944
2021-06-22,1,1088,-0.00033851593988755944,-0.00018673450933742985
2021-06-23,1,1089,-0.00018673450933742985,-0.0001260056319766171
2021-06-24,1,1090,-0.0001260056319766171,-0.000127205277038717
2021-06-25,1,1091,-0.000127205277038717,-1.6656708103757783e-05
2021-06-28,1,1092,-1.6656708103757783e-05,8.56747853809326e-07
2021-06-29,1,1093,8.56747853809326e-07,-0.00011268549231862214
2021-06-30,1,1094,-0.00011268549231862214,-4.3563481599090444e-05
2021-07-01,1,1095,-4.3563481599090444e-05,-5.497124286613457e-05
2021-07-02,1,1096,-5.497124286613457e-05,-5.223119811325194e-05
2021-07-05,1,1097,-5.223119811325194e-05,-0.00010689640068619076
2021-07-06,1,1098,-0.00010689640068619076,-7.493316401252056e-05
2021-07-07,1,1099,-7.493316401252056e-05,-4.989757983969659e-05
2021-07-08,1,1100,-4.989757983969659e-05,-3.4900899488907025e-05
2021-07-09,1,1101,-3.4900899488907025e-05,0.00016486639059403452
2021-07-12,1,1102,0.00016486639059403452,0.00021973555310440514
2021-07-13,1,1103,0.00021973555310440514,0.00025690747695657814
2021-07-14,1,1104,0.00025690747695657814,0.000212347067382724
2021-07-15,1,1105,0.000212347067382724,0.00012885802211048535
2021-07-16,1,1106,0.00012885802211048535,0.00013799042604007634
2021-07-19,1,1107,0.00013799042604007634,-4.562489101826351e-05
2021-07-20,1,1108,-4.562489101826351e-05,-1.5977045356684005e-05
2021-07-21,1,1109,-1.5977045356684005e-05,2.6927823183619558e-05
2021-07-26,1,1110,2.6927823183619558e-05,5.402239006075712e-05
2021-07-27,1,1111,5.402239006075712e-05,1.7626395385935727e-06
2021-07-28,1,1112,1.7626395385935727e-06,-2.7447755824400083e-05
2021-07-29,1,1113,-2.7447755824400083e-05,3.682045048487133e-05
2021-07-30,1,1114,3.682045048487133e-05,-4.9163607463399505e-05
2021-08-02,1,1115,-4.9163607463399505e-05,0.00010409937721746963
2021-08-03,1,1116,0.00010409937721746963,-4.906693640856319e-05
2021-08-04,1,1117,-4.906693640856319e-05,-0.00013661177166520783
2021-08-05,1,1118,-0.00013661177166520783,-6.948066408648551e-05
2021-08-06,1,1119,-6.948066408648551e-05,-4.089959589497891e-05
2021-08-10,1,1120,-4.089959589497891e-05,5.1465121257987195e-06
2021-08-11,1,1121,5.1465121257987195e-06,5.55356530353808e-05
2021-08-12,1,1122,5.55356530353808e-05,3.8013890533622827e-05
2021-08-13,1,1123,3.8013890533622827e-05,3.4989223553272465e-05
2021-08-16,1,1124,3.4989223553272465e-05,-9.133880948323641e-05
2021-08-17,1,1125,-9.133880948323641e-05,-1.4940796245756439e-05
2021-08-18,1,1126,-1.4940796245756439e-05,9.301244871343015e-07
2021-08-19,1,1127,9.301244871343015e-07,-0.00016957970395549359
2021-08-20,1,1128,-0.00016957970395549359,-0.0001794942820510605
2021-08-23,1,1129,-0.0001794942820510605,0.00013576920226364197
2021-08-24,1,1130,0.00013576920226364197,0.00011693609704458688
2021-08-25,1,1131,0.00011693609704458688,7.729458561577969e-05
2021-08-26,1,1132,7.729458561577969e-05,-5.337683457348448e-07
2021-08-27,1,1133,-5.337683457348448e-07,-1.6885902326367435e-05
2021-08-30,1,1134,-1.6885902326367435e-05,0.000423564609398367
2021-08-31,1,1135,0.000423564609398367,0.00020708143382297837
2021-09-01,1,1136,0.00020708143382297837,0.00013298907690591677
2021-09-02,1,1137,0.00013298907690591677,-5.247794462453337e-05
2021-09-03,1,1138,-5.247794462453337e-05,0.0003445377173160599
2021-09-06,1,1139,0.0003445377173160599,0.00019096375829007225
2021-09-07,1,1140,0.00019096375829007225,0.0001361108655037731
2021-09-08,1,1141,0.0001361108655037731,0.00019876927986953364
2021-09-09,1,1142,0.00019876927986953364,-2.5322279658132005e-05
2021-09-10,1,1143,-2.5322279658132005e-05,7.731536626233046e-05
2021-09-13,1,1144,7.731536626233046e-05,0.0001824313914610909
2021-09-14,1,1145,0.0001824313914610909,0.00016918471585139667
2021-09-15,1,1146,0.00016918471585139667,-1.9851946556313755e-05
2021-09-16,1,1147,-1.9851946556313755e-05,-8.908457993854956e-05
2021-09-17,1,1148,-8.908457993854956e-05,6.803866006751668e-05
2021-09-21,1,1149,6.803866006751668e-05,-0.00014200759904197841
2021-09-22,1,1150,-0.00014200759904197841,-0.00019133724698952706
2021-09-24,1,1151,-0.00019133724698952706,0.00029808998772603933
2021-09-27,1,1152,0.00029808998772603933,0.00022478171402649108
2021-09-28,1,1153,0.00022478171402649108,0.00011135136277748558
2021-09-29,1,1154,0.00011135136277748558,1.260550279505523e-05
2021-09-30,1,1155,1.260550279505523e-05,-4.399527795227586e-05
2021-10-01,1,1156,-4.399527795227586e-05,-0.00021509587618145627
2021-10-04,1,1157,-0.00021509587618145627,-0.0002528378091699541
2021-10-05,1,1158,-0.0002528378091699541,-0.00025196297424865766
2021-10-06,1,1159,-0.00025196297424865766,-0.00016143588171790174
2021-10-07,1,1160,-0.00016143588171790174,-0.00012682021538464828
2021-10-08,1,1161,-0.00012682021538464828,-4.65987346708798e-05
2021-10-11,1,1162,-4.65987346708798e-05,5.039392026822141e-05
2021-10-12,1,1163,5.039392026822141e-05,-2.1959598992777956e-05
2021-10-13,1,1164,-2.1959598992777956e-05,-0.00015133247908413871
2021-10-14,1,1165,-0.00015133247908413871,-6.465642415187086e-05
2021-10-15,1,1166,-6.465642415187086e-05,1.8841403165542663e-05
2021-10-18,1,1167,1.8841403165542663e-05,1.852646611644206e-05
2021-10-19,1,1168,1.852646611644206e-05,1.0436615154798397e-05
2021-10-20,1,1169,1.0436615154798397e-05,-1.814002789677829e-05
2021-10-21,1,1170,-1.814002789677829e-05,-3.6619721836424946e-05
2021-10-22,1,1171,-3.6619721836424946e-05,-8.81324396177469e-05
2021-10-25,1,1172,-8.81324396177469e-05,-7.382943920248363e-05
2021-10-26,1,1173,-7.382943920248363e-05,3.6507572035122796e-05
2021-10-27,1,1174,3.6507572035122796e-05,-0.00011181473987038589
2021-10-28,1,1175,-0.00011181473987038589,-0.00010126460246486281
2021-10-29,1,1176,-0.00010126460246486281,-2.514126395736887e-05
2021-11-01,1,1177,-2.514126395736887e-05,0.0001267805747265326
2021-11-02,1,1178,0.0001267805747265326,-0.0002886624406222337
2021-11-04,1,1179,-0.0002886624406222337,0.00010122303362923249
2021-11-05,1,1180,0.00010122303362923249,-0.0003947453439200987
2021-11-08,1,1181,-0.0003947453439200987,-0.00023904548956035096
2021-11-09,1,1182,-0.00023904548956035096,-0.0002507436127002516
2021-11-10,1,1183,-0.0002507436127002516,-0.00022473304154779948
2021-11-11,1,1184,-0.00022473304154779948,-0.00019936446814021946
2021-11-12,1,1185,-0.00019936446814021946,-0.0001291703075275433
2021-11-15,1,1186,-0.0001291703075275433,-9.77433191399622e-05
2021-11-16,1,1187,-9.77433191399622e-05,-9.677915257172464e-05
2021-11-17,1,1188,-9.677915257172464e-05,-8.391127218353731e-05
2021-11-18,1,1189,-8.391127218353731e-05,-6.834184739964664e-05
2021-11-19,1,1190,-6.834184739964664e-05,-4.904736384269562e-05
2021-11-22,1,1191,-4.904736384269562e-05,-4.9099653346933973e-05
2021-11-24,1,1192,-4.9099653346933973e-05,-6.538505583189309e-05
2021-11-25,1,1193,-6.538505583189309e-05,-5.485731590921078e-05
2021-11-26,1,1194,-5.485731590921078e-05,-7.754743766832917e-05
2021-11-29,1,1195,-7.754743766832917e-05,-0.00011475419472635828
2021-11-30,1,1196,-0.00011475419472635828,-0.00010900784047620966
2021-12-01,1,1197,-0.00010900784047620966,-9.291153835643603e-05
2021-12-02,1,1198,-9.291153835643603e-05,-0.00010438174562591029
2021-12-03,1,1199,-0.00010438174562591029,-4.518930407066852e-05
