Date,TrainingN,LastTrainingDate,Intercept,Slope,HistoricalMeanYoY,NewValidPairs,NewEligiblePairs,Estimable
2018-01-09,0,,,,,1,1,False
2018-01-11,1,2018-01-09,,,,5,5,False
2018-01-12,6,2018-01-11,0.02423783195160807,0.15663312868153403,-0.038268329601705856,7,7,True
2018-01-15,13,2018-01-12,-0.08811121492936641,0.0022886842016689927,-0.07190104328430515,6,6,True
2018-01-26,19,2018-01-15,0.8946738852412514,-0.007345177129188572,0.8597441955449397,1,1,True
2018-01-29,20,2018-01-26,0.8892884976984388,-0.00730582554079439,0.855798731498243,1,1,True
2018-01-31,21,2018-01-29,0.8494557025537744,-0.006888010139420178,0.8194387350445244,3,3,True
2018-02-01,24,2018-01-31,0.739639600449046,-0.005914653628922309,0.7165893603137893,5,5,True
2018-02-02,29,2018-02-01,0.5948000115351025,-0.004574670096804364,0.5800395844121204,7,7,True
2018-02-05,36,2018-02-02,0.5962539122490996,-0.004788143715376866,0.5837867270918848,3,3,True
2018-02-06,39,2018-02-05,0.5628868694937532,-0.004316264272409469,0.5526397791549003,2,2,True
2018-02-07,41,2018-02-06,0.5759206674259724,-0.004327018197524201,0.5660287831444039,2,2,True
2018-02-08,43,2018-02-07,0.5563160878137142,-0.004186076006844831,0.5470593378433806,5,5,True
2018-02-09,48,2018-02-08,0.6478101154656992,-0.004496939672631795,0.6388293449016518,4,4,True
2018-02-13,52,2018-02-09,0.5904569054345717,-0.0031655673849175195,0.5848817124121026,10,10,True
2018-02-14,62,2018-02-13,0.5310527264494056,-0.0018618854756743612,0.5283376359781767,3,3,True
2018-02-15,65,2018-02-14,0.5158597367119433,-0.002396782986911099,0.5121064492716594,8,8,True
2018-03-01,73,2018-02-15,0.5199127402760034,-0.0018983142476327716,0.5184548420860245,2,2,True
2018-03-02,75,2018-03-01,0.49884494980546035,-0.0017089481827268717,0.49758951096551984,2,1,True
2018-03-05,76,2018-03-02,0.48059338590186007,-0.001503832054660177,0.47952147272454143,1,1,True
2018-03-06,77,2018-03-05,0.47463971535801414,-0.0037939670310793904,0.46978489132341744,4,4,True
2018-03-09,81,2018-03-06,0.45169181570174094,-0.003571431167685031,0.44712255164130116,1,1,True
2018-03-12,82,2018-03-09,0.4447242066949645,-0.004507059327669998,0.43795413637738284,3,3,True
2018-03-13,85,2018-03-12,0.4315774412477877,-0.004364296416533189,0.42529508787036885,4,4,True
2018-03-14,89,2018-03-13,0.5903047553000801,-0.005731444200861576,0.5822693832027608,1,1,True
2018-03-15,90,2018-03-14,0.5846164274667216,-0.005721115722116915,0.5766127709437885,1,1,True
2018-03-19,91,2018-03-15,0.5799445161403182,-0.005688445548087245,0.5720515844674976,1,1,True
2018-03-28,92,2018-03-19,0.5860528789520251,-0.005716812194607328,0.5781628994835818,1,1,True
2018-04-02,93,2018-03-28,0.5799879716089911,-0.005550014076438915,0.5725740398131264,3,3,True
2018-04-03,96,2018-04-02,0.5980848663979256,-0.00571136508233954,0.5907355393320946,2,2,True
2018-04-04,98,2018-04-03,0.58451974858499,-0.005673770931311922,0.5772717120764372,5,5,True
2018-04-05,103,2018-04-04,0.5390514498467,-0.00481420924113496,0.5330910846093254,1,1,True
2018-04-06,104,2018-04-05,0.5333793505387109,-0.004804096002263932,0.5274421962434731,8,8,True
2018-04-09,112,2018-04-06,0.7386400305377592,0.008234850420965157,0.7495378177783916,11,11,True
2018-04-10,123,2018-04-09,0.7201998740795043,0.012193309268032698,0.7348874453109536,7,7,True
2018-04-11,130,2018-04-10,0.6970473798532522,0.011846374848178907,0.7115502707813849,15,15,True
2018-04-12,145,2018-04-11,0.6472537557381417,0.013647770319556461,0.6634789264674401,24,24,True
2018-04-13,169,2018-04-12,0.5131023238372426,0.0175586592741959,0.5316621101194303,16,15,True
2018-04-16,184,2018-04-13,0.49343767248950765,0.019126047976784303,0.5123513269098402,34,34,True
2018-04-17,218,2018-04-16,0.27773222633011196,0.07309730541418874,0.3217796615200009,3,3,True
2018-04-19,221,2018-04-17,0.2727009606382933,0.07304637366970955,0.31450249354239296,1,1,True
2018-04-20,222,2018-04-19,0.27363805777861566,0.07304523917324986,0.3154096553757061,2,2,True
2018-04-23,224,2018-04-20,0.27664471568351134,0.07301264094645817,0.3179504684619349,4,4,True
2018-04-24,228,2018-04-23,0.2628949351555945,0.07331677107645028,0.3024706937356373,3,3,True
2018-04-25,231,2018-04-24,0.2616429926354693,0.07325811295150497,0.30116265513048596,16,16,True
2018-04-26,247,2018-04-25,0.24422417306571773,0.0693627859266471,0.28931970005459634,49,49,True
2018-04-27,296,2018-04-26,0.4564991740878858,0.048409589413751265,0.49884775622648153,133,132,True
2018-05-01,428,2018-04-27,0.5539171187740056,0.06294302672793908,0.6013029722624433,133,131,True
2018-05-02,559,2018-05-01,0.5998460811780778,0.07648833651970939,0.6593424372149695,14,14,True
2018-05-07,573,2018-05-02,0.5788697593935439,0.07708347737586513,0.6365079345476842,24,24,True
2018-05-08,597,2018-05-07,0.5631177158123919,0.0771287139023473,0.6188463031640957,68,68,True
2018-05-09,665,2018-05-08,0.52455752330815,0.07746785677135078,0.5832121461603393,123,123,True
2018-05-10,788,2018-05-09,0.4985057514130901,0.07855599472170902,0.553436182435804,182,182,True
2018-05-11,970,2018-05-10,0.5208815341521602,0.08460122345022063,0.5691213950146373,256,251,True
2018-05-14,1221,2018-05-11,0.5111909363539456,0.08642909161457041,0.5625118767749149,289,286,True
2018-05-15,1507,2018-05-14,0.4806108720427476,0.1064865644343396,0.5494091076812322,151,150,True
2018-05-16,1657,2018-05-15,0.44629442577206135,0.10521071125313612,0.5158271346810573,99,98,True
2018-05-18,1755,2018-05-16,0.4729013424668806,0.11237927628054489,0.5437213696324104,5,4,True
2018-05-21,1759,2018-05-18,0.47098226514438624,0.1125243992450854,0.5414899365752823,6,6,True
2018-05-28,1765,2018-05-21,0.50665069389384,0.11300234989596082,0.5773112167651013,1,1,True
2018-05-29,1766,2018-05-28,0.5060380751547403,0.11300543581219034,0.5766888837648966,1,1,True
2018-05-30,1767,2018-05-29,0.5063471211274982,0.11300969210604772,0.5770320207293063,2,2,True
2018-05-31,1769,2018-05-30,0.5054245954512375,0.11279233777976401,0.5765634466157556,2,2,True
2018-06-01,1771,2018-05-31,0.5017767970957059,0.11234710876235662,0.5735475931509177,2,2,True
2018-06-04,1773,2018-06-01,0.5016450846256502,0.11235832818563514,0.5733669487865181,3,3,True
2018-06-05,1776,2018-06-04,0.4998458439573344,0.11207292335672421,0.5723418397640828,4,4,True
2018-06-06,1780,2018-06-05,0.5032107568681111,0.11193910567497134,0.5755145811854002,2,2,True
2018-06-07,1782,2018-06-06,0.5027653553035768,0.11195169715714211,0.574937453040378,3,3,True
2018-06-08,1785,2018-06-07,0.5017664531198416,0.11191355909579297,0.5739866554213825,5,5,True
2018-06-11,1790,2018-06-08,0.49055004565864524,0.11268976904042688,0.5631196682088764,18,18,True
2018-06-12,1808,2018-06-11,0.48611395276781455,0.11453399895882561,0.5634933722368254,6,6,True
2018-06-13,1814,2018-06-12,0.4837618516671571,0.11448885508078617,0.5611521439872592,5,5,True
2018-06-14,1819,2018-06-13,0.4826529121487274,0.11445199830676561,0.560189771014171,9,9,True
2018-06-15,1828,2018-06-14,0.47613160668728616,0.11468825378249217,0.5535202775497154,6,6,True
2018-06-19,1834,2018-06-15,0.4739097697042288,0.11424954985077676,0.5526281765757494,1,1,True
2018-06-20,1835,2018-06-19,0.47369788091904386,0.11425501558098292,0.5523592904781427,1,1,True
2018-06-26,1836,2018-06-20,0.473460316559894,0.11425525948592978,0.5521195194297321,6,6,True
2018-06-27,1842,2018-06-26,0.47176360700646974,0.11425390783166751,0.5508458683449015,4,4,True
2018-06-28,1846,2018-06-27,0.47274582939468246,0.11419213001760742,0.551674563842383,2,2,True
2018-06-29,1848,2018-06-28,0.47163927969108993,0.11405732063519018,0.5508690735349185,9,9,True
2018-07-02,1857,2018-06-29,0.4691632344647951,0.1141051326939682,0.5480725843501179,10,10,True
2018-07-03,1867,2018-07-02,0.46517292940940175,0.11404725399751478,0.5440500179781188,1,1,True
2018-07-05,1868,2018-07-03,0.4649599503023961,0.11405271295209171,0.5437825487370856,19,19,True
2018-07-06,1887,2018-07-05,0.46128994099704895,0.11408673142358589,0.5396180154436117,14,13,True
2018-07-09,1900,2018-07-06,0.4641864685118411,0.11910863648872141,0.5467780089181072,12,12,True
2018-07-10,1912,2018-07-09,0.45842004981440004,0.11909616622517584,0.5411238741913886,4,4,True
2018-07-11,1916,2018-07-10,0.4573376956592607,0.11911600574672618,0.5398589654377266,15,15,True
2018-07-12,1931,2018-07-11,0.4526983136166207,0.11895054085093845,0.5356903018530134,13,13,True
2018-07-13,1944,2018-07-12,0.44936435426472354,0.11903105915237353,0.5318244781506196,29,29,True
2018-07-17,1973,2018-07-13,0.4511067059812382,0.1199421263696839,0.5355966495080782,27,26,True
2018-07-18,1999,2018-07-17,0.4515193038907451,0.11925314665971844,0.5369221649811923,2,2,True
2018-07-19,2001,2018-07-18,0.4500143221208547,0.12149878024967971,0.5416283627806742,1,1,True
2018-07-20,2002,2018-07-19,0.45177033621149854,0.12142234465911876,0.5432252327750411,1,1,True
2018-07-23,2003,2018-07-20,0.45156009010976117,0.12142272917204629,0.5430111495215201,3,2,True
2018-07-24,2005,2018-07-23,0.4527554835053171,0.11357370673761125,0.5421754849349094,5,5,True
2018-07-25,2010,2018-07-24,0.4510638212474558,0.11359107684937747,0.540287553531337,10,10,True
2018-07-26,2020,2018-07-25,0.44710736860514866,0.11361390513326947,0.5360505021004163,28,28,True
2018-07-27,2048,2018-07-26,0.46839766604615246,0.11910331094442146,0.5614591851698241,73,73,True
2018-07-30,2121,2018-07-27,0.48736450967899814,0.11187631309677518,0.5770412419656941,114,114,True
2018-07-31,2235,2018-07-30,0.49896738748973807,0.11125139695485921,0.5851638357382875,154,152,True
2018-08-01,2387,2018-07-31,0.47706165261356803,0.11586247843083987,0.565959582087901,207,205,True
2018-08-02,2592,2018-08-01,0.5334158880300711,0.10973962565108968,0.6239019189916216,61,61,True
2018-08-03,2653,2018-08-02,0.549613662795396,0.10903748362545396,0.639511135490468,88,88,True
2018-08-06,2741,2018-08-03,0.5648311768521636,0.10722446688418039,0.6553764883089117,116,116,True
2018-08-07,2857,2018-08-06,0.6044648788191169,0.10656714392313547,0.6987338839247208,88,86,True
2018-08-08,2943,2018-08-07,0.6118708906905463,0.11303499639970963,0.7144513097180478,135,135,True
2018-08-09,3078,2018-08-08,0.584173982507841,0.1106687463428567,0.6836302259070343,125,123,True
2018-08-10,3201,2018-08-09,0.5838681807947579,0.10579403976495942,0.6789828528760831,157,155,True
2018-08-13,3356,2018-08-10,0.6721058386867652,0.10511228816437301,0.7679886760282731,156,155,True
2018-08-14,3511,2018-08-13,0.685047374799055,0.10587675751948454,0.7808693928873743,27,27,True
2018-08-15,3538,2018-08-14,0.6822015613499143,0.10558169010206868,0.7779452074637461,19,19,True
2018-08-20,3557,2018-08-15,0.6710781476470513,0.11344187164541775,0.7743315897958108,1,1,True
2018-08-28,3558,2018-08-20,0.6708735172428546,0.11344884625152483,0.7740945008809634,1,1,True
2018-08-30,3559,2018-08-28,0.6705094433819155,0.11288328928583809,0.7739220531402892,1,1,True
2018-08-31,3560,2018-08-30,0.6703654665641648,0.11288657121565668,0.773755451209862,6,6,True
2018-09-03,3566,2018-08-31,0.6751382901880574,0.11280104875070987,0.778287397988402,3,3,True
2018-09-04,3569,2018-09-03,0.6740864616438456,0.11282773322224117,0.7771522438141016,6,6,True
2018-09-06,3575,2018-09-04,0.6726691694268789,0.11256004073592817,0.7758893024579926,2,2,True
2018-09-07,3577,2018-09-06,0.6718956341807746,0.11204908705640063,0.7751677215607148,4,4,True
2018-09-10,3581,2018-09-07,0.6708946699232319,0.11207634655518896,0.7740768388220446,13,13,True
2018-09-11,3594,2018-09-10,0.6676156070931775,0.11221947489597296,0.7704072522726785,6,6,True
2018-09-12,3600,2018-09-11,0.6694776347358511,0.11229658678959091,0.7721936276450061,3,3,True
2018-09-13,3603,2018-09-12,0.6685062098112872,0.1123355146521565,0.7711374581777043,7,7,True
2018-09-14,3610,2018-09-13,0.6669523372071895,0.11241007649877477,0.7693696481618632,11,11,True
2018-09-18,3621,2018-09-14,0.6641830719308645,0.11248958001855383,0.7663480738665893,5,5,True
2018-09-19,3626,2018-09-18,0.6626819039746525,0.11251892821182358,0.7648165038036532,2,2,True
2018-09-21,3628,2018-09-19,0.6623148121411365,0.11252603256970614,0.764413131632339,1,1,True
2018-09-25,3629,2018-09-21,0.662142100275836,0.1125297707319119,0.7642203123467372,1,1,True
2018-09-26,3630,2018-09-25,0.6619908263124659,0.11253450573231506,0.7640390608238756,2,2,True
2018-09-27,3632,2018-09-26,0.6615879022541722,0.1125454375703429,0.7635851835683467,2,2,True
2018-09-28,3634,2018-09-27,0.6609187397301296,0.11257812317947341,0.7628541597070775,3,3,True
2018-10-01,3637,2018-09-28,0.6598741126837064,0.11260099760857994,0.7617576399714158,11,11,True
2018-10-02,3648,2018-10-01,0.6564557315748798,0.11281899289191438,0.7579826405031528,8,8,True
2018-10-03,3656,2018-10-02,0.6554011740094723,0.11284360220856472,0.756695729628294,4,4,True
2018-10-04,3660,2018-10-03,0.6545458336140536,0.1128609248789589,0.7557609824427505,7,7,True
2018-10-05,3667,2018-10-04,0.6388309807671047,0.1136450162006292,0.74059723520766,6,6,True
2018-10-09,3673,2018-10-05,0.642630442443301,0.11355676099149348,0.7441625684162084,18,18,True
2018-10-10,3691,2018-10-09,0.6408394870617661,0.11358337132925012,0.7417464081359125,15,15,True
2018-10-11,3706,2018-10-10,0.637753707063973,0.11364750535016417,0.7383569346731699,23,22,True
2018-10-12,3728,2018-10-11,0.635141130614743,0.11330898054297807,0.7358338501044988,22,22,True
2018-10-15,3750,2018-10-12,0.6393643368750952,0.11349505728418746,0.7400389101651644,30,30,True
2018-10-16,3780,2018-10-15,0.6433033365784356,0.11329828234372905,0.7432341144491056,9,9,True
2018-10-17,3789,2018-10-16,0.6417713244544263,0.11372535816905308,0.7413728354149777,1,1,True
2018-10-19,3790,2018-10-17,0.6415776894847937,0.11372999567014107,0.7411589349498653,1,1,True
2018-10-22,3791,2018-10-19,0.6413968781536517,0.11373671126657663,0.7409458445775053,4,4,True
2018-10-23,3795,2018-10-22,0.6402129880013584,0.11272368739224815,0.7396693605753474,1,1,True
2018-10-24,3796,2018-10-23,0.6399599836608594,0.1127256056694225,0.7394104933427919,7,7,True
2018-10-25,3803,2018-10-24,0.6388081877493904,0.11270736821998138,0.7382199831469315,17,17,True
2018-10-26,3820,2018-10-25,0.6324229392473887,0.11212142664628846,0.7323652109067226,45,45,True
2018-10-29,3865,2018-10-26,0.6311884135855347,0.11816540892996448,0.7416867274032131,59,59,True
2018-10-30,3924,2018-10-29,0.627250116423374,0.1211172457847817,0.7404306363886006,85,85,True
2018-10-31,4009,2018-10-30,0.627146667613033,0.12090763363867207,0.7391252889804021,153,153,True
2018-11-01,4162,2018-10-31,0.6110409478777026,0.11487418445750049,0.7204784318066408,185,185,True
2018-11-02,4347,2018-11-01,0.606289080429559,0.12055711191026058,0.7216678019852163,67,67,True
2018-11-05,4414,2018-11-02,0.5993374853225208,0.11996841913675972,0.7147966033494326,70,70,True
2018-11-06,4484,2018-11-05,0.5950217423818113,0.12035291263607667,0.7098272405270742,79,79,True
2018-11-07,4563,2018-11-06,0.5938057857449903,0.11858457865037944,0.710741710889314,109,109,True
2018-11-08,4672,2018-11-07,0.5762634914808449,0.12975920743503924,0.7053716890068384,124,123,True
2018-11-09,4795,2018-11-08,0.5721965528472617,0.1334263686125388,0.7038108391082816,161,159,True
2018-11-12,4954,2018-11-09,0.56708517180907,0.1372823352773483,0.7019879807207622,187,186,True
2018-11-13,5140,2018-11-12,0.565012009206028,0.14449631963185688,0.7089372685674239,73,72,True
2018-11-14,5212,2018-11-13,0.5607444298745398,0.14316250609357362,0.7006222314324745,80,80,True
2018-11-15,5292,2018-11-14,0.5656565508605782,0.14458265300023343,0.7066340410080252,53,51,True
2018-11-19,5343,2018-11-15,0.5510229163908456,0.14788322909988438,0.6942701045785973,2,2,True
2018-11-20,5345,2018-11-19,0.549936259251001,0.14795416954413754,0.6931179013576015,1,1,True
2018-11-27,5346,2018-11-20,0.5497983085280395,0.14796365113623589,0.6929181037703667,1,1,True
2018-11-28,5347,2018-11-27,0.549660086198259,0.1479654998648389,0.6927686032672046,2,2,True
2018-11-30,5349,2018-11-28,0.5494258489273447,0.1479727792943956,0.692479007758164,2,2,True
2018-12-03,5351,2018-11-30,0.5490635155921193,0.14797344451394587,0.6920933350797625,1,1,True
2018-12-04,5352,2018-12-03,0.5486546910439815,0.14807565104309361,0.6914657640779414,4,4,True
2018-12-05,5356,2018-12-04,0.548691780415067,0.1479844205288539,0.6909705477760432,1,1,True
2018-12-06,5357,2018-12-05,0.5485379872318317,0.1479886994779241,0.6907933517785126,1,1,True
2018-12-07,5358,2018-12-06,0.5483697287611153,0.1479926010589648,0.6906060231287041,1,1,True
2018-12-10,5359,2018-12-07,0.5483669470217472,0.14799266947888334,0.6905790762653672,14,14,True
2018-12-11,5373,2018-12-10,0.545155789938693,0.14795231104837786,0.6877415380260025,8,8,True
2018-12-12,5381,2018-12-11,0.5456425583497121,0.1479330543281856,0.6880184541295932,4,4,True
2018-12-13,5385,2018-12-12,0.5449421946789605,0.14762541617924219,0.6875450668814537,4,4,True
2018-12-14,5389,2018-12-13,0.5450810856337048,0.14761980911124034,0.6874975928366908,16,16,True
2018-12-17,5405,2018-12-14,0.5465682096409898,0.14758869262313076,0.6884608954634202,9,9,True
2018-12-18,5414,2018-12-17,0.5455847229799278,0.1488600926687327,0.6890833218528778,2,2,True
2018-12-19,5416,2018-12-18,0.5454028573922467,0.14886442051216406,0.6888574808874955,1,1,True
2018-12-20,5417,2018-12-19,0.5452933856572523,0.14886801048889417,0.6887192126769299,1,1,True
2018-12-21,5418,2018-12-20,0.5450344858799965,0.14887947852359126,0.6884273012048859,2,2,True
2018-12-26,5420,2018-12-21,0.5446149724991763,0.1489044438117954,0.6879378362249654,6,5,True
2018-12-27,5425,2018-12-26,0.5460154585336516,0.14883584434407635,0.6890971968671578,7,7,True
2018-12-28,5432,2018-12-27,0.5459041646844696,0.14883935440400636,0.6887637904348729,10,10,True
2019-01-04,5442,2018-12-28,0.5449417921982265,0.14898146413506427,0.6876289926861956,4,4,True
2019-01-07,5446,2019-01-04,0.5445184875559043,0.148951261326596,0.6873687422385867,2,2,True
2019-01-08,5448,2019-01-07,0.5442022073726078,0.1489623279763793,0.6869947022796358,10,10,True
2019-01-09,5458,2019-01-08,0.5435692097588065,0.1489799094658963,0.6860461130478042,9,8,True
2019-01-10,5466,2019-01-09,0.5425360140293383,0.14896992771627043,0.6850137007338089,18,18,True
2019-01-11,5484,2019-01-10,0.5410101438216006,0.1488556029863026,0.6830853124866972,30,30,True
2019-01-15,5514,2019-01-11,0.5388814117349578,0.14884132576013895,0.6803952213081917,47,47,True
2019-01-16,5561,2019-01-15,0.5386351854094744,0.1475088808502627,0.6810963452187014,14,14,True
2019-01-17,5575,2019-01-16,0.5375078235825677,0.1475479590668511,0.6796770180197903,2,2,True
2019-01-21,5577,2019-01-17,0.5372035741326455,0.14755994540440334,0.6793089207808989,1,1,True
2019-01-23,5578,2019-01-21,0.5371063291127596,0.14756187855658112,0.6791947098545121,1,1,True
2019-01-24,5579,2019-01-23,0.5370769373602091,0.1475623816474525,0.6791496408399755,3,3,True
2019-01-25,5582,2019-01-24,0.5368412005105051,0.14757003064142937,0.6788334517879,10,10,True
2019-01-28,5592,2019-01-25,0.5369883721904226,0.14755893812410528,0.6787909024844513,21,21,True
2019-01-29,5613,2019-01-28,0.5331804705619083,0.14771097017790324,0.6749837339975543,27,27,True
2019-01-30,5640,2019-01-29,0.5310412013671103,0.14770822975783013,0.6723937978835591,56,56,True
2019-01-31,5696,2019-01-30,0.524850484672606,0.14668160893490648,0.6651336919417977,158,158,True
2019-02-01,5854,2019-01-31,0.5160888386364411,0.1463301077871382,0.6548688174528565,212,212,True
2019-02-04,6066,2019-02-01,0.4952810649247495,0.14515876101668038,0.6311431942163714,82,82,True
2019-02-05,6148,2019-02-04,0.4905848883040064,0.14264561204037868,0.6240488388341707,88,88,True
2019-02-06,6236,2019-02-05,0.48413156834742777,0.14213362453259581,0.6167323996195352,87,87,True
2019-02-07,6323,2019-02-06,0.49171679976998295,0.140340842516934,0.6217182637171886,113,113,True
2019-02-08,6436,2019-02-07,0.48446747265416246,0.13754668615784768,0.6120298231776027,170,170,True
2019-02-12,6606,2019-02-08,0.49927022785222613,0.13669239027052668,0.623727168153112,211,211,True
2019-02-13,6817,2019-02-12,0.48027592995481583,0.1422033408641078,0.6064612218785346,111,110,True
2019-02-14,6927,2019-02-13,0.47434088496870686,0.1422503151111234,0.5980050391596909,120,118,True
2019-02-15,7045,2019-02-14,0.4597576881100509,0.14313403735552074,0.5837568109623263,88,87,True
2019-02-18,7132,2019-02-15,0.4509182777816603,0.14173962387617453,0.5745062237205323,7,7,True
2019-02-27,7139,2019-02-18,0.4502844860760187,0.14186296849454666,0.5736893035650733,1,1,True
2019-03-01,7140,2019-02-27,0.45038659988206214,0.1418598805061451,0.5737678780789799,4,4,True
2019-03-04,7144,2019-03-01,0.4501099814554477,0.14186466047220303,0.5733917211475311,5,5,True
2019-03-05,7149,2019-03-04,0.45075573930123897,0.14172586815114796,0.574473117005523,4,4,True
2019-03-06,7153,2019-03-05,0.4507262944456685,0.1417226664204312,0.5743759421837449,3,3,True
2019-03-07,7156,2019-03-06,0.45044776952925436,0.14172136311736208,0.5741081443865572,3,3,True
2019-03-08,7159,2019-03-07,0.45031515399722644,0.14172537584697031,0.5739343727599804,2,2,True
2019-03-11,7161,2019-03-08,0.4501600158384741,0.14172803985058394,0.5737558951678602,9,9,True
2019-03-12,7170,2019-03-11,0.44908774250484107,0.1417549894473513,0.5725974705649134,8,8,True
2019-03-13,7178,2019-03-12,0.4477007014028691,0.14176608719548747,0.5711967711462693,7,7,True
2019-03-14,7185,2019-03-13,0.44742357235914376,0.14179098728344475,0.5708561051567167,8,8,True
2019-03-15,7193,2019-03-14,0.44703718213378063,0.14177212999153654,0.5704668833189656,11,11,True
2019-03-18,7204,2019-03-15,0.44617392991568094,0.14181511687942328,0.569411709336476,7,7,True
2019-03-19,7211,2019-03-18,0.4459613168299421,0.14189682751135665,0.5692985103709967,1,1,True
2019-03-22,7212,2019-03-19,0.4458877637088397,0.14189839697104653,0.5692119322099829,1,1,True
2019-03-25,7213,2019-03-22,0.4458596359286392,0.1418990146362924,0.569169528810324,1,1,True
2019-03-26,7214,2019-03-25,0.4458010383415897,0.14190045471554755,0.5690955712117916,1,1,True
2019-03-28,7215,2019-03-26,0.4457331288461208,0.14190276110136238,0.5690065224985509,1,1,True
2019-03-29,7216,2019-03-28,0.4457249468893051,0.1419027962501189,0.5689955202425677,3,3,True
2019-04-01,7219,2019-03-29,0.4452049923739989,0.1419379323619254,0.568427781332325,6,6,True
2019-04-02,7225,2019-04-01,0.4464951018322334,0.140590520623707,0.5672666423782473,8,8,True
2019-04-03,7233,2019-04-02,0.44663505977632123,0.14059685746311337,0.5672459705126425,4,4,True
2019-04-04,7237,2019-04-03,0.4450296175583718,0.14069540381897538,0.5656444307003943,4,4,True
2019-04-05,7241,2019-04-04,0.4449128452459047,0.14069449919663074,0.5653636865886253,10,10,True
2019-04-08,7251,2019-04-05,0.4446796995700615,0.14066166249210416,0.5650889611610731,11,11,True
2019-04-09,7262,2019-04-08,0.44407545153299105,0.14060428516473142,0.5643856794144885,9,9,True
2019-04-10,7271,2019-04-09,0.4433796483560023,0.14060401562432906,0.5636968744634611,9,9,True
2019-04-11,7280,2019-04-10,0.4431637252821197,0.14059489755302268,0.5633985796098627,28,27,True
2019-04-12,7307,2019-04-11,0.4333451101568683,0.14341564328411027,0.5550606761726902,16,16,True
2019-04-15,7323,2019-04-12,0.4243835215829559,0.14467065570121893,0.5467029374519478,42,42,True
2019-04-16,7365,2019-04-15,0.41736991077851515,0.1465342094452965,0.5407946936708837,7,7,True
2019-04-17,7372,2019-04-16,0.4173851465260675,0.14591367035979344,0.5411797170232067,1,1,True
2019-04-18,7373,2019-04-17,0.41728634109093965,0.1459158964734032,0.541067368235944,1,1,True
2019-04-22,7374,2019-04-18,0.4172461185049832,0.14591744962301495,0.5410016487139299,4,3,True
2019-04-23,7377,2019-04-22,0.4167787155813226,0.14593396616210438,0.5405034703371296,4,4,True
2019-04-24,7381,2019-04-23,0.4163536872085579,0.1459268942006051,0.5400918442799771,17,17,True
2019-04-25,7398,2019-04-24,0.4157074906805983,0.1459528808460095,0.539157760391434,45,45,True
2019-04-26,7443,2019-04-25,0.4167345038358375,0.14609131310334783,0.5396782783133582,137,136,True
2019-05-07,7579,2019-04-26,0.40678461560142853,0.15397945059192256,0.5363525662367111,120,119,True
2019-05-08,7698,2019-05-07,0.4044669149374639,0.1513471475211932,0.5338745578958087,46,46,True
2019-05-09,7744,2019-05-08,0.40177159201620144,0.15139305172599354,0.5308239625950585,133,132,True
2019-05-10,7876,2019-05-09,0.395174303120723,0.1523046037110783,0.5229612873834947,213,212,True
2019-05-13,8088,2019-05-10,0.38799475883405604,0.15344619100098708,0.5146774043722511,288,286,True
2019-05-14,8374,2019-05-13,0.37456750541164496,0.1547633191542513,0.5008988590474696,206,205,True
2019-05-15,8579,2019-05-14,0.37813132268657335,0.15402896299283608,0.5037811303265158,222,220,True
2019-05-16,8799,2019-05-15,0.3819003822500734,0.15446925305329337,0.5052746948362532,133,133,True
2019-05-17,8932,2019-05-16,0.37949995453949387,0.1569239889943607,0.4986036903510866,13,12,True
2019-05-20,8944,2019-05-17,0.37926466641450396,0.15696942382228077,0.49831856659612905,7,7,True
2019-05-21,8951,2019-05-20,0.37973986289227274,0.15694152367272313,0.4986795464581073,1,1,True
2019-05-28,8952,2019-05-21,0.3795711681091651,0.15695228564376815,0.49848005592336564,2,2,True
2019-05-30,8954,2019-05-28,0.378977595998514,0.15699809933627548,0.4978688780275345,2,2,True
2019-05-31,8956,2019-05-30,0.3790726759029389,0.15697381206532496,0.49797218966287526,3,3,True
2019-06-03,8959,2019-05-31,0.3788869044747197,0.15696281639776444,0.4978332075920362,2,2,True
2019-06-04,8961,2019-06-03,0.378674016352458,0.15698009534926213,0.497578346597694,2,2,True
2019-06-05,8963,2019-06-04,0.37859936048161613,0.1569785269480832,0.49752411522155016,4,4,True
2019-06-06,8967,2019-06-05,0.3783266483206436,0.15698194440103225,0.4972057456271596,3,3,True
2019-06-07,8970,2019-06-06,0.38128093646100425,0.15730362530932485,0.5004406081795165,1,1,True
2019-06-10,8971,2019-06-07,0.3812787583051957,0.1573035129791824,0.5004671321350267,18,18,True
2019-06-11,8989,2019-06-10,0.38041154858278237,0.155929305194896,0.4990163236919489,4,4,True
2019-06-12,8993,2019-06-11,0.37997259257387295,0.15589778133973117,0.49865504851744796,6,6,True
2019-06-13,8999,2019-06-12,0.3793355471449827,0.15590510898252594,0.49797217181985887,7,7,True
2019-06-14,9006,2019-06-13,0.3790019135763118,0.15585005747118236,0.4976798195468818,8,8,True
2019-06-17,9014,2019-06-14,0.3787348689250341,0.155851097480176,0.49741854748042497,8,8,True
2019-06-18,9022,2019-06-17,0.37803048205593104,0.15582112893227187,0.4968263896202249,3,3,True
2019-06-19,9025,2019-06-18,0.3778291300803831,0.15581474951018384,0.4966385699157589,1,1,True
2019-06-25,9026,2019-06-19,0.3777097767459328,0.15581911885463642,0.49650095308085085,3,3,True
2019-06-26,9029,2019-06-25,0.37749922883065473,0.15580819918775735,0.49634594970007523,4,4,True
2019-06-27,9033,2019-06-26,0.37766346385303556,0.15581080341071363,0.4965453744300184,2,2,True
2019-06-28,9035,2019-06-27,0.37735656460488143,0.15581648826289596,0.49621626176530004,5,5,True
2019-07-01,9040,2019-06-28,0.3769731651209334,0.15581879226479423,0.4958050388994755,13,13,True
2019-07-02,9053,2019-07-01,0.3776381120283554,0.15590247941250668,0.49661707130470434,4,4,True
2019-07-03,9057,2019-07-02,0.3774485914866611,0.15590637033456278,0.4963903492832158,1,1,True
2019-07-04,9058,2019-07-03,0.37740457013418777,0.1559041809585317,0.49637196440242676,4,4,True
2019-07-05,9062,2019-07-04,0.3756766142531948,0.15606638567484551,0.4947542768085415,16,16,True
2019-07-08,9078,2019-07-05,0.3749346911342238,0.15600668371908222,0.4941048448282567,22,22,True
2019-07-09,9100,2019-07-08,0.37338085790142195,0.1560357434658435,0.49237704828982265,3,3,True
2019-07-10,9103,2019-07-09,0.3731194909160111,0.1560479790441808,0.4920566536222495,13,13,True
2019-07-11,9116,2019-07-10,0.3732201542055923,0.1560918930622902,0.4924567865160943,19,19,True
2019-07-12,9135,2019-07-11,0.36817188899192455,0.1560580546223833,0.48732236519336525,22,22,True
2019-07-16,9157,2019-07-12,0.36698732024507313,0.1557135414380455,0.486114039829835,37,37,True
2019-07-17,9194,2019-07-16,0.36823035217404165,0.1544008631744488,0.48715349633368443,3,3,True
2019-07-22,9197,2019-07-17,0.3676118318247857,0.1544091450778263,0.4865037272829457,4,4,True
2019-07-23,9201,2019-07-22,0.36735511190746983,0.15440742006395772,0.48627141214789293,3,3,True
2019-07-24,9204,2019-07-23,0.36722555632820075,0.15441172375953044,0.4860983440640963,10,9,True
2019-07-25,9213,2019-07-24,0.36693918592748437,0.15441009438387088,0.48570368174483947,19,19,True
2019-07-26,9232,2019-07-25,0.36979166909813743,0.15422922587663293,0.48826113663421483,47,47,True
2019-07-29,9279,2019-07-26,0.3726871805178389,0.15385268917863812,0.49054927888749666,60,59,True
2019-07-30,9338,2019-07-29,0.3724369617468458,0.15362144897649505,0.4898755321599695,90,90,True
2019-07-31,9428,2019-07-30,0.3670494521979525,0.15372646371855195,0.48381518570292303,158,157,True
2019-08-01,9585,2019-07-31,0.3531946378065453,0.1546373993234824,0.4714052377985263,211,208,True
2019-08-02,9793,2019-08-01,0.3499035777416578,0.1550583577898692,0.4676544755463929,81,81,True
2019-08-05,9874,2019-08-02,0.33877506492794796,0.15497335154660932,0.4561438850268524,111,111,True
2019-08-06,9985,2019-08-05,0.337628270031425,0.15408160230052842,0.4546962973600968,76,74,True
2019-08-07,10059,2019-08-06,0.3393796359060722,0.1538349779100179,0.45581843473887595,115,115,True
2019-08-08,10174,2019-08-07,0.3323206249565096,0.15461513224560972,0.44912633870942287,153,152,True
2019-08-09,10326,2019-08-08,0.33937445628332763,0.15410189193400045,0.45554479603501613,191,190,True
2019-08-13,10516,2019-08-09,0.337056410267053,0.15444315621013924,0.4533449709983382,213,212,True
2019-08-14,10728,2019-08-13,0.3266816234563185,0.1512474134228073,0.440116918028081,35,35,True
2019-08-15,10763,2019-08-14,0.33328499678034385,0.15117018493464593,0.44682308504952845,25,25,True
2019-08-19,10788,2019-08-15,0.3315221551230683,0.15120676077798254,0.4453754043524296,1,1,True
2019-08-28,10789,2019-08-19,0.33142812318723225,0.15121144365080383,0.44526226497666793,1,1,True
2019-08-29,10790,2019-08-28,0.33131929136232263,0.15119137022674667,0.44520914536461265,1,1,True
2019-08-30,10791,2019-08-29,0.33136278036569655,0.15118978912850387,0.4452350989907743,4,4,True
2019-09-02,10795,2019-08-30,0.33131410208550605,0.15119096203007662,0.4451564038134375,5,5,True
2019-09-03,10800,2019-09-02,0.3309111337329924,0.1511864994404314,0.4446819453803839,3,3,True
2019-09-04,10803,2019-09-03,0.33060121280611937,0.15119565994278855,0.4443407814904824,1,1,True
2019-09-05,10804,2019-09-04,0.33056184993526827,0.15119684839325928,0.4442888357297849,2,2,True
2019-09-06,10806,2019-09-05,0.3302709357696274,0.15121812696695017,0.4439836578043281,5,5,True
2019-09-09,10811,2019-09-06,0.33026781097910446,0.1511753461342854,0.44399785826398164,10,10,True
2019-09-10,10821,2019-09-09,0.3311786289676417,0.15113088186742152,0.44479626955073476,4,4,True
2019-09-11,10825,2019-09-10,0.3310850315715685,0.15113503146316673,0.444646915244415,5,5,True
2019-09-12,10830,2019-09-11,0.3328969648687514,0.15108690983283266,0.446352446453977,7,7,True
2019-09-13,10837,2019-09-12,0.3325584830339122,0.1511081071941948,0.44590774818702644,14,14,True
2019-09-17,10851,2019-09-13,0.33079523851865356,0.1512725896698657,0.444080732837654,11,11,True
2019-09-18,10862,2019-09-17,0.329466272834006,0.15133451151123334,0.44255988045245026,2,2,True
2019-09-25,10864,2019-09-18,0.32939979281283654,0.1513358901852926,0.44248033227364936,4,4,True
2019-09-26,10868,2019-09-25,0.32929368985424917,0.1513403557744461,0.4423183903973785,1,1,True
2019-09-27,10869,2019-09-26,0.3291676915922676,0.15134782851039133,0.44217118494627394,1,1,True
2019-09-30,10870,2019-09-27,0.3291380329609623,0.15134853269194395,0.44213161982334204,11,11,True
2019-10-01,10881,2019-09-30,0.3336915209495746,0.15050768197216255,0.44668584062657407,6,6,True
2019-10-02,10887,2019-10-01,0.3443811391866847,0.1500541750669152,0.4569865391464946,7,7,True
2019-10-03,10894,2019-10-02,0.3440025056015474,0.15006812553098955,0.4565188244353655,5,5,True
2019-10-04,10899,2019-10-03,0.3442322316138299,0.14843729376487647,0.45630276641971806,7,7,True
2019-10-07,10906,2019-10-04,0.3436323322476511,0.1484738782552732,0.4555902282177574,14,14,True
2019-10-08,10920,2019-10-07,0.34131740517423326,0.15038717741774016,0.4543276659769254,5,5,True
2019-10-09,10925,2019-10-08,0.34115519027531943,0.15039274231170788,0.45409758478321377,10,10,True
2019-10-10,10935,2019-10-09,0.34112982662628405,0.1503948857813485,0.4539434253861919,19,19,True
2019-10-11,10954,2019-10-10,0.3403173106804878,0.15036818255235979,0.4531191715740377,31,31,True
2019-10-15,10985,2019-10-11,0.341151845136171,0.14990030018358816,0.45380654800519826,32,32,True
2019-10-16,11017,2019-10-15,0.34067983306668737,0.14995832770145248,0.45301221035615075,17,17,True
2019-10-21,11034,2019-10-16,0.34056284974127277,0.149958201245443,0.4527062977112174,2,2,True
2019-10-23,11036,2019-10-21,0.3407213472504955,0.14995208339772562,0.45284148416603054,4,4,True
2019-10-24,11040,2019-10-23,0.34054862836437116,0.1499556866535838,0.45264102780003634,5,5,True
2019-10-25,11045,2019-10-24,0.3403702381555848,0.1499315830282151,0.4524973211060526,18,18,True
2019-10-28,11063,2019-10-25,0.34014527660889443,0.1496518310848637,0.4523997698486001,31,31,True
2019-10-29,11094,2019-10-28,0.3403232203804026,0.14919066814605428,0.4524441082879343,54,53,True
2019-10-30,11147,2019-10-29,0.34045364414464907,0.14745365150397505,0.4521616285851559,76,75,True
2019-10-31,11222,2019-10-30,0.33878910562679965,0.1476475318543835,0.4501456555791143,174,173,True
2019-11-01,11395,2019-10-31,0.34146838325532036,0.14657885869997772,0.4531022338442201,188,188,True
2019-11-05,11583,2019-11-01,0.32993690955343935,0.14550207426245387,0.44319803155299975,76,76,True
2019-11-06,11659,2019-11-05,0.33072355130441894,0.146031029995499,0.4442706702705073,104,103,True
2019-11-07,11762,2019-11-06,0.3264943296202195,0.1457777117580559,0.4400877815506456,122,122,True
2019-11-08,11884,2019-11-07,0.32369565497071373,0.14592593795802092,0.4364638994070881,180,178,True
2019-11-11,12062,2019-11-08,0.3268648860287994,0.14508408679113247,0.43915446468181807,218,216,True
2019-11-12,12278,2019-11-11,0.32165008014121654,0.1487986680743564,0.4353807350781717,94,93,True
2019-11-13,12371,2019-11-12,0.3196499727695632,0.1555554196199089,0.43909931672406854,82,80,True
2019-11-14,12451,2019-11-13,0.32081517819682537,0.15545185856369964,0.4406412041449537,104,104,True
2019-11-15,12555,2019-11-14,0.3212417610213983,0.15445580028544892,0.44083383109684543,71,70,True
2019-11-19,12625,2019-11-15,0.30808030543839343,0.15697416808832632,0.429864381596053,3,3,True
2019-11-27,12628,2019-11-19,0.30846640481309645,0.1569591087259318,0.4301874721116961,1,1,True
2019-11-29,12629,2019-11-27,0.30844421793853183,0.15695960079998564,0.43015685997593056,1,1,True
2019-12-02,12630,2019-11-29,0.30843745085756435,0.15695980841861168,0.43013799060734126,4,3,True
2019-12-03,12633,2019-12-02,0.30862436288196354,0.15697415864480044,0.4303102843510426,2,2,True
2019-12-04,12635,2019-12-03,0.3085347404652329,0.15697617408210202,0.43020652366305356,1,1,True
2019-12-05,12636,2019-12-04,0.3085358601300977,0.15697614911933913,0.4301987788012145,2,2,True
2019-12-06,12638,2019-12-05,0.3085696301107992,0.15697354701139038,0.4301507208643206,3,3,True
2019-12-09,12641,2019-12-06,0.3084776243601472,0.15698161809145922,0.4300032006355851,13,13,True
2019-12-10,12654,2019-12-09,0.3086006582662648,0.1569920020872172,0.43011043740609095,5,5,True
2019-12-11,12659,2019-12-10,0.306210429463545,0.15709906987185376,0.42776596125075195,5,5,True
2019-12-12,12664,2019-12-11,0.30623374551873495,0.15691802508035815,0.42797327529268325,5,5,True
2019-12-13,12669,2019-12-12,0.3063323241465552,0.15692148450121254,0.4280505594524657,13,13,True
2019-12-16,12682,2019-12-13,0.30007928247187043,0.15627606194102736,0.42199357115035663,19,18,True
2019-12-17,12700,2019-12-16,0.29968564099318806,0.15618182859213944,0.4216948675762371,2,2,True
2019-12-18,12702,2019-12-17,0.29961737605609806,0.15618203576304115,0.4216210402923169,3,3,True
2019-12-19,12705,2019-12-18,0.29959912440957215,0.15617544369207112,0.4216052993773965,1,1,True
2019-12-23,12706,2019-12-19,0.29802451440274835,0.1564354102267674,0.4201598366240656,1,1,True
2019-12-24,12707,2019-12-23,0.29800810668443556,0.15643574833144294,0.42013552341781696,1,1,True
2019-12-25,12708,2019-12-24,0.2980688247072539,0.1564353620107312,0.4201934459940008,4,4,True
2019-12-26,12712,2019-12-25,0.298193183206082,0.15643388766430832,0.4202613001106324,2,2,True
2019-12-27,12714,2019-12-26,0.29812361689748745,0.1564201455844708,0.4202487895897057,13,13,True
2019-12-30,12727,2019-12-27,0.29804018064583604,0.15642399107107804,0.4201103221421162,6,6,True
2020-01-06,12733,2019-12-30,0.29814179932759205,0.1564176105197953,0.42015270034244995,1,1,True
2020-01-07,12734,2020-01-06,0.2980704386840113,0.1564208756527083,0.4200654545649337,7,7,True
2020-01-08,12741,2020-01-07,0.2976137765566775,0.1554484047106616,0.41960793577032635,7,7,True
2020-01-09,12748,2020-01-08,0.2975463068891304,0.15544237585742657,0.41952839464415026,10,10,True
2020-01-10,12758,2020-01-09,0.29757133091938515,0.15543375548963323,0.41952159964343394,23,23,True
2020-01-14,12781,2020-01-10,0.29816688997064145,0.15550539639756766,0.4203432841264215,55,54,True
2020-01-15,12835,2020-01-14,0.29772129031309325,0.15520800928676895,0.4191113137551394,34,34,True
2020-01-16,12869,2020-01-15,0.30094296980877355,0.1550998910237808,0.42189438068838436,4,4,True
2020-01-17,12873,2020-01-16,0.30084740326619375,0.15510279748904438,0.421755077988047,1,1,True
2020-01-22,12874,2020-01-17,0.30084307156421647,0.15510295795745055,0.42173635609680904,1,1,True
2020-01-23,12875,2020-01-22,0.30086152433350716,0.1551029432452278,0.4217544938776128,1,1,True
2020-01-24,12876,2020-01-23,0.30079625816846106,0.1551054329698484,0.42167621234747527,5,5,True
2020-01-27,12881,2020-01-24,0.30076720000513646,0.1551257745871937,0.4216858821608515,9,9,True
2020-01-28,12890,2020-01-27,0.30046758969043297,0.15513900781654413,0.42130341189969317,19,19,True
2020-01-29,12909,2020-01-28,0.3071391375634336,0.15488558608280062,0.427609933920617,24,24,True
2020-01-30,12933,2020-01-29,0.3065894723581999,0.15489306176838882,0.4268435904078502,71,70,True
2020-01-31,13003,2020-01-30,0.30665224894313703,0.15497947247702912,0.4276069624662617,177,176,True
2020-02-03,13179,2020-01-31,0.3056260816351596,0.15496587988079485,0.4254132511924139,192,192,True
2020-02-04,13371,2020-02-03,0.30367019738231266,0.1545070973033965,0.42234070382306177,81,81,True
2020-02-05,13452,2020-02-04,0.30659868470360596,0.1542088142044636,0.4252899279280105,79,79,True
2020-02-06,13531,2020-02-05,0.30528294956472063,0.15397599206885448,0.4238937804075306,112,112,True
2020-02-07,13643,2020-02-06,0.3031020820532328,0.15623082031136995,0.422429564057777,157,156,True
2020-02-10,13799,2020-02-07,0.3007876883387813,0.1527154394995124,0.4180620145199944,213,213,True
2020-02-12,14012,2020-02-10,0.2956547594303789,0.15231121744392637,0.41204370943350416,76,75,True
2020-02-13,14087,2020-02-12,0.2933768290160412,0.15236069557544638,0.40965335114784585,127,125,True
2020-02-14,14212,2020-02-13,0.29385029844971816,0.153534150055374,0.41016447392884764,151,151,True
2020-02-17,14363,2020-02-14,0.29370936786233875,0.15119963251372234,0.4071750289344561,111,111,True
2020-02-18,14474,2020-02-17,0.29211665320870334,0.15128788865934678,0.40485198213150175,2,2,True
2020-02-19,14476,2020-02-18,0.2920852084809923,0.15128849616880397,0.4048071186461456,1,1,True
2020-02-28,14477,2020-02-19,0.2920521214862538,0.15128964572907047,0.4047634181002884,2,2,True
2020-03-03,14479,2020-02-28,0.2919307537723963,0.15129561002393072,0.40461592907280236,3,3,True
2020-03-04,14482,2020-03-03,0.29189185787884575,0.1512942355590124,0.4045581987809302,2,2,True
2020-03-05,14484,2020-03-04,0.2918305111787822,0.15129550714125103,0.4044843810303,4,4,True
2020-03-06,14488,2020-03-05,0.2912423845230644,0.15133330504365552,0.40385282058194916,3,3,True
2020-03-09,14491,2020-03-06,0.29118773263585634,0.1513367448916276,0.40375592292259777,12,12,True
2020-03-10,14503,2020-03-09,0.2970876563939183,0.1512960133952888,0.4095859388687216,4,4,True
2020-03-11,14507,2020-03-10,0.29704255969437654,0.151299475378667,0.40949648943342226,4,4,True
2020-03-12,14511,2020-03-11,0.29729123789097894,0.1500024048524559,0.4093709162286619,4,4,True
2020-03-13,14515,2020-03-12,0.2974237992037142,0.1499988036473217,0.40945626821885917,16,16,True
2020-03-16,14531,2020-03-13,0.2954094066382233,0.15029986611477972,0.40752073362352287,14,14,True
2020-03-17,14545,2020-03-16,0.296888438009385,0.14958112481223604,0.4077333689095081,7,7,True
2020-03-18,14552,2020-03-17,0.2965979250565388,0.1495700895277237,0.40746767370857434,3,3,True
2020-03-24,14555,2020-03-18,0.29663443926867145,0.1495701716376258,0.4074905527650655,2,2,True
2020-03-27,14557,2020-03-24,0.2965793690145895,0.14957217791503918,0.40741624648445657,2,2,True
2020-03-30,14559,2020-03-27,0.2962081449315516,0.14959479294515787,0.40706400441374,4,4,True
2020-03-31,14563,2020-03-30,0.29686508296229164,0.14957229118759577,0.40767426736348045,4,4,True
2020-04-01,14567,2020-03-31,0.29696539754944906,0.14957372084872506,0.4077382598846555,1,1,True
2020-04-02,14568,2020-04-01,0.2969874572146597,0.1495763286718336,0.4077968747138753,5,5,True
2020-04-03,14573,2020-04-02,0.2966978372762686,0.14958206486190695,0.4074555653679961,5,5,True
2020-04-06,14578,2020-04-03,0.2963726381175988,0.1495937708419459,0.40712196699323855,11,11,True
2020-04-07,14589,2020-04-06,0.2960425809608447,0.14960366911392103,0.40667098922962736,5,5,True
2020-04-08,14594,2020-04-07,0.2959793147221613,0.1496055538273284,0.4066020364364483,6,6,True
2020-04-09,14600,2020-04-08,0.29596987884833725,0.14962508671918992,0.4066455589580028,9,9,True
2020-04-10,14609,2020-04-09,0.29605290717770505,0.14956152699080796,0.40647319852628333,14,14,True
2020-04-13,14623,2020-04-10,0.2943699604000919,0.14968022050205212,0.40482421112186523,45,44,True
2020-04-14,14667,2020-04-13,0.29441001532451716,0.14919538160393614,0.4035099808730097,20,20,True
2020-04-15,14687,2020-04-14,0.2938318626581572,0.14920664590257937,0.4027831477512249,32,32,True
2020-04-16,14719,2020-04-15,0.29289357337991084,0.14919643007128114,0.4015487966979615,4,4,True
2020-04-17,14723,2020-04-16,0.2925899701857869,0.14921668379791264,0.4011948466277629,1,1,True
2020-04-20,14724,2020-04-17,0.29236177872519314,0.14923592211697537,0.4009524441706911,1,1,True
2020-04-21,14725,2020-04-20,0.2922990352549524,0.14923711485276778,0.40088451433063477,1,1,True
2020-04-22,14726,2020-04-21,0.2923394238036008,0.14921837231186763,0.4006912749091266,3,3,True
2020-04-23,14729,2020-04-22,0.29200419786704523,0.14918107813303005,0.4003964816320247,7,7,True
2020-04-24,14736,2020-04-23,0.29317648814324326,0.14920014862318906,0.40156112766852187,13,13,True
2020-04-27,14749,2020-04-24,0.2942161617315886,0.1490564528370532,0.40264043243351655,24,24,True
2020-04-28,14773,2020-04-27,0.29388810410851074,0.1490362776319155,0.4022243112495576,59,59,True
2020-04-30,14832,2020-04-28,0.2916229503008121,0.1491154443833703,0.39978493911783586,83,82,True
2020-05-01,14914,2020-04-30,0.2874396939832712,0.1493641510968379,0.395300727749791,68,67,True
2020-05-07,14981,2020-05-01,0.2868001815112902,0.14979143063407363,0.3948379102065435,21,21,True
2020-05-08,15002,2020-05-07,0.28379018624355157,0.1489626732350785,0.39181170561048717,56,55,True
2020-05-11,15057,2020-05-08,0.28174036893270166,0.14895597357830423,0.38886090928744316,128,128,True
2020-05-12,15185,2020-05-11,0.26562736602155584,0.15061478056063976,0.37292741758575104,137,136,True
2020-05-13,15321,2020-05-12,0.2592977342737565,0.14822712775875832,0.3639011529543476,158,156,True
2020-05-14,15477,2020-05-13,0.2542185887391063,0.14869726042772574,0.35794794627681403,168,167,True
2020-05-15,15644,2020-05-14,0.2465005800978553,0.14990851907577246,0.34995703969116126,206,205,True
2020-05-18,15849,2020-05-15,0.2400044400559475,0.15027271590508923,0.3424211263669025,162,161,True
2020-05-19,16010,2020-05-18,0.2279302759937338,0.1514846458089101,0.32972883764394745,27,27,True
2020-05-20,16037,2020-05-19,0.21892755784195306,0.15398351635155705,0.3218643163740123,40,39,True
2020-05-21,16076,2020-05-20,0.2173065412727416,0.153488066349122,0.3190399211453604,37,36,True
2020-05-22,16112,2020-05-21,0.2163513073123776,0.15357012019560848,0.3178561960405749,38,38,True
2020-05-25,16150,2020-05-22,0.21321093431152285,0.15424575302424068,0.31417557438173466,39,38,True
2020-05-26,16188,2020-05-25,0.21163801335974805,0.15392915221967973,0.3114358516245936,22,22,True
2020-05-27,16210,2020-05-26,0.2098145203147869,0.15411698675729724,0.30924332543349464,24,23,True
2020-05-28,16233,2020-05-27,0.20671280974736989,0.1549657657460111,0.305981134352105,24,22,True
2020-05-29,16255,2020-05-28,0.20581636645856594,0.1552663326669319,0.3046681324208805,25,24,True
2020-06-01,16279,2020-05-29,0.2040653336997327,0.15576827535384838,0.3026153095126663,24,23,True
2020-06-03,16302,2020-06-01,0.198881050098432,0.15169230439768938,0.29617991216270584,1,1,True
2020-06-04,16303,2020-06-03,0.19882050734816087,0.15169480716184713,0.2961080867712873,3,3,True
2020-06-05,16306,2020-06-04,0.1986951705871392,0.15160005526074932,0.29616223355684423,7,7,True
2020-06-08,16313,2020-06-05,0.19860746027548706,0.151636071997938,0.29611976952742464,7,6,True
2020-06-09,16319,2020-06-08,0.19814454963581868,0.1516686306472131,0.29562257979385126,5,5,True
2020-06-10,16324,2020-06-09,0.19798748432438842,0.15167921385460487,0.2953351119552002,5,5,True
2020-06-11,16329,2020-06-10,0.1977765710640576,0.15171290466756487,0.2951311518016194,6,6,True
2020-06-12,16335,2020-06-11,0.1967823496521438,0.15209295425379676,0.2941461672545708,11,11,True
2020-06-15,16346,2020-06-12,0.19609591254208547,0.15195060769316063,0.2935109675842838,26,26,True
2020-06-16,16372,2020-06-15,0.19541784126924688,0.15206516889753302,0.2929108541407033,4,4,True
2020-06-17,16376,2020-06-16,0.1950478629128907,0.1520988293619262,0.29251045851551066,4,3,True
2020-06-18,16379,2020-06-17,0.19528809534739366,0.15202583453953708,0.29256178201949873,4,4,True
2020-06-19,16383,2020-06-18,0.19532411069464245,0.15199720523796445,0.29240263233596947,2,2,True
2020-06-22,16385,2020-06-19,0.19528342141880067,0.15199464892108283,0.292390605246849,7,7,True
2020-06-23,16392,2020-06-22,0.19444186061207433,0.15204420956133707,0.29146663161335473,1,1,True
2020-06-24,16393,2020-06-23,0.1944245440265907,0.15204475355566935,0.291439967827213,2,2,True
2020-06-25,16395,2020-06-24,0.19198562103868988,0.15420071834770793,0.28984731672069863,2,2,True
2020-06-26,16397,2020-06-25,0.19135023497544856,0.1542712454321364,0.28918128219411326,6,6,True
2020-06-29,16403,2020-06-26,0.18972622721025872,0.1543072523768327,0.28757278271007486,3,3,True
2020-06-30,16406,2020-06-29,0.19232990597496324,0.15432995642509104,0.2901562879288155,6,6,True
2020-07-01,16412,2020-06-30,0.19198822782938402,0.15435011390820183,0.28975972696535274,4,4,True
2020-07-02,16416,2020-07-01,0.19242123185007193,0.15434800417111677,0.2902163591359261,1,1,True
2020-07-03,16417,2020-07-02,0.1924225711106088,0.1543473626075463,0.29000541827658444,7,7,True
2020-07-06,16424,2020-07-03,0.19223825557368113,0.15435018596635217,0.28981145104749895,6,6,True
2020-07-07,16430,2020-07-06,0.19210148318945536,0.15435290216953443,0.28962626135322667,2,2,True
2020-07-08,16432,2020-07-07,0.19193519976255127,0.15436228116548234,0.28943292365489587,2,2,True
2020-07-09,16434,2020-07-08,0.19179878669010758,0.154353322813434,0.28932446554798796,3,3,True
2020-07-10,16437,2020-07-09,0.19204815185733168,0.15434870911191487,0.28960565923854975,8,8,True
2020-07-13,16445,2020-07-10,0.19169743328732772,0.15437695869628362,0.2891644283344463,18,17,True
2020-07-14,16462,2020-07-13,0.19142352397153717,0.15440350501628894,0.2887182237178876,11,11,True
2020-07-15,16473,2020-07-14,0.19115535920815124,0.1541341476351848,0.2885260859703944,6,6,True
2020-07-16,16479,2020-07-15,0.19073159165753434,0.1541785590056121,0.28803146950009795,11,11,True
2020-07-20,16490,2020-07-16,0.1891663459999964,0.1546439484431437,0.2863319525177347,1,1,True
2020-07-21,16491,2020-07-20,0.18910194387976348,0.1546467682875122,0.2862554966896367,2,2,True
2020-07-22,16493,2020-07-21,0.18899567332431483,0.15464406051455984,0.2861599435013939,9,9,True
2020-07-27,16502,2020-07-22,0.18860759092053309,0.15467106021859706,0.2857302271286442,19,19,True
2020-07-28,16521,2020-07-27,0.18729290300652507,0.15490321213292013,0.2843759695993762,31,31,True
2020-07-29,16552,2020-07-28,0.18500708020915244,0.1553590493070084,0.2820716660372382,40,40,True
2020-07-30,16592,2020-07-29,0.18150656949065275,0.1538714381581034,0.27823429424080454,78,76,True
2020-07-31,16668,2020-07-30,0.17543792238334932,0.15642889877814603,0.27307232535827713,173,173,True
2020-08-03,16841,2020-07-31,0.1718371927542437,0.15654542466075538,0.26873008953523936,217,213,True
2020-08-04,17054,2020-08-03,0.16515610971806935,0.15453498218745193,0.26188990672599777,71,71,True
2020-08-05,17125,2020-08-04,0.16480471574305688,0.15107074871690365,0.259836089125408,95,95,True
2020-08-06,17220,2020-08-05,0.16043698459113864,0.14809127389978594,0.253185096321525,105,102,True
2020-08-07,17322,2020-08-06,0.1584099783565877,0.14602373552774794,0.24897788233427917,240,238,True
2020-08-11,17560,2020-08-07,0.14957049847164722,0.14636653690272214,0.23894480814066482,253,253,True
2020-08-12,17813,2020-08-11,0.14209526857983684,0.14128470226514986,0.22845127739082377,91,91,True
2020-08-13,17904,2020-08-12,0.13579007185338432,0.1412213154459309,0.22180474397625707,81,80,True
2020-08-14,17984,2020-08-13,0.1367073184857429,0.14006025024872842,0.2224593521831337,57,55,True
2020-08-17,18039,2020-08-14,0.12693942054702245,0.14090060645638827,0.2118334504307562,49,49,True
2020-08-18,18088,2020-08-17,0.11941432634582455,0.14139713716204694,0.20425790282804032,2,2,True
2020-08-19,18090,2020-08-18,0.11932323372657115,0.1414051459142136,0.2040641356921465,1,1,True
2020-08-21,18091,2020-08-19,0.11926021627867686,0.14140782507494173,0.20399002886623682,2,2,True
2020-08-24,18093,2020-08-21,0.11653842197459166,0.14163544754334867,0.20137215816137885,1,1,True
2020-08-26,18094,2020-08-24,0.11646138806097522,0.14163500823210712,0.20129651710216376,1,1,True
2020-08-27,18095,2020-08-26,0.11638952841501357,0.14163434761267407,0.20122692542004655,2,2,True
2020-08-28,18097,2020-08-27,0.11629903105189004,0.14163579831636885,0.20112769648713286,4,4,True
2020-08-31,18101,2020-08-28,0.11590926121613455,0.14135574173971208,0.20067427342461003,1,1,True
2020-09-01,18102,2020-08-31,0.11595540350791357,0.14135301377198642,0.20070092982292942,8,8,True
2020-09-02,18110,2020-09-01,0.11485969855966995,0.14145789721075533,0.19955715716152325,2,2,True
2020-09-03,18112,2020-09-02,0.11478011389952823,0.14145794653463112,0.19947568888792164,2,2,True
2020-09-04,18114,2020-09-03,0.11479347996352006,0.14145796597929683,0.19947828450225577,2,2,True
2020-09-07,18116,2020-09-04,0.11472550881456398,0.1414575501681272,0.1994143540406744,9,9,True
2020-09-08,18125,2020-09-07,0.11428112130301964,0.14151941763131812,0.19885433362333457,4,4,True
2020-09-09,18129,2020-09-08,0.11435572482978436,0.14152664503980342,0.19893647297227607,2,2,True
2020-09-10,18131,2020-09-09,0.11450685114774153,0.14154055526600645,0.19911128937793923,3,3,True
2020-09-11,18134,2020-09-10,0.11455122808720497,0.14155149984094684,0.19915586689063003,16,16,True
2020-09-14,18150,2020-09-11,0.11406406804267928,0.1416394079575359,0.19867253243577632,15,14,True
2020-09-15,18164,2020-09-14,0.11549185399143487,0.14172879455354112,0.20020864520963313,12,12,True
2020-09-16,18176,2020-09-15,0.11624305617683381,0.14171117169131767,0.20094256997029789,2,2,True
2020-09-17,18178,2020-09-16,0.11590923434613759,0.1417224747379147,0.2006091200181143,2,2,True
2020-09-18,18180,2020-09-17,0.11614471469341409,0.14174217301345285,0.20087839837011845,1,1,True
2020-09-23,18181,2020-09-18,0.11616263555077415,0.1417418219889431,0.2008903682783382,1,1,True
2020-09-24,18182,2020-09-23,0.11606775182419891,0.14174343481874585,0.20079147480540005,1,1,True
2020-09-25,18183,2020-09-24,0.11471090653914671,0.1417438764356304,0.19943479920767768,1,1,True
2020-09-28,18184,2020-09-25,0.1147085360218934,0.14174393644583472,0.19942502119864344,3,3,True
2020-09-29,18187,2020-09-28,0.11392278880423476,0.1417897757034453,0.19862664822124,2,2,True
2020-09-30,18189,2020-09-29,0.11419061744916094,0.14177597993556068,0.19895955423447406,4,4,True
2020-10-02,18193,2020-09-30,0.11712526127977096,0.14176401404115446,0.20190173440627054,15,15,True
2020-10-05,18208,2020-10-02,0.11617477193490153,0.141917993619622,0.20115298281241395,8,7,True
2020-10-06,18215,2020-10-05,0.11634013707585246,0.1418944759812182,0.2013980061654197,5,5,True
2020-10-07,18220,2020-10-06,0.11634476078427548,0.14189287361740802,0.20138136298687526,1,1,True
2020-10-08,18221,2020-10-07,0.11635957441785122,0.14189253612607325,0.20138929944470937,1,1,True
2020-10-09,18222,2020-10-08,0.11629133448857032,0.14189545128507902,0.20131013802191297,4,4,True
2020-10-12,18226,2020-10-09,0.11631244481752152,0.14189508654713348,0.2013333930695936,11,11,True
2020-10-13,18237,2020-10-12,0.11659942702652407,0.14184179967701227,0.201412390912218,7,7,True
2020-10-14,18244,2020-10-13,0.11664060861732323,0.14183853298817928,0.2014307986198638,5,5,True
2020-10-15,18249,2020-10-14,0.11643355953778962,0.14183671898948877,0.2012198507316145,8,8,True
2020-10-16,18257,2020-10-15,0.11550627412119031,0.14183431677372402,0.20030007180473242,16,15,True
2020-10-21,18272,2020-10-16,0.11413832102256148,0.14188964027097972,0.19891674478981503,4,4,True
2020-10-22,18276,2020-10-21,0.11415214178639596,0.1418900301900412,0.19892871828818398,1,1,True
2020-10-23,18277,2020-10-22,0.11413791315924271,0.14189024752366833,0.19891018855423898,7,7,True
2020-10-26,18284,2020-10-23,0.11394595201484312,0.1418717165725415,0.1987733788496829,15,15,True
2020-10-27,18299,2020-10-26,0.11386384407827708,0.1418659676351187,0.19870427395824317,30,30,True
2020-10-28,18329,2020-10-27,0.1132643402231561,0.14176868287992217,0.19831966399578035,41,41,True
2020-10-29,18370,2020-10-28,0.11275881595172918,0.14174963609425997,0.19763461806506671,92,92,True
2020-10-30,18462,2020-10-29,0.11276790319708947,0.14094645147759793,0.1981058309716643,144,144,True
2020-11-02,18606,2020-10-30,0.10994945396678862,0.1401967192966163,0.19636193195935775,193,191,True
2020-11-04,18797,2020-11-02,0.1096301822382358,0.13982552076560603,0.19633921525647854,47,47,True
2020-11-05,18844,2020-11-04,0.11083651949673082,0.13951327800621185,0.19764539594359076,87,87,True
2020-11-06,18931,2020-11-05,0.10704740460298427,0.13948970548666662,0.19412388374972817,138,136,True
2020-11-09,19067,2020-11-06,0.10260801944608178,0.13963711858973196,0.18982369218113498,184,180,True
2020-11-10,19247,2020-11-09,0.09503866587652936,0.1396751989026541,0.18187945200456487,115,113,True
2020-11-11,19360,2020-11-10,0.0968977884259904,0.13921856726843562,0.18420634062622368,125,123,True
2020-11-12,19483,2020-11-11,0.0924757936368035,0.1387364579379879,0.18040766753517876,103,102,True
2020-11-13,19585,2020-11-12,0.08535050916318655,0.13875630095298347,0.17335180016291085,148,145,True
2020-11-16,19730,2020-11-13,0.0792066376804178,0.13935425658160275,0.16759734664263745,143,142,True
2020-11-17,19872,2020-11-16,0.07612008423556192,0.13748509593532462,0.16514858561693038,6,6,True
2020-11-19,19878,2020-11-17,0.07613944857549164,0.13747300997986656,0.1651221344873729,3,3,True
2020-11-27,19881,2020-11-19,0.07550139134899282,0.13750628286638,0.16446778722783545,2,2,True
2020-12-01,19883,2020-11-27,0.07547001553034519,0.13751171187519995,0.1644296984313618,2,2,True
2020-12-02,19885,2020-12-01,0.07549870506080061,0.13751113746702276,0.16444789577000332,2,2,True
2020-12-03,19887,2020-12-02,0.07547269725553145,0.13751205219166507,0.16444178391644984,3,3,True
2020-12-04,19890,2020-12-03,0.07535811985312278,0.1375109064830241,0.16434186470686593,1,1,True
2020-12-07,19891,2020-12-04,0.07533424976001651,0.13751060270207313,0.16432097239398813,7,7,True
2020-12-08,19898,2020-12-07,0.07529200204732082,0.13751651491165445,0.16427985251588234,3,3,True
2020-12-09,19901,2020-12-08,0.07522606538021968,0.13751743169752415,0.16420598260943475,3,3,True
2020-12-10,19904,2020-12-09,0.0751823708792991,0.13751883146762445,0.16414229025488086,6,6,True
2020-12-11,19910,2020-12-10,0.07614177310528934,0.13750850531448194,0.16507071026167938,9,9,True
2020-12-14,19919,2020-12-11,0.07657447621514799,0.13739473901230503,0.1655697571988809,17,16,True
2020-12-15,19935,2020-12-14,0.07664514814235023,0.13747436348626726,0.1655889390771154,9,9,True
2020-12-16,19944,2020-12-15,0.07574606672994888,0.1375314497503569,0.1646814397988316,13,13,True
2020-12-17,19957,2020-12-16,0.07479837522254368,0.13765179784688883,0.1636686710435394,2,2,True
2020-12-21,19959,2020-12-17,0.07440020747271099,0.1379157534964648,0.1631214066207423,1,1,True
2020-12-22,19960,2020-12-21,0.07445105009814185,0.13791270946940437,0.16315462846951864,2,2,True
2020-12-23,19962,2020-12-22,0.07476473402179613,0.1379111681482156,0.16346031966434144,1,1,True
2020-12-25,19963,2020-12-23,0.07476751589396338,0.13791114037665264,0.16346055721263303,2,2,True
2020-12-28,19965,2020-12-25,0.07440768701660558,0.13792009772747685,0.1630958413703264,9,9,True
2020-12-29,19974,2020-12-28,0.07386017206109241,0.1379439624816034,0.16252980507837395,2,2,True
2021-01-04,19976,2020-12-29,0.07401622623779922,0.1379408118207207,0.16267242212802777,1,1,True
2021-01-06,19977,2021-01-04,0.07384929778611207,0.13794714698775432,0.1624997948603989,2,2,True
2021-01-07,19979,2021-01-06,0.07448356238977243,0.1381761050093507,0.16334541289552115,3,3,True
2021-01-08,19982,2021-01-07,0.07449110922729504,0.1381752091485364,0.16334597993348443,9,9,True
2021-01-12,19991,2021-01-08,0.07509297567141504,0.13816042169239956,0.1639082357466304,4,4,True
2021-01-13,19995,2021-01-12,0.07488920132147193,0.1380876710054368,0.16383395915583743,13,13,True
2021-01-14,20008,2021-01-13,0.07502382410743731,0.13809681630775883,0.1639745025560782,13,13,True
2021-01-15,20021,2021-01-14,0.07506965562586546,0.1381140541030157,0.16388036541933682,22,21,True
2021-01-18,20042,2021-01-15,0.07512991225816185,0.13802040294085918,0.16403491345552954,4,4,True
2021-01-21,20046,2021-01-18,0.07487733840218815,0.13803557091398866,0.16375740142100192,1,1,True
2021-01-22,20047,2021-01-21,0.07504912954336722,0.1380320582841529,0.16392175013639962,1,1,True
2021-01-25,20048,2021-01-22,0.07506176540900127,0.13803178013815218,0.1639286245069253,4,4,True
2021-01-26,20052,2021-01-25,0.07505437921344216,0.13802570424882663,0.16392296195470105,12,12,True
2021-01-27,20064,2021-01-26,0.07527602412318536,0.13801900139316242,0.16414841672219307,17,17,True
2021-01-28,20081,2021-01-27,0.07686612016656387,0.13820030715514525,0.16597246419639028,59,59,True
2021-01-29,20140,2021-01-28,0.07844275353300909,0.13761617370368323,0.16752611103836987,137,136,True
2021-02-01,20276,2021-01-29,0.07881368664435053,0.13831337068344152,0.16867763807698588,200,199,True
2021-02-02,20475,2021-02-01,0.08563928717657365,0.13770068693826093,0.1763853606700788,52,52,True
2021-02-03,20527,2021-02-02,0.08958892117729716,0.13792880944194066,0.18071141201157076,76,76,True
2021-02-04,20603,2021-02-03,0.09087279628092843,0.13803011255112804,0.18224390127264636,62,60,True
2021-02-05,20663,2021-02-04,0.09141722670582121,0.13710413155052076,0.18263171987458263,117,116,True
2021-02-08,20779,2021-02-05,0.09478827107405982,0.13679289809325298,0.18690686937533071,170,170,True
2021-02-09,20949,2021-02-08,0.09385116311359926,0.1372433881698015,0.186940818611316,100,99,True
2021-02-10,21048,2021-02-09,0.09548010894424037,0.1360942237759151,0.18857873165275432,156,154,True
2021-02-12,21202,2021-02-10,0.09775849641110271,0.13426050220625377,0.1909472924696555,216,213,True
2021-02-15,21415,2021-02-12,0.10373646875444105,0.1340567461339902,0.19766652078777605,206,205,True
2021-02-16,21620,2021-02-15,0.10589962762537064,0.13573422946950336,0.2011362464344742,36,35,True
2021-02-17,21655,2021-02-16,0.09614733058342852,0.13653595539038615,0.19166494217827834,1,1,True
2021-02-18,21656,2021-02-17,0.09626154699843906,0.13653492265140968,0.19177632818590748,2,2,True
2021-02-19,21658,2021-02-18,0.09622965773825953,0.1365405991925734,0.191714388101462,2,2,True
2021-02-22,21660,2021-02-19,0.09616521427907175,0.1365408912933621,0.19167263142232846,2,2,True
2021-03-01,21662,2021-02-22,0.09601308312790638,0.136544261308547,0.19151242559731743,1,1,True
2021-03-02,21663,2021-03-01,0.09597245953623539,0.13654279365359023,0.1914789343399355,1,1,True
2021-03-03,21664,2021-03-02,0.09594712409190378,0.13654361854866112,0.19144646227334466,1,1,True
2021-03-04,21665,2021-03-03,0.09593188007755499,0.13654386816492364,0.19142755824372634,2,2,True
2021-03-05,21667,2021-03-04,0.09591647316490495,0.13654404997753344,0.19140703987919408,5,5,True
2021-03-08,21672,2021-03-05,0.09730406102903116,0.13658811974225532,0.19289406582523036,8,8,True
2021-03-09,21680,2021-03-08,0.09753841396584843,0.13651988206475058,0.19288192500077828,4,3,True
2021-03-10,21683,2021-03-09,0.0975112624561577,0.1365199758459091,0.19284168649096273,3,3,True
2021-03-11,21686,2021-03-10,0.09753580884374033,0.13652081394066184,0.1928719152124509,3,3,True
2021-03-12,21689,2021-03-11,0.09747273128590463,0.13653035926285348,0.192787346635906,9,9,True
2021-03-15,21698,2021-03-12,0.09745676886500965,0.13652830501658497,0.19281396505334186,18,18,True
2021-03-16,21716,2021-03-15,0.09798981214557623,0.13652615063765788,0.19337004278549608,17,17,True
2021-03-17,21733,2021-03-16,0.09984508390913818,0.13680324786027862,0.1954153804530989,5,5,True
2021-03-18,21738,2021-03-17,0.10054089497067877,0.13678160336213296,0.1960956840283248,5,4,True
2021-03-19,21742,2021-03-18,0.10113700499625247,0.13715384332277564,0.19706460292478511,1,1,True
2021-03-22,21743,2021-03-19,0.10113395196402249,0.13715387911815685,0.19705883919497716,1,1,True
2021-03-29,21744,2021-03-22,0.10113097059178229,0.13715394308114104,0.1970508624370479,3,3,True
2021-03-30,21747,2021-03-29,0.10094869269404742,0.13716037801115535,0.19685582075937877,2,2,True
2021-03-31,21749,2021-03-30,0.10101438967489357,0.1371622692956938,0.1969093145474279,4,4,True
2021-04-01,21753,2021-03-31,0.10101617180689314,0.13716357380027644,0.19687863706653055,3,3,True
2021-04-02,21756,2021-04-01,0.10091562270910963,0.13716363518858343,0.1967824278173463,3,3,True
2021-04-05,21759,2021-04-02,0.10073008296684272,0.13716622205653273,0.1965947647027694,7,7,True
2021-04-06,21766,2021-04-05,0.10071133088923356,0.1371608754911064,0.1965939564896479,12,12,True
2021-04-07,21778,2021-04-06,0.10253270564851814,0.13710286118355045,0.19839175987902619,1,1,True
2021-04-08,21779,2021-04-07,0.10250131531660871,0.13710063533553216,0.19837439322894398,3,3,True
2021-04-09,21782,2021-04-08,0.10249872204269064,0.13709877909615956,0.1983737810825401,8,8,True
2021-04-12,21790,2021-04-09,0.10283370145915374,0.13708490577897173,0.19871453710930725,8,8,True
2021-04-13,21798,2021-04-12,0.10282168293302599,0.13708455636744454,0.1986859096470546,10,10,True
2021-04-14,21808,2021-04-13,0.10417290326093955,0.13705373622661787,0.19998528847280203,11,11,True
2021-04-15,21819,2021-04-14,0.10678115202284368,0.1370234783043211,0.20252260519386212,10,10,True
2021-04-16,21829,2021-04-15,0.10630984115113101,0.13704960415276718,0.20196105114558097,2,2,True
2021-04-21,21831,2021-04-16,0.10625273210189705,0.13688042471523315,0.2019748285012835,3,3,True
2021-04-22,21834,2021-04-21,0.10656622850000769,0.13753474846370248,0.20290271383597583,1,1,True
2021-04-23,21835,2021-04-22,0.10656737412759577,0.13753474226185206,0.2029026012690552,10,10,True
2021-04-26,21845,2021-04-23,0.10675941638144774,0.13753429413156526,0.20306361851847565,11,11,True
2021-04-27,21856,2021-04-26,0.10785360018311409,0.1375139881287555,0.20410327622358512,37,37,True
2021-04-28,21893,2021-04-27,0.10827013721337522,0.1378391855383842,0.2044681322762996,92,89,True
2021-04-30,21982,2021-04-28,0.11219928816522053,0.1378837087430942,0.20835396491458538,104,102,True
2021-05-06,22084,2021-04-30,0.11517223488020098,0.13775110236718946,0.21069014204207603,66,65,True
2021-05-07,22149,2021-05-06,0.11773896438806337,0.1377045941595128,0.21277343731093315,52,52,True
2021-05-10,22201,2021-05-07,0.12139498770589975,0.13766720513834724,0.21620885230117895,105,104,True
2021-05-11,22305,2021-05-10,0.1277229757388658,0.1376128285079092,0.2217952885367836,130,129,True
2021-05-12,22434,2021-05-11,0.1310565564650359,0.136393972726354,0.22486701864944364,166,161,True
2021-05-13,22595,2021-05-12,0.13097359541249431,0.1372585863823748,0.22504862848433546,212,212,True
2021-05-14,22807,2021-05-13,0.1372187954123647,0.137499739243449,0.23073347923663404,316,307,True
2021-05-17,23114,2021-05-14,0.1570606443272725,0.1386530152990359,0.25063807318531245,308,303,True
2021-05-18,23417,2021-05-17,0.16667911506827765,0.13878675774928215,0.260044986415713,17,15,True
2021-05-19,23432,2021-05-18,0.16814453423601233,0.13880580224385994,0.26141992503157524,3,3,True
2021-05-20,23435,2021-05-19,0.16816601388211788,0.13880205306983923,0.26140300092668445,7,6,True
2021-05-21,23441,2021-05-20,0.16846764277335952,0.13878559807619212,0.26160901683896665,2,2,True
2021-05-25,23443,2021-05-21,0.16856822234407381,0.13878886361101594,0.261712878537922,1,1,True
2021-05-27,23444,2021-05-25,0.16863977104729147,0.1387892991138898,0.26178602055358025,1,1,True
2021-06-01,23445,2021-05-27,0.1689316741114024,0.13879331677480355,0.2620835467687664,2,2,True
2021-06-02,23447,2021-06-01,0.1689037203838272,0.13879261675598542,0.26205610222772746,3,3,True
2021-06-03,23450,2021-06-02,0.16909026536000837,0.13879805641679435,0.26226358504239766,1,1,True
2021-06-07,23451,2021-06-03,0.16909229516677216,0.13879805443792578,0.26226540425933864,8,8,True
2021-06-08,23459,2021-06-07,0.16985334530817014,0.13880648676733215,0.26301668952372687,6,6,True
2021-06-09,23465,2021-06-08,0.16997332717110314,0.13866194037652124,0.26284630903556033,1,1,True
2021-06-10,23466,2021-06-09,0.1700054117363589,0.13866148449072224,0.26287501455224155,5,5,True
2021-06-11,23471,2021-06-10,0.1700585167295131,0.1386521921633548,0.26295491563853535,11,11,True
2021-06-14,23482,2021-06-11,0.1708020567879253,0.13873371009571492,0.26375395155508247,19,19,True
2021-06-15,23501,2021-06-14,0.1720879979554934,0.13872071155285426,0.2650954510684931,15,15,True
2021-06-21,23516,2021-06-15,0.17253390498033538,0.13875956688747823,0.26557121227971237,1,1,True
2021-06-22,23517,2021-06-21,0.1725217061674566,0.13875865025719825,0.2655736802922596,1,1,True
2021-06-23,23518,2021-06-22,0.17251833478978046,0.13875870191757775,0.2655670365386092,2,2,True
2021-06-25,23520,2021-06-23,0.17241982278260598,0.1387659266542526,0.265449019444329,1,1,True
2021-06-28,23521,2021-06-25,0.17240841573338858,0.13876604954647184,0.26543537729354344,6,6,True
2021-06-29,23527,2021-06-28,0.17248208422142552,0.13877672942548222,0.2655133513814153,4,4,True
2021-06-30,23531,2021-06-29,0.17346240434711982,0.1386700061022749,0.26654493170919724,8,8,True
2021-07-01,23539,2021-06-30,0.17440898694580614,0.1376756547482465,0.2674337260526411,7,7,True
2021-07-02,23546,2021-07-01,0.17452085672888523,0.13767418757182528,0.26753440002501144,6,6,True
2021-07-05,23552,2021-07-02,0.17472304908310934,0.13767009796084081,0.2677160805165816,6,6,True
2021-07-06,23558,2021-07-05,0.17470885526143307,0.13767469001149882,0.2676679267557787,7,7,True
2021-07-07,23565,2021-07-06,0.17556188982739734,0.13776071607621215,0.2686675493914319,9,9,True
2021-07-08,23574,2021-07-07,0.1760735220697493,0.13782095649338136,0.26929033449509704,15,15,True
2021-07-09,23589,2021-07-08,0.1766647100265406,0.13781570143849903,0.26983687244610294,13,13,True
2021-07-12,23602,2021-07-09,0.17787504681021507,0.1377774731459804,0.27105273341894615,20,20,True
2021-07-13,23622,2021-07-12,0.1801323127754023,0.13774376352814027,0.2732701315369407,17,17,True
2021-07-14,23639,2021-07-13,0.18026149140257078,0.13774261360873793,0.2734152734469527,20,19,True
2021-07-15,23658,2021-07-14,0.18241867482571975,0.13770521883274123,0.2755703535905542,24,24,True
2021-07-16,23682,2021-07-15,0.1839986150158696,0.13720395015666703,0.2771223247839931,21,20,True
2021-07-20,23702,2021-07-16,0.18798105205744453,0.13714538694252607,0.2810159093461306,1,1,True
2021-07-21,23703,2021-07-20,0.18794285281548645,0.1371470811443311,0.28096921483988785,6,6,True
2021-07-26,23709,2021-07-21,0.18866380153296747,0.13703068263448517,0.2817045059914884,8,8,True
2021-07-27,23717,2021-07-26,0.18886286401102376,0.13703194487928175,0.28188023806034795,20,20,True
2021-07-28,23737,2021-07-27,0.189625392910932,0.13698261249937163,0.2826956981487892,32,32,True
2021-07-29,23769,2021-07-28,0.19061101742723335,0.13691502703974423,0.28372666797257035,73,73,True
2021-07-30,23842,2021-07-29,0.19684064513652974,0.13683089115060484,0.28977805865441975,155,154,True
2021-08-02,23996,2021-07-30,0.20613180383931418,0.13543486390838935,0.2987404739081436,243,241,True
2021-08-03,24237,2021-08-02,0.22616942939514312,0.135066609359934,0.31965824990994374,59,59,True
2021-08-04,24296,2021-08-03,0.23035268745151039,0.13482642513346577,0.3240313019109606,79,77,True
2021-08-05,24373,2021-08-04,0.2344626605806125,0.1340412534986675,0.32809773920664287,108,106,True
2021-08-06,24479,2021-08-05,0.2382436225333003,0.13409769191317691,0.3318634033614901,218,215,True
2021-08-10,24694,2021-08-06,0.25444428142080006,0.1337054123650458,0.3485245587203464,244,241,True
2021-08-11,24935,2021-08-10,0.26599367665494317,0.13363255610685443,0.36025270028136763,146,144,True
2021-08-12,25079,2021-08-11,0.2739087254231664,0.1340472668289706,0.3687833735351689,81,80,True
2021-08-13,25159,2021-08-12,0.283271295021502,0.13343160133866006,0.3779076252825672,92,91,True
2021-08-16,25250,2021-08-13,0.2954952848789214,0.1333988393092057,0.39023916342231607,75,75,True
2021-08-17,25325,2021-08-16,0.2964456077379648,0.13897274594286924,0.39456825635505105,10,10,True
2021-08-18,25335,2021-08-17,0.29721123500471547,0.13858582761418217,0.39564920493774747,1,1,True
2021-08-19,25336,2021-08-18,0.2971898314969633,0.1385864134155449,0.39562260529508825,1,1,True
2021-08-31,25337,2021-08-19,0.2981323189047018,0.13855509355366596,0.39653600620810747,1,1,True
2021-09-01,25338,2021-08-31,0.29810034151517933,0.13855028812629483,0.39652790645049507,3,3,True
2021-09-02,25341,2021-09-01,0.29809342744242373,0.1385503656715419,0.396509057616114,4,4,True
2021-09-03,25345,2021-09-02,0.2980654559372072,0.13855525352463977,0.3964749398287425,1,1,True
2021-09-06,25346,2021-09-03,0.29807782145955775,0.1385548940728372,0.39648108779352587,6,6,True
2021-09-07,25352,2021-09-06,0.29835623151647256,0.13855147882578334,0.396725150580653,7,7,True
2021-09-08,25359,2021-09-07,0.29841242312531646,0.1385498972328397,0.3968113479352554,1,1,True
2021-09-09,25360,2021-09-08,0.2983969735412171,0.13855041605724902,0.3967893638040084,4,4,True
2021-09-10,25364,2021-09-09,0.2983582197206685,0.13854814964555326,0.3967375210857976,8,8,True
2021-09-13,25372,2021-09-10,0.3005347116228965,0.13871534821755263,0.39898985543793175,17,17,True
2021-09-14,25389,2021-09-13,0.30061947004434153,0.13874528527739768,0.3989788680947259,8,8,True
2021-09-15,25397,2021-09-14,0.3005727121107051,0.1387471926576962,0.39888579104336935,14,14,True
2021-09-16,25411,2021-09-15,0.30175306579873157,0.13876735136428123,0.4001673094208493,1,1,True
2021-09-17,25412,2021-09-16,0.3017188704986641,0.13876646505380671,0.4001375828324398,1,1,True
2021-09-22,25413,2021-09-17,0.3016881600929691,0.13876581647892125,0.4001105793224563,3,3,True
2021-09-27,25416,2021-09-22,0.3017700391981134,0.13877427977031392,0.40020996061249103,2,2,True
2021-09-28,25418,2021-09-27,0.3017403952729091,0.1387747688541049,0.40017560693754445,1,1,True
2021-09-29,25419,2021-09-28,0.30170220152047833,0.13877632395169628,0.40013012320178204,4,4,True
2021-09-30,25423,2021-09-29,0.3015874716817317,0.13878059294944187,0.399992585805899,4,4,True
2021-10-01,25427,2021-09-30,0.3015317641017475,0.13878180917327612,0.39991894092238955,9,9,True
2021-10-04,25436,2021-10-01,0.30148661779625174,0.1387786030380653,0.3997904804385786,8,8,True
2021-10-05,25444,2021-10-04,0.30187833072177384,0.13879090296658161,0.40021735561036137,10,10,True
2021-10-06,25454,2021-10-05,0.30188628907941073,0.13878668888429377,0.4002208032406762,8,8,True
2021-10-07,25462,2021-10-06,0.3018857978342129,0.13878710812976144,0.40017134394865783,16,16,True
2021-10-08,25478,2021-10-07,0.30220284751443866,0.13877557956732228,0.4004249786489042,10,10,True
2021-10-11,25488,2021-10-08,0.30248496891310217,0.13843063139725928,0.4007089417924118,16,16,True
2021-10-12,25504,2021-10-11,0.3029482066687707,0.13818053240190734,0.40113257530187163,9,9,True
2021-10-13,25513,2021-10-12,0.30300778964801733,0.1381818821127711,0.4011547637890431,17,17,True
2021-10-14,25530,2021-10-13,0.3029642386894912,0.13817650846302457,0.40104494363790083,23,23,True
2021-10-15,25553,2021-10-14,0.3035296199038254,0.13738387784291495,0.4013490360396892,24,24,True
2021-10-18,25577,2021-10-15,0.30654596642722004,0.13730682361901678,0.40427498886436386,17,17,True
2021-10-21,25594,2021-10-18,0.3054705178226603,0.1376523360408457,0.40315919500692904,1,1,True
2021-10-22,25595,2021-10-21,0.30547042086851295,0.13765233885864495,0.4031532193417249,7,7,True
2021-10-25,25602,2021-10-22,0.3056272842015383,0.137461047505988,0.4033937487275399,7,7,True
2021-10-26,25609,2021-10-25,0.3067799110842969,0.1374667188442233,0.40454194074721583,16,16,True
2021-10-27,25625,2021-10-26,0.3070054099853852,0.13747940005092427,0.40474265365452794,32,31,True
2021-10-28,25656,2021-10-27,0.3077240615424704,0.1374694918346658,0.4053784777962869,66,66,True
2021-10-29,25722,2021-10-28,0.3096288499771862,0.13728744509073568,0.4071970819933125,156,156,True
2021-11-01,25878,2021-10-29,0.31465300024845155,0.13726895144582726,0.41208412338361106,196,196,True
2021-11-02,26074,2021-11-01,0.31877337772169667,0.13726942199222442,0.417114011546389,41,41,True
2021-11-04,26115,2021-11-02,0.32097965074963947,0.13752052277682808,0.41939915444625275,63,63,True
2021-11-05,26178,2021-11-04,0.32382200328147526,0.13734680653156797,0.4220015687105711,134,132,True
2021-11-08,26310,2021-11-05,0.32805131166203705,0.13724406767471123,0.4258074283794379,163,159,True
2021-11-09,26469,2021-11-08,0.33676316271680506,0.13708472577490036,0.4341404716134626,118,117,True
2021-11-10,26586,2021-11-09,0.34168598048802484,0.13785776578967351,0.43941290078087825,118,118,True
2021-11-11,26704,2021-11-10,0.34541315322542865,0.13849454970139025,0.4437877746600058,153,153,True
2021-11-12,26857,2021-11-11,0.3511909957316304,0.13885032762349653,0.4492239879102944,181,179,True
2021-11-15,27036,2021-11-12,0.3587102999874968,0.13872925975556563,0.45625536019896307,182,182,True
2021-11-16,27218,2021-11-15,0.3665398601542156,0.1399146101849707,0.46529173886163205,20,20,True
2021-11-19,27238,2021-11-16,0.3691160239578769,0.13992008765711444,0.46789033635763794,3,3,True
2021-11-26,27241,2021-11-19,0.37070978933307386,0.13986406609392033,0.46942854427919406,1,1,True
2021-11-29,27242,2021-11-26,0.3708607427507369,0.1398606803238698,0.46957290036140054,1,1,True
2021-12-01,27243,2021-11-29,0.3708321926198956,0.139860932039988,0.4695428900470525,2,2,True
