family,p,q,year,days,scored_days,sharpe,mean_daily_rank_ic,rank_ic_days,mean_spread,std_spread,mean_daily_target_mse
fixed_d1,1,1,2018,245,245,-0.016685378746223688,-0.0002003894569694163,245,-0.009738397327215296,0.5836485629323419,0.0005908059573416572
fixed_d1,1,1,2019,241,241,0.05190694550677595,0.002342948979297453,241,0.024893126845039346,0.47957217674828867,0.0004550976228649876
fixed_d1,1,1,2020,242,242,0.027638950794905272,0.0020095717424534853,241,0.023079796886747213,0.8350460572114606,0.0008432785721948088
fixed_d1,1,1,2021,225,225,0.050445470702103305,0.001330600606426163,225,0.031932765387740765,0.6330155104769265,0.00048047105103148535
fixed_d1,1,2,2018,245,245,-0.02150322048116008,0.00031942532328479983,245,-0.011598419130089454,0.5393805611699578,0.0005980085432859564
fixed_d1,1,2,2019,241,241,0.01496994041566956,0.0018151339036663315,241,0.007685080421405696,0.5133674689420576,0.0004572947625819183
fixed_d1,1,2,2020,242,242,0.027207640517245498,0.00299697972352723,241,0.02254519959051164,0.8286348673352039,0.0008463126156223863
fixed_d1,1,2,2021,225,225,-0.0035920076399461797,0.002737851982729044,225,-0.002121579019492939,0.5906387825847518,0.0004817731576524377
fixed_d1,1,3,2018,245,245,0.0076912123403752594,-0.00016819042186402833,245,0.004061826746342751,0.528112678026072,0.0006012607460186417
fixed_d1,1,3,2019,241,241,0.06485929890338564,0.004389248808181358,241,0.034433380746946796,0.5308935083963632,0.0004589847691078838
fixed_d1,1,3,2020,242,242,0.0598061104398791,0.0017390975074654921,241,0.051360685902996736,0.858786594300055,0.0008488590379192332
fixed_d1,1,3,2021,225,225,0.05748784605014051,0.0012513683881063497,225,0.03670658967669103,0.6385104365308066,0.0004825269517473938
fixed_d1,1,4,2018,245,245,0.01213802150277612,0.0005396738660272434,245,0.006766235629976808,0.5574413942527029,0.0006066325097285951
fixed_d1,1,4,2019,241,241,0.0350579308388396,0.003683126759328783,241,0.018170734793743877,0.5183059684062438,0.0004605796669126768
fixed_d1,1,4,2020,242,242,0.0778944431756721,0.0009942644168477322,241,0.06593368456413427,0.8464491416343626,0.000849933336004999
fixed_d1,1,4,2021,225,225,0.052472732611934005,-0.0011259261852253147,225,0.03261942321535306,0.6216452163182054,0.00048332579716357517
fixed_d1,1,5,2018,245,245,-0.018701764727410256,0.00021714058656565583,245,-0.010659965737146424,0.5699978527439519,0.0006116301675723792
fixed_d1,1,5,2019,241,241,0.04174614866165129,0.004131414472015673,241,0.02237553416664952,0.5359903819631644,0.0004621805210416967
fixed_d1,1,5,2020,242,242,0.04335638665092528,0.0007348552847324109,241,0.0378061728591631,0.8719862465373661,0.0008522229627596459
fixed_d1,1,5,2021,225,225,0.05313121933844645,-0.0011795868116375185,225,0.03539844144565925,0.6662456063763714,0.00048483492343770576
fixed_d1,2,1,2018,245,245,-0.05599461147992991,-0.0006602585416935857,245,-0.029114249035153757,0.519947335389391,0.0005991508769244657
fixed_d1,2,1,2019,241,241,-0.0010772449770713839,0.00044642031528482353,241,-0.0005441406354632782,0.5051224624342997,0.0004570700532107108
fixed_d1,2,1,2020,242,242,0.060909851288605675,0.002491293118365925,241,0.05110727277965394,0.8390641529806938,0.0008457965153767229
fixed_d1,2,1,2021,225,225,0.0855850706456093,0.0025127249527106717,225,0.04907930940261153,0.5734564338427569,0.000481331706214208
fixed_d1,2,2,2018,245,245,-0.02596788841348082,0.00016101673697269605,245,-0.01363782552003429,0.5251803805870648,0.0006398083394480225
fixed_d1,2,2,2019,241,241,0.06404347851253,0.0028808417156973997,241,0.030841276116502236,0.4815677853986053,0.00047194602133005106
fixed_d1,2,2,2020,242,242,0.06336273183815279,0.0019472670775738895,241,0.041414990237496535,0.6536174977948032,0.000857814608524461
fixed_d1,2,2,2021,225,225,0.017541110141242655,0.0032284703191781234,225,0.009678240728407875,0.551746192257946,0.0004881930882423671
fixed_d1,2,3,2018,245,245,0.028102795866972615,0.0017622317496411818,245,0.012770341693979734,0.4544153455204037,0.0006454504112274653
fixed_d1,2,3,2019,241,241,0.08732681396121326,0.0054263262921357405,241,0.04418441883296542,0.5059662299438773,0.0004751245186146622
fixed_d1,2,3,2020,242,242,0.04327448224473362,0.0011409457962251453,241,0.031577554957772244,0.729703818966318,0.0008620370883944842
fixed_d1,2,3,2021,225,225,-0.03482132707915577,0.0016313160144779504,225,-0.020971354917324967,0.6022560504271686,0.0004901164144520729
fixed_d1,2,4,2018,245,245,-0.0032011734996154335,0.0014806148714902416,245,-0.0015586499241882306,0.4868995461743875,0.0006629070656895584
fixed_d1,2,4,2019,241,241,0.15240094040490523,0.004697892126289924,241,0.07440783049067469,0.4882373448154902,0.000477410630425741
fixed_d1,2,4,2020,242,242,1.0185282713850396e-05,0.00041515892386648705,241,7.219761831335389e-06,0.7088425558887668,0.0008666594557785507
fixed_d1,2,4,2021,225,225,-0.035451272624585285,-0.001672442667912528,225,-0.020524758470015517,0.5789568878771844,0.0004918625416560746
fixed_d1,2,5,2018,245,245,0.010526629242898067,5.538768381834265e-05,245,0.005485321563327943,0.5210900314579512,0.0006724716384126587
fixed_d1,2,5,2019,241,241,0.06918570702864757,0.003597264932366614,241,0.0336253440597945,0.4860157611148113,0.00047892616285580796
fixed_d1,2,5,2020,242,242,-0.04255976568034189,-0.00026941262275472123,241,-0.03321692565380069,0.7804771742233391,0.0008681985622661983
fixed_d1,2,5,2021,225,225,-0.06421497222349701,-0.000918777732662539,225,-0.04061534041067843,0.6324901966681347,0.000493084286157928
fixed_d1,3,1,2018,245,245,0.020601820434107142,0.0006194748907104189,245,0.010791769285470914,0.5238260045993172,0.0005997713007347314
fixed_d1,3,1,2019,241,241,0.077903301980485,0.004146998100868169,241,0.04057488564856623,0.5208365321758807,0.00045806742708992245
fixed_d1,3,1,2020,242,242,0.09104955883512612,0.002393697493271754,241,0.07144796819461907,0.784715149735081,0.0008475723751933665
fixed_d1,3,1,2021,225,225,0.10698187810585133,0.002463933779772412,225,0.06648818439608156,0.6214901586444015,0.00048167142659474356
fixed_d1,3,2,2018,245,245,0.005815044882824258,0.002393100431072962,245,0.0028027095393491582,0.48197556438944195,0.0006458848963889134
fixed_d1,3,2,2019,241,241,0.1591776485665733,0.00499514653972301,241,0.07815965461897326,0.4910215430546729,0.00047222911473820376
fixed_d1,3,2,2020,242,242,-0.003731209513341619,0.0013578906184204312,241,-0.002565778812234692,0.6876533743442396,0.0008608131119805973
fixed_d1,3,2,2021,225,225,-0.04035197297872892,0.000922136557762774,225,-0.022027399778006135,0.5458816050857693,0.0004896279684736925
fixed_d1,3,3,2018,245,245,-0.031156752298206233,-0.0013597593067149992,245,-0.01595020074450172,0.511933997222811,0.0006795769636095118
fixed_d1,3,3,2019,241,241,0.07587231943698713,0.0055726038109187755,241,0.0378362932905858,0.4986837567554435,0.00048299131544950663
fixed_d1,3,3,2020,242,242,0.017726089140459356,0.0020540362330164316,241,0.012619127713914964,0.711895760758199,0.0008747253197875142
fixed_d1,3,3,2021,225,225,-0.002190109892684893,0.001189660948822055,225,-0.001238070641345684,0.5653006935774862,0.0004928328985300671
fixed_d1,3,4,2018,245,245,0.016102760810921574,0.0021378858650177037,245,0.007541652518484318,0.46834531090899956,0.0006866304880221424
fixed_d1,3,4,2019,241,241,0.12290257607950243,0.0034885883743979826,241,0.057579785072940017,0.46849941563220915,0.00048809723870502406
fixed_d1,3,4,2020,242,242,-0.03583419823717432,0.0020209872069728973,241,-0.024859334919461705,0.693732136963865,0.0008785149464648858
fixed_d1,3,4,2021,225,225,0.0013785205083322609,0.0009179365124246824,225,0.0007678875860794538,0.55703747709089,0.0004961813796812392
fixed_d1,3,5,2018,245,245,-0.022077822177469033,-0.0007784267509528414,245,-0.011789469619329968,0.533996040214574,0.0007037172886742424
fixed_d1,3,5,2019,241,241,-0.0011572027815705248,0.003510962638700493,241,-0.0005460567802347343,0.47187648433893375,0.00048795031846649
fixed_d1,3,5,2020,242,242,-0.03122771692444649,0.0002612425144865547,241,-0.026157765661722576,0.837645791557854,0.0008743861817150589
fixed_d1,3,5,2021,225,225,-0.0767899723427807,-0.0020327239094090686,225,-0.044070876339668955,0.5739144707975952,0.0004983442310027786
fixed_d1,4,1,2018,245,245,-0.015860607147585568,0.0011414507050923736,245,-0.008465943647348225,0.5337717256704755,0.0006020621151252196
fixed_d1,4,1,2019,241,241,0.07488950317280023,0.0039795035866663836,241,0.04012308386928187,0.5357637875724955,0.0004597877920322353
fixed_d1,4,1,2020,242,242,0.0685147421289129,0.0029082845135626366,241,0.055240299481828715,0.8062542128217042,0.0008492526813130639
fixed_d1,4,1,2021,225,225,0.01834301980057131,-0.00025948675352884757,225,0.01140336893934544,0.621673479248508,0.0004829540668716831
fixed_d1,4,2,2018,245,245,0.012702964338894215,0.003586305638480754,245,0.006006954902555696,0.4728781993163178,0.0006480417973239224
fixed_d1,4,2,2019,241,241,0.08466875100713059,0.0038645884818189783,241,0.0410644628527581,0.48500140092180827,0.00047616618025551736
fixed_d1,4,2,2020,242,242,-0.06587481259243956,0.00042033927198965843,241,-0.043092298501174645,0.6541543999188597,0.0008652488135838328
fixed_d1,4,2,2021,225,225,-0.10477232379836263,-0.0005320062256400415,225,-0.059324473949123935,0.5662227561478507,0.0004908840056952813
fixed_d1,4,3,2018,245,245,-0.00413933088004922,8.174030058035436e-05,245,-0.002023475650517114,0.48884124249884875,0.0006819792460345054
fixed_d1,4,3,2019,241,241,0.11980704374875464,0.006310725771050358,241,0.0567096084815856,0.4733411885240268,0.0004849471437014867
fixed_d1,4,3,2020,242,242,-0.019553749766978604,0.0017213154107229478,241,-0.01395860121483748,0.7138580262702384,0.0008781494797868287
fixed_d1,4,3,2021,225,225,-0.06656558536531836,-0.0005315802520427227,225,-0.03769169963906645,0.5662340296748052,0.0004945233833169707
fixed_d1,4,4,2018,245,245,-0.06034918300685128,-0.0005746137480555668,245,-0.031938391244323495,0.5292265719769167,0.0007434724721069136
fixed_d1,4,4,2019,241,241,0.04404497951189389,0.003565743419649267,241,0.020077719685155256,0.4558458173361955,0.0005010458874287357
fixed_d1,4,4,2020,242,242,-0.07818441054574019,-0.0011015122878850322,241,-0.05263350895658431,0.6731969786456617,0.0008865793221703509
fixed_d1,4,4,2021,225,225,-0.02920465491003805,-0.00034413571546069955,225,-0.016186677789030216,0.5542499248455981,0.0005055259009980911
fixed_d1,4,5,2018,245,245,-0.04750060363438997,-0.0011521354866663135,245,-0.02441021702492838,0.5138927751910846,0.0007564742115687555
fixed_d1,4,5,2019,241,241,0.11843624988045001,0.004118137829654131,241,0.047615062259965375,0.4020311543807592,0.0005017451036951469
fixed_d1,4,5,2020,242,242,-0.04315416781193736,-0.0008834274206870899,241,-0.029773090729161893,0.6899238761574733,0.000890395838399807
fixed_d1,4,5,2021,225,225,-0.00161905875834036,-0.000690837200335247,225,-0.0009102031412001842,0.5621804252077925,0.0005117326561012746
fixed_d1,5,1,2018,245,245,0.08090284373853592,0.0006819362396675532,245,0.045299844473705386,0.5599289515719212,0.000601906610959998
fixed_d1,5,1,2019,241,241,0.04006515834745297,0.004078316974467801,241,0.021215654054343797,0.5295287708676315,0.00046122276032820085
fixed_d1,5,1,2020,242,242,0.08398765502317605,0.0023480604853223447,241,0.06700872089974091,0.7978401216375207,0.0008505846306692023
fixed_d1,5,1,2021,225,225,0.031247100091630734,-0.0016397808523775383,225,0.02048362204733096,0.6555367374016675,0.00048411362790379736
fixed_d1,5,2,2018,245,245,0.0820883496757118,0.0012432313550324176,245,0.04427283762806089,0.5393315592646186,0.0006430438823117377
fixed_d1,5,2,2019,241,241,0.04220821536061664,0.002355019072989826,241,0.019500146570530324,0.46199884084000836,0.00047480932030457055
fixed_d1,5,2,2020,242,242,0.005812316341009343,-0.000947584097293887,241,0.0041794778999499575,0.7190726819979255,0.0008646968784191327
fixed_d1,5,2,2021,225,225,-0.04022492161160031,-0.0019554358696328876,225,-0.024010337038578647,0.5969020218464366,0.0004899576135045231
fixed_d1,5,3,2018,245,245,0.03802200953205237,-3.921437651198927e-05,245,0.019936559229623646,0.5243425972216756,0.0006923097566769984
fixed_d1,5,3,2019,241,241,0.1139894452078189,0.004296479461667463,241,0.0518000190555673,0.454428205709121,0.0004848981941871527
fixed_d1,5,3,2020,242,242,-0.056752788410736374,-0.0013391697112043856,241,-0.04192516813944653,0.7387331849850608,0.00087612733846143
fixed_d1,5,3,2021,225,225,-0.004034745412928185,-0.0005780681061955827,225,-0.0023985830410760893,0.5944818806635278,0.0004970196647898022
fixed_d1,5,4,2018,245,245,-0.03100375798812226,-0.0004626589134280369,245,-0.016453675489981567,0.5306993912249307,0.0007368712035644628
fixed_d1,5,4,2019,241,241,0.10549488591522832,0.003859381894146942,241,0.04908812052880537,0.4653127978947787,0.000502481378046147
fixed_d1,5,4,2020,242,242,-0.06456495517935505,-0.0016693688017148695,241,-0.04134126063923965,0.6403049537384131,0.0008940487877150602
fixed_d1,5,4,2021,225,225,-0.036124371948885535,-0.0007672786255515715,225,-0.02202331615127475,0.6096525686989608,0.0005044362684423262
fixed_d1,5,5,2018,245,245,-0.013070887552277392,-0.0012067929325193566,245,-0.007065870284851262,0.5405807567841977,0.0007697732084550653
fixed_d1,5,5,2019,241,241,-0.020070065739174074,0.001387300032821014,241,-0.009445518188728285,0.47062716741838573,0.0005164205528275963
fixed_d1,5,5,2020,242,242,-0.07355152884932586,-0.0008726682260479005,241,-0.05268645060136504,0.7163202645222504,0.0008998909117232392
fixed_d1,5,5,2021,225,225,-0.07520941340733124,-0.00015591106025180255,225,-0.0433350014115222,0.5761911900152914,0.0005100786895451987
adf,1,1,2018,245,245,-0.03559016403552337,-0.00045856032513331887,245,-0.021946088319843578,0.6166335254296293,0.0005982361586515795
adf,1,1,2019,241,241,-0.0004377264789952375,0.0009010587109261513,241,-0.0002077523122743746,0.47461673497854573,0.0004581510956265681
adf,1,1,2020,242,242,-0.0030362898214752513,0.001074263194181577,241,-0.0034146471213983556,1.1246117209388367,0.0008474286925294116
adf,1,1,2021,225,225,0.035363599347337425,0.0014733705102602614,225,0.02241790219906252,0.6339259185377688,0.0004819737576394582
adf,1,2,2018,245,245,-0.07194930966402321,-0.00019361875914557545,245,-0.04168462549653363,0.5793610208518397,0.0006063166537551983
adf,1,2,2019,241,241,-0.023349974217320327,0.0006130164692258535,241,-0.011873457968288825,0.5084998320675421,0.0004605273658406274
adf,1,2,2020,242,242,-0.011380606958272674,0.0019687861668958857,241,-0.012538471069357134,1.1017401018530735,0.0008506763485339678
adf,1,2,2021,225,225,0.015076081003944313,0.002980770067795642,225,0.008625341337379168,0.572120920226055,0.0004831745902293182
adf,1,3,2018,245,245,-0.029768394754115263,-0.0004958857206470704,245,-0.016882263240694098,0.5671203764979719,0.0006074509720176395
adf,1,3,2019,241,241,0.04878815134561402,0.0037711993391115785,241,0.02559799862177093,0.5246765437049533,0.0004613316345314133
adf,1,3,2020,242,242,0.01642819731182682,0.00036150489244461063,241,0.01724230566989146,1.0495555502902656,0.0008524373363058728
adf,1,3,2021,225,225,0.04746707535271339,0.0014922807914134134,225,0.029207866560706792,0.6153289694735146,0.0004838202773153142
adf,1,4,2018,245,245,-0.0034167100576198662,0.0003755422964633243,245,-0.001996062888220314,0.5842061089640139,0.0006130677894191189
adf,1,4,2019,241,241,0.03821166529510545,0.0031801483988179577,241,0.020095178951239582,0.5258912113891456,0.000463196720337883
adf,1,4,2020,242,242,0.026612222420040566,4.278828102567269e-05,241,0.028429213551424158,1.0682765649070816,0.000853168961312017
adf,1,4,2021,225,225,0.03541137660372934,-0.0009071202889969126,225,0.021738631092282922,0.6138883369474409,0.000484401102203852
adf,1,5,2018,245,245,-0.020192187752115037,-0.00011263637464757643,245,-0.012051780597374181,0.596853631975159,0.0006190146613176144
adf,1,5,2019,241,241,0.05033414934485465,0.0036469310613504724,241,0.026909599761497427,0.5346191425056481,0.0004645586995361414
adf,1,5,2020,242,242,-0.008559362726819923,-0.00024651881169185694,241,-0.009286139315050285,1.0849101284086349,0.0008552839919283414
adf,1,5,2021,225,225,0.04599486514271179,-0.0010515203769554651,225,0.02949420731733463,0.6412500009690363,0.0004856894540041
adf,2,1,2018,245,245,-0.07739089318621153,-0.0010677414346262955,245,-0.04261167537973781,0.5506032250746756,0.0006214066588538486
adf,2,1,2019,241,241,-0.03138435800491031,-0.000967737037724166,241,-0.016020145903662627,0.5104500114724717,0.0004602307829386299
adf,2,1,2020,242,242,0.01697769954243471,0.001328803112722538,241,0.01865136820384159,1.098580414691852,0.000850007043172947
adf,2,1,2021,225,225,0.06368501382032371,0.0025704005475380106,225,0.035952858977419656,0.5645419042987798,0.0004830444524255502
adf,2,2,2018,245,245,-0.085923343401525,-0.0006717556042005171,245,-0.04741723308217029,0.5518550745934859,0.0006640656855891624
adf,2,2,2019,241,241,0.022172855760000484,0.0016638870418260695,241,0.010278854854060078,0.4635783033687066,0.00047507875238852614
adf,2,2,2020,242,242,0.007099114026448166,0.0012576499443864245,241,0.0062769507441843035,0.8841879029973536,0.0008617506973647736
adf,2,2,2021,225,225,0.001236019807025151,0.0033218717272989425,225,0.0006842805462678412,0.5536161656784171,0.0004895723122324693
adf,2,3,2018,245,245,0.010986442894363693,0.0012607101273927218,245,0.005370602735933277,0.48883908900928474,0.0006674936986351623
adf,2,3,2019,241,241,0.07934247368689071,0.004521094929994717,241,0.03987179565264869,0.5025277609820283,0.0004776943587053021
adf,2,3,2020,242,242,0.011122093052723733,0.00043612751385820167,241,0.010441316878538451,0.9387906421068323,0.0008644196349114541
adf,2,3,2021,225,225,-0.054526016941399386,0.00189276349033082,225,-0.032748526860451974,0.6006036878807363,0.0004911412525207924
adf,2,4,2018,245,245,-0.01701774369430781,0.0008449291454455002,245,-0.008791504840434504,0.5166081355059504,0.000702141917202984
adf,2,4,2019,241,241,0.11251673716648905,0.004118051497920915,241,0.05558811673295703,0.4940430920130955,0.0004792275118214556
adf,2,4,2020,242,242,-0.026164463872472975,-0.00036538119783004143,241,-0.022711858900407847,0.868042204537677,0.0008684623372567588
adf,2,4,2021,225,225,-0.029615880576963745,-0.0014541041040760988,225,-0.016905649585223972,0.5708305563054495,0.0004926946187126257
adf,2,5,2018,245,245,-0.03624317457096852,-0.000837479968371376,245,-0.0188956093901929,0.5213563550619169,0.000724648515492193
adf,2,5,2019,241,241,0.0440655336136421,0.002997350400828436,241,0.020394354075382575,0.46281872481554964,0.0004815230829640398
adf,2,5,2020,242,242,-0.05593763930658781,-0.0013228110888574183,241,-0.052818001444084994,0.9442300765428366,0.0008700305595635297
adf,2,5,2021,225,225,-0.054072319870748425,-0.0005976824699400772,225,-0.03432975398894042,0.6348859096669132,0.0004938790039458137
adf,3,1,2018,245,245,-0.02606937267690579,2.255571981259373e-05,245,-0.014684465286934524,0.5632841828964733,0.0006081699510320779
adf,3,1,2019,241,241,0.04727038267979994,0.0029715884227628064,241,0.02435438498868014,0.5152144663954139,0.00046169116836370543
adf,3,1,2020,242,242,0.04034336692416571,0.0010286701911301427,241,0.041309762742815,1.0239542678841318,0.0008518135780760327
adf,3,1,2021,225,225,0.09214339058121249,0.0030099374357614385,225,0.05610241365874941,0.6088598792042755,0.0004828972031953427
adf,3,2,2018,245,245,-0.03468610402615764,0.001623508235521467,245,-0.01795168536498464,0.5175468928838718,0.0006603096079846236
adf,3,2,2019,241,241,0.1132488925873923,0.004065679181403358,241,0.05470242837362365,0.4830283733804345,0.0004748930002125062
adf,3,2,2020,242,242,-0.01471216692337518,0.0009899057903649245,241,-0.012871752853846261,0.8749053025897355,0.0008645249922138523
adf,3,2,2021,225,225,-0.0661167609448331,0.0005424950394094255,225,-0.03503282648437783,0.5298630178451835,0.0004907790997220556
adf,3,3,2018,245,245,-0.0331502219916643,-0.0011335888134628622,245,-0.017529578986096965,0.5287922050870374,0.0007005667008988636
adf,3,3,2019,241,241,0.04030256538815776,0.004422614827224222,241,0.019746350097509337,0.4899526843348655,0.00048554019420546645
adf,3,3,2020,242,242,-0.000933762986476604,0.001060878504581711,241,-0.0008373999864913045,0.8968014352882963,0.0008781570873745545
adf,3,3,2021,225,225,0.0204084764721832,0.0009754539487815878,225,0.01160553218839464,0.56866234989236,0.0004938110919668702
adf,3,4,2018,245,245,0.017033263564191894,0.0018536363685892616,245,0.008723811543748362,0.5121632452214241,0.0007126785801750999
adf,3,4,2019,241,241,0.08550131503012703,0.002478772778845789,241,0.04068471536708436,0.47583730557534454,0.000489387474480429
adf,3,4,2020,242,242,-0.07269972236610767,0.0008936410353390384,241,-0.06185380869541098,0.8508121720729843,0.0008806381587612857
adf,3,4,2021,225,225,-0.004237259352314142,0.0007788828374429341,225,-0.0023211414795297827,0.5477931102475736,0.0004962265926097964
adf,3,5,2018,245,245,-0.023105670049279922,-0.0009242786751458582,245,-0.012915878574841572,0.5589917343792455,0.0007639247426224914
adf,3,5,2019,241,241,-0.006291468665150552,0.0030789091944042634,241,-0.0030275657016659734,0.48121763975971815,0.0004893303068242468
adf,3,5,2020,242,242,-0.040394987617778336,0.00019392404567036262,241,-0.038980737530411806,0.9649894660013685,0.0008762791287695536
adf,3,5,2021,225,225,-0.055005288567022734,-0.0018846599974968016,225,-0.03140163502638245,0.5708839248815184,0.0004980298763238831
adf,4,1,2018,245,245,-0.03473120386068216,0.0006126161618442206,245,-0.01984949326234488,0.5715175708267262,0.000637503958670809
adf,4,1,2019,241,241,0.061414030069180815,0.0031535818086461894,241,0.032214185176286124,0.524541137261273,0.00046244604763106016
adf,4,1,2020,242,242,0.03070315498839457,0.0019392035857980741,241,0.03213009916288332,1.0464754900604878,0.0008525482664800141
adf,4,1,2021,225,225,0.025161421042956787,0.0002620416891523916,225,0.015733875917258063,0.6253174608221226,0.00048408253169485025
adf,4,2,2018,245,245,-0.03431034675729404,0.002668826835449299,245,-0.018564376375594986,0.5410722458422367,0.0006695626636326409
adf,4,2,2019,241,241,0.06702834913604334,0.0040449583279166205,241,0.033081612061929534,0.49354657377560956,0.00047893840328664067
adf,4,2,2020,242,242,-0.06652413359280714,-0.00017323897773919385,241,-0.053938721624111396,0.8108143422696673,0.000868711278431327
adf,4,2,2021,225,225,-0.09319158112713291,-0.00011228244975660637,225,-0.05151935226195402,0.5528326876616761,0.0004931643436766582
adf,4,3,2018,245,245,-0.003940070165169943,0.0005404847264873126,245,-0.0021474753146004093,0.5450347898836935,0.0007281374022395832
adf,4,3,2019,241,241,0.07909378515156418,0.005501654102067521,241,0.03757140184663323,0.47502343925804913,0.0004867841407019316
adf,4,3,2020,242,242,-0.04353779573328119,0.0003138882788123598,241,-0.039015700962970336,0.8961340441299818,0.0008811761974191261
adf,4,3,2021,225,225,-0.05621017242073954,-0.000986571257249047,225,-0.03167816425546004,0.5635663953909511,0.0004946992338563116
adf,4,4,2018,245,245,-0.06052666555105718,-0.0007790961680580245,245,-0.031907121954308046,0.5271580990595433,0.0007932402926635597
adf,4,4,2019,241,241,0.02992480308452796,0.0032290468244844557,241,0.013917457648862068,0.46508101020914716,0.0005040423581567748
adf,4,4,2020,242,242,-0.08551192081804607,-0.0018000399199749853,241,-0.06636082888851987,0.7760418460219568,0.0008883075487281603
adf,4,4,2021,225,225,-0.03954272358013797,-0.0003928318128141086,225,-0.021290070274386997,0.538406774921312,0.0005058974212536885
adf,4,5,2018,245,245,-0.04813757216928943,-0.000945125390956987,245,-0.02459802939499664,0.5109943914182188,0.000847788570129753
adf,4,5,2019,241,241,0.09573384470380213,0.003668382732997364,241,0.039593752372393314,0.41358155514275324,0.0005030617522494537
adf,4,5,2020,242,242,-0.05341271816852146,-0.0008103813087498245,241,-0.044847686718994,0.8396443442083571,0.0008936835794763727
adf,4,5,2021,225,225,-0.003992645988227216,-0.00044319105373691206,225,-0.0021763658126880457,0.5450936093771688,0.0005108902452485227
adf,5,1,2018,245,245,0.02001439554267551,-0.00012292167907651972,245,0.011629698621613808,0.5810666925621856,0.0006243459097585947
adf,5,1,2019,241,241,0.021930005646966365,0.0029473157407925135,241,0.011706337723466229,0.5338045922977497,0.0004641916318932191
adf,5,1,2020,242,242,0.02711529130012775,0.0013322073796977426,241,0.028245553555017556,1.0416835741272115,0.0008538461447816492
adf,5,1,2021,225,225,0.009481235067531204,-0.0015302472385064704,225,0.006173444080141788,0.6511223523275936,0.00048526028545209685
adf,5,2,2018,245,245,0.033425917551257386,0.0007758277490602685,245,0.019325788442908814,0.5781677769435483,0.0006774512511995596
adf,5,2,2019,241,241,0.02094828512861095,0.0018053264605570967,241,0.00960367017593284,0.45844660395691517,0.000477132738145978
adf,5,2,2020,242,242,-0.024570186678869014,-0.0014719098473783489,241,-0.02137407031729199,0.8699189223366477,0.000870027663077632
adf,5,2,2021,225,225,-0.06510836994313256,-0.0020559927613526085,225,-0.0390038559413057,0.5990605505155903,0.0004919110378421893
adf,5,3,2018,245,245,0.02825916838135325,-0.00018926209147677702,245,0.015462706472990547,0.5471748589457283,0.0007290928628214371
adf,5,3,2019,241,241,0.08140884953552081,0.003919993022754687,241,0.037072720382477053,0.45538931693539353,0.0004871295676157502
adf,5,3,2020,242,242,-0.0680331932579429,-0.002043256374908674,241,-0.060204663484899106,0.8849307316303309,0.000878685555722177
adf,5,3,2021,225,225,-0.019153747827716956,-0.0004958893998477881,225,-0.011187035011165303,0.5840650671497719,0.0004979352402319751
adf,5,4,2018,245,245,-0.022464496432014897,-9.103208914137427e-05,245,-0.012352988319221563,0.5498893935417538,0.0007610776203581926
adf,5,4,2019,241,241,0.0716736878479863,0.003062005794453128,241,0.0336091481006484,0.4689189172452029,0.0005057368036279099
adf,5,4,2020,242,242,-0.08121312781673054,-0.0018918774194064535,241,-0.06405826293938358,0.7887673417029392,0.0008958691194943491
adf,5,4,2021,225,225,-0.06513981585598466,-0.0010598162530793378,225,-0.03931155137173844,0.6034949723937042,0.0005040987814548342
adf,5,5,2018,245,245,-0.016463825590608036,-0.001181782699854044,245,-0.009021490063314585,0.5479583110052495,0.0008979519496210811
adf,5,5,2019,241,241,-0.028796160795108567,0.0009420111408768017,241,-0.01358185645406279,0.4716551123151757,0.0005180211433437908
adf,5,5,2020,242,242,-0.08788438067252988,-0.0013303187231952238,241,-0.0721371957763322,0.8208192994512414,0.0009020481061391649
adf,5,5,2021,225,225,-0.07543030968505296,0.00028792589317734943,225,-0.04341689824355435,0.5755895531230693,0.0005195542706201178
