strategy,cost_bps_per_traded_notional,net_sharpe,mean_unit_long_short_return,mean_l1_target_weight_turnover,mean_gross_break_even_bps,ignores_price_drift_borrow_fees_and_execution_limits
v7_equal,0,0.007678871562421073,4.558266333844107e-05,2.9507122557148033,0.1544802047375466,True
v7_equal,5,-0.24067332017212237,-0.0014297734645189605,2.9507122557148033,0.1544802047375466,True
v7_equal,10,-0.48725626322831095,-0.0029051295923763626,2.9507122557148033,0.1544802047375466,True
v7_equal,20,-0.9671039253414675,-0.0058558418480911655,2.9507122557148033,0.1544802047375466,True
fixed_d1_annual_selector,0,0.010988278186447022,3.306151346494627e-05,2.9810169102020114,0.11090682965198552,True
fixed_d1_annual_selector,5,-0.4841255256242523,-0.0014574469416360595,2.9810169102020114,0.11090682965198552,True
fixed_d1_annual_selector,10,-0.9772293066472486,-0.0029479553967370654,2.9810169102020114,0.11090682965198552,True
fixed_d1_annual_selector,20,-1.948807688862216,-0.005928972306939078,2.9810169102020114,0.11090682965198552,True
adf_annual_selector,0,-0.039811618452398695,-0.0001311660767728706,2.7177883151543383,-0.48262065165815504,True
adf_annual_selector,5,-0.45183000571988224,-0.0014900602343500397,2.7177883151543383,-0.48262065165815504,True
adf_annual_selector,10,-0.8604253166096941,-0.0028489543919272093,2.7177883151543383,-0.48262065165815504,True
adf_annual_selector,20,-1.653143805304877,-0.005566742707081547,2.7177883151543383,-0.48262065165815504,True
