Date,ValidationYear,OfficialDailySpread,RankIC,SelectedMissingTargets,FallbackStocks,SelectedFallbackStocks,DistinctScores,StocksRanked,ForecastMSE
2017-12-29,2018,0.795877863576734,-0.0024064260988489,0,21,0,1876,1896,0.0003291598520887783
2018-01-04,2018,-0.0306620498883397,-0.0229713901979297,0,21,0,1876,1896,0.00043919661849656645
2018-01-05,2018,0.0997924712574831,-0.0283880055303364,0,21,0,1876,1896,0.0003691296306643597
2018-01-09,2018,-0.3015756811545494,-0.009987820833624,0,21,0,1876,1896,0.0003708738146492796
2018-01-10,2018,-1.2607082335933706,-0.0430000187583701,0,21,0,1876,1896,0.0005624744012718977
2018-01-11,2018,1.2288799110507076,0.0243246375623227,0,21,0,1876,1896,0.0004798104610117266
2018-01-12,2018,0.4396226752703334,-0.0108422748232319,0,21,0,1876,1896,0.00037970414693416755
2018-01-15,2018,0.5248922893372553,-0.0076122924902789,0,21,0,1876,1896,0.0003612430111094632
2018-01-16,2018,-0.2211445329332294,-0.0010025002477647,0,21,0,1876,1896,0.000359040218689489
2018-01-17,2018,0.3091413071581964,-0.0187691013298792,0,21,0,1876,1896,0.00032249291832220123
2018-01-18,2018,-1.0268153830037388,-0.0473696564427452,0,21,0,1876,1896,0.000440352211515543
2018-01-19,2018,0.8756417683147869,0.0130052338096971,0,21,0,1876,1896,0.0004013880593083169
2018-01-22,2018,-0.6936779168630185,-0.0072309802338476,0,21,0,1876,1896,0.00033187931339710236
2018-01-23,2018,0.1304300738393234,0.0219731658528917,0,21,0,1876,1896,0.00027211626219184645
2018-01-24,2018,-0.9601874506572984,-0.0582283178851279,0,21,0,1876,1896,0.0003330391173645734
2018-01-25,2018,-1.3439607905225397,-0.0127185364846343,0,21,0,1876,1896,0.00039488516507360814
2018-01-26,2018,-0.1794443960967582,0.0099511567258882,0,21,0,1876,1896,0.00047987120590188467
2018-01-29,2018,-1.2611447656371872,-0.031449976978317,0,21,0,1876,1896,0.0006298552562032534
2018-01-30,2018,0.5605259059338454,0.0248641834883657,0,21,0,1876,1896,0.0010703458639322923
2018-01-31,2018,-0.9342375410892432,-0.0434199199496396,0,21,0,1876,1896,0.00043718428836187905
2018-02-01,2018,-0.3328479594873137,0.0284842158672558,0,21,0,1876,1896,0.0010796384685876589
2018-02-02,2018,-1.6986545169224314,-0.0477258949567972,0,21,0,1876,1896,0.004319446677553912
2018-02-05,2018,0.0670055728069019,-0.0128313478315995,0,21,0,1876,1896,0.0006027990958328794
2018-02-06,2018,0.3539884937649553,0.005160262404406,0,21,0,1876,1896,0.000894999149693028
2018-02-07,2018,0.209285156092303,0.0037425384920733,0,21,0,1876,1896,0.001075642047495317
2018-02-08,2018,-0.3698134457033442,-0.014934613458032,0,21,0,1876,1896,0.0011874266472930164
2018-02-09,2018,-0.2547101660458348,-0.0211753859313672,0,21,0,1876,1896,0.0011088957004128759
2018-02-13,2018,0.3179264581392722,-0.0036072931384056,0,21,0,1876,1896,0.0010421826207182238
2018-02-14,2018,0.143967827259073,0.015629410638689,0,21,0,1876,1896,0.0006982648875377176
2018-02-15,2018,-0.3077589667816873,0.0207136725981796,0,21,0,1876,1896,0.0012323745274194758
2018-02-16,2018,0.040067298107095,0.0375802467067284,0,21,0,1876,1896,0.0003030092047823236
2018-02-19,2018,-0.2946499426395146,0.0218908213765801,0,21,0,1876,1896,0.0004373166952787529
2018-02-20,2018,0.444011316615229,0.0320724392288618,0,21,0,1876,1896,0.00036274484817909225
2018-02-21,2018,0.2391943405348859,0.0118796102007842,0,21,0,1876,1896,0.0003955835289768435
2018-02-22,2018,0.7024785534925134,0.0489873855182053,0,21,0,1876,1896,0.000370185736853533
2018-02-23,2018,0.6963495749013783,-0.0266265831495512,0,21,0,1876,1896,0.0003089605063034475
2018-02-26,2018,-0.2918315812226854,0.0124375805389595,0,21,0,1876,1896,0.0003550890307006817
2018-02-27,2018,-0.106862524470913,0.0118447993072966,0,21,0,1876,1896,0.0004718579218310138
2018-02-28,2018,-0.1932166054077436,-0.010723234358063,0,21,0,1876,1896,0.0004640649048280663
2018-03-01,2018,-0.3922965176844268,0.0011582982604206,0,21,0,1876,1896,0.0008403181473735866
2018-03-02,2018,-0.0028943946954835,-0.059238718924358,0,21,0,1876,1896,0.0007410653486664497
2018-03-05,2018,0.4714002082186216,0.0368702173506503,0,21,0,1876,1896,0.0003636690945165143
2018-03-06,2018,-0.0579474972239332,0.0321874850332676,0,21,0,1876,1896,0.00034731249872737863
2018-03-07,2018,0.2266576104509579,0.0209593300255803,0,21,0,1876,1896,0.00037123541660902243
2018-03-08,2018,-0.417483331347898,-0.0029476066149562,0,21,0,1876,1896,0.0005592922276491608
2018-03-09,2018,0.0202106746842988,0.0260424420817262,0,21,0,1876,1896,0.0004145042771841299
2018-03-12,2018,-0.0866466478089181,-0.028442817389406,0,21,0,1876,1896,0.0003401612157471451
2018-03-13,2018,-0.0783542805193984,0.0201423334963826,0,21,0,1876,1896,0.0003096329304417857
2018-03-14,2018,1.5659716125996357,0.0347117340739002,0,21,0,1876,1896,0.00034878504852220145
2018-03-15,2018,1.1264470818174956,0.0608654266155352,0,21,0,1876,1896,0.00048360047530588313
2018-03-16,2018,-0.3535378468999408,-0.001046359263108,0,22,0,1876,1897,0.0002569030151728121
2018-03-19,2018,-1.3671620780479046,-0.0478662439531111,0,22,0,1876,1897,0.0003795541207348015
2018-03-20,2018,0.3478137670066251,0.0136633911440461,0,22,0,1876,1897,0.0017025495579486313
2018-03-22,2018,-0.1194386744435218,-0.0070949448532545,0,23,0,1876,1898,0.0003122478095421321
2018-03-23,2018,-0.793092107187452,-0.0453054587674956,0,25,0,1876,1900,0.0009935671196778136
2018-03-26,2018,-0.2905946687504697,-0.018419394063252,0,25,0,1876,1900,0.0005171112850885733
2018-03-27,2018,0.3193447715389525,0.0038509681879823,0,26,0,1876,1901,0.00038906713518805443
2018-03-28,2018,0.7300215315203765,0.0649795255676442,0,26,0,1876,1901,0.00040268359830449523
2018-03-29,2018,-0.0447043725867268,0.0114227810064586,0,26,0,1876,1901,0.0003242562758744095
2018-03-30,2018,-0.4671096463536333,-0.0057624956159898,0,26,0,1876,1901,0.00033727345460000594
2018-04-02,2018,0.0602436628788029,0.0138887750373392,0,27,0,1876,1902,0.0004640488887218414
2018-04-03,2018,-0.1046945643844721,0.0091460521472436,0,27,0,1876,1902,0.00035606088621511876
2018-04-04,2018,0.2268582091896979,0.0087073238823883,0,27,0,1876,1902,0.00039671389252017325
2018-04-05,2018,0.0329641527612533,0.0103566913965879,0,27,0,1876,1902,0.0003577940321553746
2018-04-06,2018,0.2778490408390329,-0.0151046128957433,0,27,0,1876,1902,0.00036069608314832615
2018-04-09,2018,0.8350482575872912,0.0234487030813279,0,27,0,1876,1902,0.0005089130977642184
2018-04-10,2018,0.4596711151739972,0.0396261126954137,0,27,0,1876,1902,0.00031001541482546653
2018-04-11,2018,0.672127224192411,0.0234297702981333,0,27,0,1876,1902,0.0004124204131813582
2018-04-12,2018,0.4364772512870749,0.0007428535453646,0,27,0,1876,1902,0.0006228220294907244
2018-04-13,2018,0.6592565721468535,0.0315702525677101,0,27,0,1876,1902,0.00036438633592490987
2018-04-16,2018,0.1978688742769385,0.0210433067761642,0,27,0,1876,1902,0.00046980528966526866
2018-04-17,2018,-0.3932929521169337,-0.0139762369177871,0,27,0,1876,1902,0.0003762796626851813
2018-04-18,2018,-0.1581005061937609,-0.0162313843515211,0,27,0,1876,1902,0.0002618272898257564
2018-04-19,2018,-0.0583882395249833,0.0107549967278173,0,27,0,1876,1902,0.0003631602489913821
2018-04-20,2018,0.2959344714194135,-0.0001933385836889,0,28,0,1876,1903,0.00036231578106237443
2018-04-23,2018,0.6041237706932235,0.010051011266129,0,28,0,1876,1903,0.00031986241575746916
2018-04-24,2018,0.4757485163779069,0.0059394454217202,0,28,0,1876,1903,0.00039656203724314145
2018-04-25,2018,-0.4475604078251177,0.0265432856243289,0,28,0,1876,1903,0.0005460938230053217
2018-04-26,2018,-1.326766115238305,-0.0643983607528354,0,28,0,1876,1903,0.0007223907601825024
2018-04-27,2018,0.0075406977315889,-0.0134168068267299,0,28,0,1876,1903,0.00032405595506172286
2018-05-01,2018,-0.1749294176580842,-0.0277310041542371,0,28,0,1876,1903,0.00043334672860287354
2018-05-02,2018,0.4152215934851314,0.0292690505809926,0,28,0,1876,1903,0.00046668035148611194
2018-05-07,2018,0.3252164177111799,-0.0312456596738904,0,28,0,1876,1903,0.0006673195306780783
2018-05-08,2018,0.3488857650727132,0.0129243838574294,0,28,0,1876,1903,0.0007826044576536413
2018-05-09,2018,-0.1053847344525265,-0.0003019702472034,0,28,0,1876,1903,0.0008406562001980457
2018-05-10,2018,-0.793065592132249,0.0252481377659715,0,28,0,1876,1903,0.001077807118905221
2018-05-11,2018,0.5470112731071857,0.0104820374062307,0,28,0,1876,1903,0.0007159370579146374
2018-05-14,2018,-0.1598224182343119,0.0087117367467012,0,28,0,1876,1903,0.000649236996625152
2018-05-15,2018,0.3793480120676935,0.0326087263550917,0,28,0,1876,1903,0.0004141971577348561
2018-05-16,2018,0.4229995419841292,0.0240523281637289,0,28,0,1876,1903,0.00031512912340291954
2018-05-17,2018,-0.6812947107818452,-0.0212855933740577,0,28,0,1876,1903,0.00039171691302107066
2018-05-18,2018,0.5618825776903384,-0.001853016977393,0,28,0,1876,1903,0.00023654617425092678
2018-05-21,2018,-1.0319106440853787,-0.0006857390424514,0,28,0,1876,1903,0.00029524244388024184
2018-05-22,2018,0.0304234929628905,0.0251067153603009,0,28,0,1876,1903,0.0003714973632890644
2018-05-23,2018,0.1125583148106481,-0.0106789730443515,0,28,0,1876,1903,0.00027096028003359375
2018-05-24,2018,-0.5890630209793906,-0.0014972348165128,0,28,0,1876,1903,0.0003680251014731114
2018-05-25,2018,-0.3653098391913293,0.0026441115422755,0,28,0,1876,1903,0.00030490863106435323
2018-05-28,2018,0.7974826262354506,0.069349917840043,0,28,0,1876,1903,0.00040235196813642244
2018-05-29,2018,0.5280026634815015,0.0031141290541339,0,28,0,1876,1903,0.0004123174923250159
2018-05-30,2018,0.5611289771999467,0.0174684517353294,0,28,0,1876,1903,0.0003743050726672524
2018-05-31,2018,-0.2054541547022858,-0.0329534269992882,0,29,0,1876,1904,0.0005894259131934993
2018-06-01,2018,-0.4729259976530232,-0.0515168692700374,0,29,0,1876,1904,0.0003514611352962996
2018-06-04,2018,0.1104722926978275,0.0043554364005685,0,29,0,1876,1904,0.0003548852807789131
2018-06-05,2018,0.6181213451934179,0.0129350753685629,0,29,0,1876,1904,0.0004014077932474363
2018-06-06,2018,-0.6991318786397852,-0.0041513355487006,0,29,0,1876,1904,0.0003179750515395233
2018-06-07,2018,0.7359446173807288,0.0063750530534466,0,29,0,1876,1904,0.0003372923927273983
2018-06-08,2018,0.4725855355853335,0.0420498475342988,0,29,0,1876,1904,0.00026178960566630423
2018-06-11,2018,-0.5202099673633188,0.0080114539429382,0,29,0,1876,1904,0.00036368774951892047
2018-06-12,2018,0.1706053283781508,0.0032426396278613,0,29,0,1876,1904,0.0002998883116741558
2018-06-13,2018,0.1606846511212808,-0.0070215930599085,0,29,0,1876,1904,0.000388278111466547
2018-06-14,2018,-0.0079397752574221,-0.0240454167171365,0,29,0,1876,1904,0.00045300461366340884
2018-06-15,2018,0.5188792714149949,0.0278020676932248,0,29,0,1876,1904,0.000580895722946119
2018-06-18,2018,0.7646125439222301,0.0191051708474257,0,29,0,1876,1904,0.00028182401161063863
2018-06-19,2018,-0.1979417796355034,-0.0235002967884025,0,30,0,1876,1905,0.0003453560105833207
2018-06-20,2018,0.0392754906575494,-0.0308216070181336,0,30,0,1876,1905,0.0004353707385002885
2018-06-21,2018,-0.4463591193084,-0.0417394394024924,0,31,0,1876,1906,0.0006992144852688804
2018-06-22,2018,-0.4325471798780302,-0.0231886848248209,0,32,0,1876,1907,0.0003985082431837921
2018-06-25,2018,-0.2304144275472558,0.0019343828093952,0,32,0,1876,1907,0.0004526705078859539
2018-06-26,2018,0.7014141039876746,0.0158805622409267,0,33,0,1876,1908,0.0003262841357627468
2018-06-27,2018,0.8277801200311482,0.0423882605667767,0,34,0,1876,1909,0.00032516565780924255
2018-06-28,2018,0.4460222105418356,0.0027438470695018,0,34,0,1876,1909,0.000929187076315643
2018-06-29,2018,-0.4003239679877938,0.0174097657392088,0,35,0,1876,1910,0.00037778216169677366
2018-07-02,2018,0.7736952899155908,0.0033131178800715,0,35,0,1876,1910,0.000405683691462514
2018-07-03,2018,-0.358571923380703,0.0016069157465498,0,35,0,1876,1910,0.0007472944521345396
2018-07-04,2018,-0.4127830037505895,-0.022845970545165,0,35,0,1876,1910,0.0006776205665112638
2018-07-05,2018,0.1524925544764232,0.0058343242156029,0,35,0,1876,1910,0.0007360491931120906
2018-07-06,2018,0.4832878968590921,0.0229995012952312,0,35,0,1876,1910,0.0003886661026232126
2018-07-09,2018,-0.1307186312646647,0.0043560348057446,0,35,0,1876,1910,0.000400685312011679
2018-07-10,2018,0.9098298221638764,0.0202350647536623,0,36,0,1876,1911,0.000343323010247914
2018-07-11,2018,0.6064740130226829,0.0124873904796117,0,36,0,1876,1911,0.0005359139689150609
2018-07-12,2018,0.7046561971201424,-0.0003796153125578,0,36,0,1876,1911,0.0006560255167062097
2018-07-13,2018,0.4340591684024686,0.0184158727333042,0,36,0,1876,1911,0.0003807861266129825
2018-07-17,2018,0.3675616591711105,0.040914053808351,0,36,0,1876,1911,0.00029412693022857296
2018-07-18,2018,-0.2586406897468283,-0.0207397094322471,0,36,0,1876,1911,0.0003212524850883397
2018-07-19,2018,0.6051293845928467,0.034156782713633,0,36,0,1876,1911,0.0003282807155678327
2018-07-20,2018,-0.1924949430618709,-0.0223597698146043,0,36,0,1876,1911,0.00033276288531513935
2018-07-23,2018,-0.2750078058752912,-0.0017458532598999,0,37,0,1876,1912,0.0003357274557137992
2018-07-24,2018,-0.5675569565014995,-0.0129487513153554,0,37,0,1876,1912,0.0004089338839681133
2018-07-25,2018,0.7244245310068117,0.0291684094289441,0,38,0,1876,1913,0.000362994265506295
2018-07-26,2018,1.0433820348723113,0.0224239564431344,0,38,0,1876,1913,0.0006999134073864797
2018-07-27,2018,-0.0084460457174661,-0.0339100379427508,0,38,0,1876,1913,0.0007285177352791317
2018-07-30,2018,-0.8654753213322827,-0.0247702657658831,0,38,0,1876,1913,0.0008489162343554206
2018-07-31,2018,-0.395291801828848,0.0101111146429527,0,38,0,1876,1913,0.0005265022642668187
2018-08-01,2018,-0.9691368176562062,-0.0702716834583077,0,38,0,1876,1913,0.0006775324090528142
2018-08-02,2018,-0.1197623750059519,0.0359119484024481,0,38,0,1876,1913,0.0007655131007030201
2018-08-03,2018,-0.1513305745596846,0.000858234609957,0,38,0,1876,1913,0.0006220936743533316
2018-08-06,2018,-0.321859360278253,0.024360545514473,0,38,0,1876,1913,0.0007510404156173547
2018-08-07,2018,0.6036254724560294,0.002689349314253,0,38,0,1876,1913,0.0006351594572041488
2018-08-08,2018,0.5999014535856807,0.0206930082808125,0,38,0,1876,1913,0.0009812973308207782
2018-08-09,2018,0.3339446034144172,0.0237360439363336,0,38,0,1876,1913,0.0014503780594028156
2018-08-10,2018,0.0072986587238279,0.0009153611446908,0,38,0,1876,1913,0.0008247430804445966
2018-08-13,2018,0.264278005939748,0.0332588077710017,0,38,0,1876,1913,0.0005575691810257231
2018-08-14,2018,0.5757853344099496,-0.0156183673989991,0,38,0,1876,1913,0.0005528441917580244
2018-08-15,2018,-0.0047917948452003,0.0123539269798277,0,38,0,1876,1913,0.00034853596313342834
2018-08-16,2018,-0.3647513327808707,-0.0367256006023425,0,38,0,1876,1913,0.0003757739526895437
2018-08-17,2018,-1.1681881190601529,-0.0503205546787068,0,38,0,1876,1913,0.00035153188906282936
2018-08-20,2018,0.8734012160823408,0.035697256086469,0,38,0,1876,1913,0.0005290790199096471
2018-08-21,2018,-0.8687109657326193,-0.0485865793623172,0,38,0,1876,1913,0.0003816800378399104
2018-08-22,2018,0.3172717200891878,0.0242280664871625,0,38,0,1876,1913,0.00032489277040329917
2018-08-23,2018,0.4924282379070656,0.0439341863418893,0,38,0,1876,1913,0.0005007983298545762
2018-08-24,2018,-0.0687828713812391,-0.0308110193933049,0,38,0,1876,1913,0.00026480045903773896
2018-08-27,2018,-0.1807492674820929,-0.0040464618927731,0,38,0,1876,1913,0.00040076187286305453
2018-08-28,2018,0.3861232092756592,-0.0181050802332543,0,38,0,1876,1913,0.00037541067926619425
2018-08-29,2018,0.0191765171411164,-0.0185882826684598,0,38,0,1876,1913,0.0002570500902803518
2018-08-30,2018,-0.4768063292516625,0.0145629875971394,0,38,0,1876,1913,0.0005646668147899876
2018-08-31,2018,0.3951036736975711,0.0141315478917357,0,38,0,1876,1913,0.00033458844324363546
2018-09-03,2018,-0.4367091784446793,-0.0437353680451707,0,38,0,1876,1913,0.00037262921351969924
2018-09-04,2018,-0.3237599464802271,0.0256811529825047,0,38,0,1876,1913,0.00045584440484786813
2018-09-05,2018,-0.0260002854510809,-0.0151995028731315,0,38,0,1876,1913,0.0003572271136105098
2018-09-06,2018,-0.8853222875077389,-0.0303327000371813,0,38,0,1876,1913,0.0003930696702160736
2018-09-07,2018,0.7551405683985446,0.0597146661135671,0,38,0,1876,1913,0.00034531982125204593
2018-09-10,2018,0.3669494674477788,0.0032170084647556,0,38,0,1876,1913,0.00046436299000157964
2018-09-11,2018,0.6968202007177734,0.0032229678280574,0,38,0,1876,1913,0.000369905136423446
2018-09-12,2018,0.1363058835140667,0.0312227288999533,0,38,0,1876,1913,0.0005430537195409044
2018-09-13,2018,0.2621106096015548,0.0035032408571385,0,38,0,1876,1913,0.0006737302281827361
2018-09-14,2018,-0.8105203469846008,-0.0290563145667739,0,38,0,1876,1913,0.0005636191256155759
2018-09-18,2018,0.4309442015270197,-0.031007262870415,0,38,0,1876,1913,0.0003275674375042652
2018-09-19,2018,-0.4967185313772629,-0.007183864620995,0,38,0,1876,1913,0.0005640769851836677
2018-09-20,2018,-0.2166980731180494,0.0022474249488008,0,39,0,1875,1913,0.0006424815454397172
2018-09-21,2018,-0.703157163608877,-0.0638539247465629,0,40,0,1875,1914,0.0004856928397484418
2018-09-25,2018,0.4267592561357354,0.0364419357440507,0,40,0,1876,1915,0.0005370375009471103
2018-09-26,2018,-0.0742597733863078,0.0105115267225124,0,40,0,1876,1915,0.00037992290411428034
2018-09-27,2018,-0.5924143616053904,-0.0311022803640077,0,41,0,1876,1916,0.0003764024345539557
2018-09-28,2018,-0.0866127689024418,0.0074349050568959,0,42,0,1876,1917,0.0003685078300351136
2018-10-01,2018,1.024216188430253,0.0346191189588399,0,45,0,1876,1920,0.00045729646130055417
2018-10-02,2018,0.1897706822298808,-0.0215402665857115,0,45,0,1876,1920,0.00032133173741904787
2018-10-03,2018,0.1011568453004866,0.0225456705227411,0,45,0,1876,1920,0.00043624329311724364
2018-10-04,2018,0.8093945532925879,-0.0043294989787097,0,45,0,1876,1920,0.0008204160244637691
2018-10-05,2018,0.2290572257566463,0.0036981740812708,0,45,0,1876,1920,0.0005086491130570034
2018-10-09,2018,0.6448828863142353,-0.0094751279410882,0,45,0,1876,1920,0.001655267739824639
2018-10-10,2018,0.061831240661491,-0.0055261923055974,0,45,0,1876,1920,0.0006191338224062888
2018-10-11,2018,0.9807661281346912,0.0603152566627681,0,45,0,1876,1920,0.0006428665016197149
2018-10-12,2018,-0.911840278782156,-0.0286879143273631,0,45,0,1876,1920,0.00044847903110726455
2018-10-15,2018,0.7994783250814136,0.0039825835811233,0,45,0,1876,1920,0.0007219648168115464
2018-10-16,2018,-0.1804477007800677,-0.0251834311662523,0,45,0,1876,1920,0.00038250084343466497
2018-10-17,2018,0.2875142740556288,-0.023543762166423,0,45,0,1876,1920,0.00028889176787067286
2018-10-18,2018,0.0472604693944291,0.0060998659567347,0,45,0,1876,1920,0.00031401480249467433
2018-10-19,2018,-0.5536620275568449,-0.0301780955746687,0,46,0,1876,1921,0.0008830267314894706
2018-10-22,2018,-0.4888435144851255,-0.0040695094911049,0,46,0,1876,1921,0.00040022642765019607
2018-10-23,2018,-0.2320146362045759,0.0115899159149732,0,46,0,1876,1921,0.0020057644866177788
2018-10-24,2018,-0.8901314927451965,-0.0161290015419807,0,46,0,1876,1921,0.0007604671621479242
2018-10-25,2018,-0.2406238096230867,0.0024389369753899,0,46,0,1876,1921,0.00112119929332697
2018-10-26,2018,-0.3032331712009674,-0.0037839383611036,0,46,0,1876,1921,0.0014764001008723028
2018-10-29,2018,-0.6390346532092673,-0.0052670104295769,0,46,0,1876,1921,0.0016398847751172632
2018-10-30,2018,1.3174230203648942,0.017136952134458,0,46,0,1876,1921,0.0012056489609144484
2018-10-31,2018,-0.1214548032968885,0.0419486614370837,0,46,0,1876,1921,0.000998431780642246
2018-11-01,2018,-0.2498056439856089,0.0043593790305948,0,46,0,1876,1921,0.0006040771931305193
2018-11-02,2018,0.0191820176375768,0.0215561557592019,0,46,0,1876,1921,0.0006148574805743129
2018-11-05,2018,1.2492598033015905,0.0327350652336007,0,46,0,1876,1921,0.0006303864765622468
2018-11-06,2018,-0.2617756702757401,-0.0129602716386386,0,46,0,1876,1921,0.000924200187186663
2018-11-07,2018,0.7694242218097346,0.0357025196894182,0,46,0,1876,1921,0.0007483882807940847
2018-11-08,2018,-0.659941717882722,-0.0297547541400102,0,46,0,1876,1921,0.00106586281385888
2018-11-09,2018,0.8999873171275823,-0.0008446156097502,0,46,0,1876,1921,0.0009023120274041166
2018-11-12,2018,0.1392031199785985,-0.0079640825303425,0,46,0,1876,1921,0.0007943763102778424
2018-11-13,2018,0.3951431870187097,0.0114573550583493,0,46,0,1876,1921,0.0006998646767751211
2018-11-14,2018,0.0342224950373708,0.0248175103739116,0,46,0,1876,1921,0.000601110657326127
2018-11-15,2018,0.1236937576228873,-0.0058021398380741,0,46,0,1876,1921,0.0005198873319308985
2018-11-16,2018,-0.6163215737341637,-0.0545624797376143,0,46,0,1876,1921,0.000529367172517067
2018-11-19,2018,0.1697813331409596,0.0397884466462678,0,46,0,1876,1921,0.0003516159695453102
2018-11-20,2018,0.228617804833445,0.004964818773532,0,46,0,1876,1921,0.0003653725155014369
2018-11-21,2018,0.6469291138367909,0.0257075328171664,0,46,0,1876,1921,0.0003450486226073529
2018-11-22,2018,-0.3236962929814805,-0.0381255307882394,0,46,0,1876,1921,0.00037123640498536533
2018-11-26,2018,0.142915000027808,-0.0165586585325329,0,46,0,1876,1921,0.0005128373663092505
2018-11-27,2018,0.506100569399362,0.0101703689956083,0,46,0,1876,1921,0.00040245054878725094
2018-11-28,2018,-0.7516068447886933,-0.0160321282942033,0,47,0,1876,1922,0.00039726703479757436
2018-11-29,2018,0.8134639473139572,0.0157222293694566,0,47,0,1876,1922,0.0004981310994331432
2018-11-30,2018,0.6446458493508457,0.0212851955081982,0,47,0,1876,1922,0.0007620310255860962
2018-12-03,2018,-0.6580629341176049,-0.0144223323232406,0,47,0,1876,1922,0.00040547717360796737
2018-12-04,2018,0.1119531778973718,-0.023715466726547,0,47,0,1876,1922,0.000711039726856581
2018-12-05,2018,0.0922947838347796,-0.0256131762833058,0,47,0,1876,1922,0.00041261225155773886
2018-12-06,2018,0.0233166874313125,0.003297869388752,0,47,0,1876,1922,0.0010147730468245014
2018-12-07,2018,-0.1983716294135167,-0.0360030281275918,0,47,0,1876,1922,0.0007355179815204032
2018-12-10,2018,0.6956686446992913,-0.0035537520025697,0,47,0,1876,1922,0.0008162824550907529
2018-12-11,2018,0.1983988122663496,0.0045183018833514,0,47,0,1876,1922,0.0004776836855342577
2018-12-12,2018,0.1960933226099979,0.0479698394901017,0,48,0,1876,1923,0.0007524617895867901
2018-12-13,2018,-0.5986596320902313,-0.0490633905317938,0,49,0,1876,1924,0.000618689310977788
2018-12-14,2018,0.1894508176013083,-0.0048113384601793,0,49,0,1875,1923,0.001182216381437128
2018-12-17,2018,-0.6747244938028382,-0.0811481346219806,0,49,0,1875,1923,0.0004385627050688023
2018-12-18,2018,0.8069730918425672,0.0175592070791825,0,49,0,1875,1923,0.0016810129847916436
2018-12-19,2018,-0.2211326707188904,-0.0151368971680198,0,51,0,1875,1925,0.0012629551566391867
2018-12-20,2018,-0.4223066026787236,0.025129713929672,0,51,0,1875,1925,0.003955498413784777
2018-12-21,2018,0.3672177725814241,0.0354428623701275,0,54,0,1875,1928,0.0012210085400012512
2018-12-25,2018,-0.1608740718799666,-0.0175958826086987,0,55,0,1875,1929,0.004284466906019059
2018-12-26,2018,0.7278176847308497,0.0098940334499493,0,55,0,1875,1929,0.0006329907464228122
2018-12-27,2018,0.5489716219115298,-0.0254768503325842,0,55,0,1875,1929,0.0010392359526393425
2018-12-28,2019,1.8494335672000517,0.1355562906060511,0,21,0,1910,1930,0.0014873562384501604
2019-01-04,2019,0.7442862516886338,0.0512105522726387,0,21,0,1910,1930,0.0005270845403634339
2019-01-07,2019,1.127327915374529,0.0094332138244681,0,21,0,1910,1930,0.0004932076805762073
2019-01-08,2019,-0.0998813668067567,0.0287324120453788,0,21,0,1910,1930,0.0005397050361864823
2019-01-09,2019,0.3191692819024161,0.0279943236132265,0,21,0,1910,1930,0.0004669092242205536
2019-01-10,2019,0.6111173992138994,0.0348854810940944,0,21,0,1910,1930,0.0007031254500548924
2019-01-11,2019,0.4060164424994705,0.007322693757541,0,21,0,1910,1930,0.0004480522074079873
2019-01-15,2019,0.4381897893959445,0.0039716671233392,0,21,0,1910,1930,0.00043657789179790896
2019-01-16,2019,0.7233590478205452,0.0185535327024104,0,21,0,1910,1930,0.0004583191590345524
2019-01-17,2019,0.6772698286076543,0.0365206602673901,0,21,0,1909,1929,0.0004678924225325101
2019-01-18,2019,0.1508528602836308,0.0174109842599743,0,21,0,1909,1929,0.00033128729767762885
2019-01-21,2019,0.4551969785548018,0.0303955487484242,0,21,0,1909,1929,0.00035951795533494343
2019-01-22,2019,0.5306658027060859,0.0357172637822092,0,21,0,1909,1929,0.00039332589097237024
2019-01-23,2019,-0.4518598263669518,-0.0331609198607742,0,21,0,1909,1929,0.00045961100457326604
2019-01-24,2019,0.134981131018559,-0.0304702669720745,0,21,0,1909,1929,0.00040671436516791665
2019-01-25,2019,-0.0822339049210628,0.021040292576604,0,21,0,1909,1929,0.0003763031158012219
2019-01-28,2019,-0.8555168981349907,-0.01123582078514,0,21,0,1909,1929,0.0007360198304104785
2019-01-29,2019,-0.3127606969588973,-0.0113657348614273,0,21,0,1909,1929,0.0008255425552203426
2019-01-30,2019,0.9866912093833764,0.0308775123229344,0,21,0,1909,1929,0.000856171358019609
2019-01-31,2019,1.0334368701316503,0.054044890708818,0,21,0,1909,1929,0.0010145406690768265
2019-02-01,2019,-0.6829138000326176,-0.0019121635860099,0,21,0,1909,1929,0.0005564510011038156
2019-02-04,2019,-0.712489471959687,-0.0187207575286782,0,21,0,1909,1929,0.0004981980640462852
2019-02-05,2019,-0.474485203777674,-0.0329755207731021,0,21,0,1909,1929,0.0005883875873849332
2019-02-06,2019,0.1298204554817245,0.012672475525329,0,21,0,1909,1929,0.0010307761251671548
2019-02-07,2019,-0.4409304233563388,-0.0288339854367985,0,21,0,1909,1929,0.0014015024209965562
2019-02-08,2019,-1.6011231922672409,-0.0697634823610036,0,21,0,1909,1929,0.0008347124394558285
2019-02-12,2019,-0.4479416767407028,0.0042027682779035,0,21,0,1909,1929,0.0006858958929442757
2019-02-13,2019,-1.335535722488874,-0.0071747366919863,0,21,0,1909,1929,0.000809811426352564
2019-02-14,2019,0.5313398670132917,0.0699408764156194,0,21,0,1909,1929,0.0008764561214535068
2019-02-15,2019,0.0269795445004974,0.0111400425837311,0,21,0,1909,1929,0.00035501380413145863
2019-02-18,2019,0.3569170961949696,0.0144509927135103,0,21,0,1909,1929,0.00033183072357023235
2019-02-19,2019,-0.651228805424641,0.0017108776529271,0,21,0,1909,1929,0.00029163507305040724
2019-02-20,2019,-0.1698206919341604,-0.0031800691562738,0,21,0,1909,1929,0.00031064522128094904
2019-02-21,2019,0.2449502234081905,0.0037893301447185,0,21,0,1909,1929,0.00037483236232802546
2019-02-22,2019,0.7079791421578915,0.0283317175846534,0,21,0,1909,1929,0.0003007170947068591
2019-02-25,2019,0.2819376236108913,-0.0085344850652329,0,21,0,1909,1929,0.0004007532382920623
2019-02-26,2019,0.2554811010579033,0.0203292435022203,0,21,0,1909,1929,0.00040414346635595996
2019-02-27,2019,-0.5028915291069046,-0.0218348252771206,0,21,0,1909,1929,0.000307464939722255
2019-02-28,2019,-0.7243675391995753,-0.0481126110764261,0,22,0,1909,1930,0.000438588682478032
2019-03-01,2019,-0.1494644405254914,0.0038557582024686,0,23,0,1909,1931,0.00034043431152838965
2019-03-04,2019,-0.0804806764374713,-0.008838546211987,0,23,0,1909,1931,0.00025721769285507595
2019-03-05,2019,-0.1088703520104813,-0.0040454151306188,0,24,0,1909,1932,0.00044301953767992164
2019-03-06,2019,0.0088590374336412,-0.041858011460281,0,24,0,1909,1932,0.0009545471615483201
2019-03-07,2019,-1.0614198543984024,-0.018124958340919,0,24,0,1909,1932,0.00041498536406802143
2019-03-08,2019,-0.3620392324033379,-0.0554579403724911,0,24,0,1909,1932,0.0005816228151721124
2019-03-11,2019,0.2552844539949109,0.0343266415493789,0,24,0,1909,1932,0.0003875432701640822
2019-03-12,2019,0.5937071020668554,-0.0261509745896001,0,24,0,1909,1932,0.0003269464433901365
2019-03-13,2019,0.5139998578499885,-0.0251571678432598,0,25,0,1909,1933,0.0004400837004580863
2019-03-14,2019,0.4840233794098457,0.0577976022998888,0,25,0,1909,1933,0.000566802868161586
2019-03-15,2019,-0.0094267994338272,0.0066519663009152,0,26,0,1909,1934,0.0003143701899774527
2019-03-18,2019,0.5212415113164414,0.0314962166819728,0,26,0,1909,1934,0.00028758868973251684
2019-03-19,2019,0.0201760313815794,0.0274110254551505,0,27,0,1909,1935,0.00040835529797916793
2019-03-20,2019,-0.7074246447037892,-0.0312332029048939,0,28,0,1909,1936,0.0008783176924457233
2019-03-22,2019,-0.6142138404896826,-0.0079943447130919,0,28,0,1909,1936,0.001131630571140778
2019-03-25,2019,0.0741066449685553,-0.029332106446563,0,28,0,1909,1936,0.00047308443184922687
2019-03-26,2019,-0.2296802053470597,-0.0147512497847422,0,28,0,1909,1936,0.0006896532106360441
2019-03-27,2019,0.9117026693626332,0.0508185605755061,0,28,0,1909,1936,0.000363686465975075
2019-03-28,2019,0.5273383432367685,0.0585184578252081,0,29,0,1909,1937,0.0007018474083817345
2019-03-29,2019,0.4011789675688053,-0.0092199273932022,0,29,0,1909,1937,0.0004954467411751951
2019-04-01,2019,0.963978317717225,0.0002415322226993,0,29,0,1909,1937,0.0004333600976373889
2019-04-02,2019,1.1039488393229857,0.0862306159482675,0,29,0,1909,1937,0.0003261432809659628
2019-04-03,2019,-0.0526810664529818,-0.0002331702219636,0,29,0,1909,1937,0.0003700034332343006
2019-04-04,2019,-0.2639389263712816,0.0124447887398401,0,29,0,1909,1937,0.0002918004443318352
2019-04-05,2019,-0.4350892279076566,-0.0107336346053222,0,29,0,1909,1937,0.0003028752625128164
2019-04-08,2019,-0.0481744937801663,0.0013252870531884,0,29,0,1909,1937,0.00024314977357560346
2019-04-09,2019,0.4608759662123678,0.0610072625723861,0,29,0,1909,1937,0.0003332632902512126
2019-04-10,2019,-0.3118787125464705,-0.0265678288390692,0,29,0,1910,1938,0.0002783677635563084
2019-04-11,2019,-0.9724392494218924,-0.051305957049292,0,29,0,1910,1938,0.0008255075821496722
2019-04-12,2019,-0.4194533037028734,-0.016971079676458,0,29,0,1910,1938,0.0003383556336954138
2019-04-15,2019,-0.5978816056805075,-0.0130002270516694,0,29,0,1910,1938,0.0004100617808466771
2019-04-16,2019,0.0582599394137623,0.0115778579369883,0,29,0,1910,1938,0.0005373802724813566
2019-04-17,2019,0.1006273245583349,0.0047241087529966,0,29,0,1910,1938,0.00034462695640433496
2019-04-18,2019,0.0561957085417372,0.0410534282736995,0,29,0,1910,1938,0.00026317894017655676
2019-04-19,2019,0.7423182798912288,0.0483913362468645,0,29,0,1910,1938,0.00021445514035711529
2019-04-22,2019,-0.6397553254629312,-0.0085665589904672,0,29,0,1910,1938,0.0003568989182260036
2019-04-23,2019,-0.0881116157782721,-0.0163556073520551,0,29,0,1910,1938,0.0003873818673308951
2019-04-24,2019,-0.4851765718453788,-0.0556591594566643,0,29,0,1910,1938,0.0004253417843771278
2019-04-25,2019,1.0552175337095109,0.0566238506825713,0,29,0,1910,1938,0.0008974711427109799
2019-04-26,2019,-0.1124737083855394,-0.038748257177265,0,29,0,1910,1938,0.0006935542860891236
2019-05-07,2019,0.408150317588932,0.0061749475985122,0,29,0,1910,1938,0.0009338092856997972
2019-05-08,2019,-0.0289143419875308,0.0005038564527373,0,29,0,1910,1938,0.0008149602324554085
2019-05-09,2019,0.0350199108286484,0.0484479676660304,0,29,0,1910,1938,0.001466572955599575
2019-05-10,2019,-0.501985959935093,0.0012605984941968,0,29,0,1910,1938,0.0010249091650708878
2019-05-13,2019,0.419697069519487,0.0097268261994502,0,29,0,1910,1938,0.001173955847412301
2019-05-14,2019,-1.4101481206733462,-0.0247968005895844,0,29,0,1910,1938,0.001062435265574011
2019-05-15,2019,-0.3156643508083257,-0.009502961344922,0,29,0,1910,1938,0.0006190625134673133
2019-05-16,2019,-0.3804196262893843,-0.0491933610280271,0,29,0,1910,1938,0.0004887913120309207
2019-05-17,2019,0.3108915565673058,-0.0314415523134823,0,29,0,1910,1938,0.0003861994793247774
2019-05-20,2019,-0.28227556806641,0.0097471285737854,0,29,0,1910,1938,0.00033104031591371614
2019-05-21,2019,-0.10773497861912,-0.0289857907911359,0,29,0,1910,1938,0.0004229248059214644
2019-05-22,2019,-0.4115794520578044,0.011958504968088,0,29,0,1910,1938,0.00030733940454350433
2019-05-23,2019,-0.0307055589715496,0.0093342488578455,0,29,0,1910,1938,0.00033468759690701347
2019-05-24,2019,0.3933154753294669,0.061290265944093,0,29,0,1910,1938,0.00039203762849665405
2019-05-27,2019,-0.1463675727775936,-0.0179696658424375,0,29,0,1910,1938,0.0003726169254590876
2019-05-28,2019,0.4156976352085412,0.0188196781619241,0,29,0,1910,1938,0.0003918396048339134
2019-05-29,2019,-0.4341069109698061,-0.0049437535315556,0,29,0,1910,1938,0.00041254175319646526
2019-05-30,2019,0.6859241710275903,0.0096428516162794,0,29,0,1910,1938,0.000733854620346535
2019-05-31,2019,0.4207912319101083,-0.0116835094401814,0,29,0,1910,1938,0.000537437622701991
2019-06-03,2019,-0.2928249926670763,0.0037680186587711,0,30,0,1910,1939,0.0008579368743683118
2019-06-04,2019,0.2491506063306111,0.0235032190415218,0,30,0,1910,1939,0.0003797182151249555
2019-06-05,2019,0.1289434284220926,0.0012057599620195,0,30,0,1910,1939,0.0004034175860343564
2019-06-06,2019,-0.4988605792297456,0.010240941109325,0,30,0,1910,1939,0.00048782292932561414
2019-06-07,2019,-0.0177701102250373,0.0269680847767634,0,30,0,1910,1939,0.00029802848472376784
2019-06-10,2019,-0.0296037540378053,0.0062255827804444,0,30,0,1910,1939,0.0002738389542736612
2019-06-11,2019,0.516069560758243,0.005998713152198,0,30,0,1910,1939,0.00040517390339490906
2019-06-12,2019,-0.2189405779882379,-0.009409899820346,0,31,0,1910,1940,0.00031733574230040254
2019-06-13,2019,0.0521483413867528,0.0093895603043188,0,31,0,1910,1940,0.00038385358415596554
2019-06-14,2019,0.2415944012462798,0.0190073683550223,0,31,0,1910,1940,0.0004633575465034973
2019-06-17,2019,-0.6707013441837782,-0.0273259866729718,0,31,0,1910,1940,0.0007352784569515898
2019-06-18,2019,-1.1533070083154373,-0.0183265914165705,0,32,0,1910,1941,0.00030508495359262273
2019-06-19,2019,-0.3668100172466381,-0.0325784424241888,0,33,0,1910,1942,0.0004460519344717657
2019-06-20,2019,0.2550738598639047,-0.033303751816634,0,33,0,1910,1942,0.00026659221778227817
2019-06-21,2019,-0.5628675765822463,0.0088787130212358,0,33,0,1910,1942,0.0002841025979499622
2019-06-24,2019,0.5333482712335277,0.0349484448914277,0,33,0,1910,1942,0.0004246480522206825
2019-06-25,2019,-0.8093192405720991,-0.0870703384855383,0,33,0,1910,1942,0.000562203627688921
2019-06-26,2019,-0.4566481358105789,-0.0130878621743617,0,33,0,1910,1942,0.00037802445021579886
2019-06-27,2019,-0.4062850410673704,-0.0336520682555121,0,34,0,1910,1943,0.0009256464075210586
2019-06-28,2019,0.0977161612670422,-0.0120149067063172,0,34,0,1910,1943,0.00030170522085704434
2019-07-01,2019,-0.6052645829619027,-0.0650528126878869,0,34,0,1910,1943,0.0003030512002824309
2019-07-02,2019,-0.0127464049110133,-0.0215665521603082,0,34,0,1910,1943,0.0002896978994037496
2019-07-03,2019,-0.5926453616702809,-0.003771127263696,0,34,0,1910,1943,0.00023422933913621547
2019-07-04,2019,-0.0173007541743475,-0.0191572789193381,0,34,0,1910,1943,0.0002825670271095684
2019-07-05,2019,0.1539371690535909,0.0589052235239133,0,34,0,1910,1943,0.0002466352885340954
2019-07-08,2019,-0.3216427678829771,-0.0248855686135401,0,34,0,1910,1943,0.00024314338191781112
2019-07-09,2019,0.785227325771707,0.0284244558320612,0,34,0,1910,1943,0.00032518263994237663
2019-07-10,2019,0.995799254315458,0.0650515679402262,0,34,0,1910,1943,0.00034191589911284096
2019-07-11,2019,-0.4574178378219918,-0.0043569269256642,0,34,0,1910,1943,0.0005295428004035452
2019-07-12,2019,0.4730253949713996,0.026592737993908,0,34,0,1910,1943,0.0002496465093834179
2019-07-16,2019,0.1081465062762282,-0.031191413604645,0,34,0,1910,1943,0.0008459817499640362
2019-07-17,2019,0.5751982769507489,0.0470279772009022,0,34,0,1910,1943,0.0006254409703289296
2019-07-18,2019,-0.1659824330489797,0.0043830561308612,0,35,0,1910,1944,0.00028024169620732636
2019-07-19,2019,0.237417607369494,0.0311284762510394,0,35,0,1910,1944,0.00027799991298546714
2019-07-22,2019,0.1470717970939142,0.0038862289745439,0,35,0,1910,1944,0.0002395236464069954
2019-07-23,2019,-0.1962170498742255,0.0413906188837293,0,35,0,1910,1944,0.0002882160188032565
2019-07-24,2019,0.053357918222884,-0.0101515705386199,0,35,0,1910,1944,0.0002817321759266068
2019-07-25,2019,-0.0275292871815582,-0.0274847941499482,0,35,0,1910,1944,0.00029912307162120077
2019-07-26,2019,0.6211924247613325,0.0013464100940216,0,35,0,1910,1944,0.00036662103210165334
2019-07-29,2019,0.1779249410084074,0.0141788396144279,0,36,0,1910,1945,0.00047654470806682877
2019-07-30,2019,-0.7825555906313344,-0.0315489385267862,0,36,0,1910,1945,0.00046712735611072057
2019-07-31,2019,0.525737848754171,0.0744903674606733,0,36,0,1910,1945,0.0011249471262139382
2019-08-01,2019,-0.8492581082257645,-0.0348116128668773,0,36,0,1910,1945,0.0009662710987728314
2019-08-02,2019,-0.5618766751295937,0.0160140636494893,0,36,0,1910,1945,0.0004002277693131723
2019-08-05,2019,-0.3745137270808954,0.0252675144248337,0,36,0,1910,1945,0.0005954416260824223
2019-08-06,2019,-0.1404087872648591,0.0467997245435774,0,36,0,1910,1945,0.0006005349816980318
2019-08-07,2019,-0.0929775472720264,0.0089221247469971,0,36,0,1910,1945,0.0005850270460524051
2019-08-08,2019,-0.1758073538927303,-0.029785633748335,0,36,0,1910,1945,0.0010895889903300784
2019-08-09,2019,1.7306567127641916,0.0641089751855153,0,37,0,1910,1946,0.0006191892396818539
2019-08-13,2019,0.4669819020966264,0.0386449143658556,0,37,0,1910,1946,0.0006276973485376795
2019-08-14,2019,-0.1775585216442506,0.0172461520693476,0,37,0,1910,1946,0.00033666553394098885
2019-08-15,2019,-0.1991287592259751,-0.0102758888001169,0,37,0,1910,1946,0.0003654605910006308
2019-08-16,2019,-0.2025075978869104,-0.0009530864549355,0,37,0,1910,1946,0.0004573612969566781
2019-08-19,2019,-0.4256754302800266,-0.0390787355649176,0,37,0,1910,1946,0.0003361910499477863
2019-08-20,2019,-0.2348482462838602,-0.0135825722313586,0,37,0,1910,1946,0.0002560224441852718
2019-08-21,2019,0.1416132054398557,0.0144533429517115,0,37,0,1910,1946,0.0002193717452851398
2019-08-22,2019,-0.2303025699920808,-0.037458844844106,0,37,0,1910,1946,0.0006434184863525245
2019-08-23,2019,-0.6398886722342318,-0.0072022709749719,0,37,0,1910,1946,0.00031522018101761746
2019-08-26,2019,0.8491845277324647,0.0637449521698505,0,37,0,1910,1946,0.00026381719878581166
2019-08-27,2019,-0.0534502345422779,-0.0109037536184139,0,37,0,1910,1946,0.0002886694791737545
2019-08-28,2019,-0.018953001786978,-0.0124397033510805,0,37,0,1910,1946,0.0006921384242703838
2019-08-29,2019,-0.3795775276025441,-0.0025845382974582,0,37,0,1910,1946,0.0003161116347196297
2019-08-30,2019,-0.0995399869963075,-0.0212782791527356,0,37,0,1910,1946,0.00026632313198512433
2019-09-02,2019,-0.1358481024819754,-0.0085658718665194,0,38,0,1910,1947,0.0002687417105698169
2019-09-03,2019,0.983240002319075,0.087652566186622,0,38,0,1910,1947,0.0006559180691416905
2019-09-04,2019,-0.4156241299985037,-0.0230334877459967,0,38,0,1910,1947,0.00023701259508990372
2019-09-05,2019,0.6786849587078972,0.0229705104615204,0,38,0,1910,1947,0.0003844956164666892
2019-09-06,2019,0.1229734421277134,-0.0053176300124946,0,38,0,1910,1947,0.0005186559335165396
2019-09-09,2019,0.5024781102153207,0.0228778225900686,0,38,0,1910,1947,0.0006196422086497525
2019-09-10,2019,-0.3776845875702277,0.0211406842315851,0,38,0,1910,1947,0.0003582879546145804
2019-09-11,2019,-0.164438749030598,-0.0320920907684997,0,38,0,1910,1947,0.0003605872263626979
2019-09-12,2019,0.2617505826006219,0.0217089697755672,0,38,0,1910,1947,0.0003761443465835384
2019-09-13,2019,-0.4558065762122365,-0.0245057725910361,0,38,0,1909,1946,0.00036527135538816125
2019-09-17,2019,0.3719653647430103,0.0003858750843914,0,38,0,1908,1945,0.00037241797233594087
2019-09-18,2019,-0.7029958350133585,-0.0309748951765605,0,38,0,1908,1945,0.0003452106472665088
2019-09-19,2019,0.0707769830264974,0.0359769908305488,0,38,0,1908,1945,0.00037946624556942175
2019-09-20,2019,0.2503150702753436,0.0194871653374702,0,39,0,1908,1946,0.00020293984111565989
2019-09-24,2019,-0.5143302827255039,0.0252435957076724,0,40,0,1908,1947,0.00028274041087165746
2019-09-25,2019,-0.8360642107439631,-0.0315501121279638,0,40,0,1908,1947,0.0004982723014428403
2019-09-26,2019,0.2821543236904874,0.0506352471257497,0,40,0,1908,1947,0.00036976300368309696
2019-09-27,2019,-0.4865520326599428,-0.0383635708560061,0,40,0,1909,1948,0.0005035981959135076
2019-09-30,2019,0.97071920632704,0.0628863149270811,0,40,0,1909,1948,0.00027281687468658726
2019-10-01,2019,-0.2290688513557614,0.0019653182586639,0,40,0,1910,1949,0.0005340368325572824
2019-10-02,2019,0.5537958973440078,0.0257726451508264,0,40,0,1910,1949,0.0002688709325927683
2019-10-03,2019,-0.0985865411818786,-0.0320983238446748,0,40,0,1910,1949,0.0002155539445681316
2019-10-04,2019,-0.2366312499398522,0.0004564206625279,0,40,0,1910,1949,0.00040562380859541684
2019-10-07,2019,0.4824033372687893,0.0341874717381919,0,40,0,1910,1949,0.0002305456033504999
2019-10-08,2019,0.6731175902772456,0.0419271503474771,0,41,0,1910,1950,0.00028181764050506274
2019-10-09,2019,-0.5043057177409543,0.0208033318820145,0,42,0,1910,1951,0.0003300087886280238
2019-10-10,2019,-0.7782467058058392,0.0028787724661995,0,42,0,1910,1951,0.0005977598998959685
2019-10-11,2019,0.5861541485151525,0.0155902796301909,0,42,0,1910,1951,0.0004370054829220587
2019-10-15,2019,0.4590126148933608,0.0230608656839633,0,42,0,1910,1951,0.00026350778939925604
2019-10-16,2019,-0.3282010762161889,-0.0145564663331519,0,42,0,1910,1951,0.00030688223553758815
2019-10-17,2019,-0.2170202398067647,-0.0060193405866808,0,42,0,1910,1951,0.00034716302233676844
2019-10-18,2019,0.5259213925702214,0.0140735273897195,0,42,0,1910,1951,0.0003593306341957513
2019-10-21,2019,-0.0065695729713836,-0.0372688410915514,0,42,0,1910,1951,0.0003384781432111236
2019-10-23,2019,0.1864146182409385,0.0028572387561515,0,42,0,1910,1951,0.00026555329074562346
2019-10-24,2019,0.3429594064113911,0.0185642620968502,0,42,0,1910,1951,0.0003501464150227614
2019-10-25,2019,0.7460980363245828,-0.0062965778062254,0,43,0,1910,1952,0.0003656024175934034
2019-10-28,2019,-0.4334800827918068,-0.0038492298537366,0,44,0,1910,1953,0.0006308958673686326
2019-10-29,2019,0.0391264370439008,0.0291390130104154,0,44,0,1910,1953,0.0005265010170722522
2019-10-30,2019,-0.6473702504755701,-0.0171035151216585,0,45,0,1910,1954,0.0005377236470904711
2019-10-31,2019,0.3146678442287853,-0.0097964733841187,0,45,0,1910,1954,0.0007381296063867769
2019-11-01,2019,-0.0241962381508583,0.0072432294724117,0,46,0,1910,1955,0.0004348586759214228
2019-11-05,2019,-1.0358676304281005,-0.0171631221564669,0,46,0,1910,1955,0.0004198805041668977
2019-11-06,2019,0.4783654813461516,0.0206218742232822,0,46,0,1910,1955,0.000561532948592994
2019-11-07,2019,0.3257261293806888,0.008212734051916,0,46,0,1910,1955,0.0006412749161749274
2019-11-08,2019,0.9035097949114492,0.0175006199641965,0,46,0,1910,1955,0.000375051720017264
2019-11-11,2019,0.0630385841244593,0.0150474964322042,0,46,0,1910,1955,0.00043942001181038117
2019-11-12,2019,-0.196437666699096,-0.0175938661252122,0,46,0,1910,1955,0.0005771212316229867
2019-11-13,2019,0.0026408299867695,-0.0160083235666745,0,46,0,1910,1955,0.0006346759862430115
2019-11-14,2019,-0.0385029600229119,0.0252168676999447,0,46,0,1910,1955,0.0003808833883974929
2019-11-15,2019,0.3745001532073663,-0.015888973392871,0,46,0,1910,1955,0.0003005198202872132
2019-11-18,2019,0.2576700937172658,0.0537188075985554,0,46,0,1910,1955,0.0003190783291678785
2019-11-19,2019,-0.3386265298811541,-0.0469040847328571,0,46,0,1910,1955,0.0002447859144647886
2019-11-20,2019,-0.7188996627499352,-0.0261813404759885,0,46,0,1910,1955,0.0002662875783765716
2019-11-21,2019,0.8196739651045003,-0.0060748042899615,0,46,0,1910,1955,0.0004006997558095691
2019-11-22,2019,0.3411355256875847,0.0379582786627839,0,46,0,1910,1955,0.00029340047984661674
2019-11-25,2019,-0.3037109023173103,0.00687713362244,0,46,0,1910,1955,0.000335877718107354
2019-11-26,2019,0.0427461070046072,-0.0374722877011092,0,46,0,1910,1955,0.00024285534432794465
2019-11-27,2019,0.2061151835685358,0.0511660053235192,0,46,0,1910,1955,0.00022649206899862047
2019-11-28,2019,0.970605026549192,0.045348130879352,0,46,0,1910,1955,0.0003058336401040807
2019-11-29,2019,0.3438013491897589,-0.0510081994304138,0,46,0,1910,1955,0.000305924213645575
2019-12-02,2019,-0.4113540351959497,0.0133910439458153,0,46,0,1910,1955,0.00028071481677407784
2019-12-03,2019,-0.1021713997777569,-0.0001129054958586,0,46,0,1910,1955,0.00032123612534719554
2019-12-04,2019,-0.2949276082017131,-0.0284233771326747,0,46,0,1910,1955,0.00024949094793904594
2019-12-05,2019,0.2764253645057901,0.0133460037856447,0,46,0,1910,1955,0.0003488916771396134
2019-12-06,2019,0.463762347020137,0.011053863243072,0,46,0,1910,1955,0.0002406255344410121
2019-12-09,2019,0.5864002695300835,-0.0204750365465101,0,46,0,1910,1955,0.0002399369629556495
2019-12-10,2019,0.3704937253049529,0.0166755696861137,0,47,0,1910,1956,0.00026152889582847506
2019-12-11,2019,-0.0611064502742813,-0.0190182451773813,0,48,0,1910,1957,0.000501465801524065
2019-12-12,2019,0.1967210400706488,0.0002566811595731,0,49,0,1910,1958,0.0003482438354858885
2019-12-13,2019,0.0488466995939417,-0.0020450011970179,0,49,0,1910,1958,0.00047108885653741775
2019-12-16,2019,-0.5011375985146076,-0.033162529301722,0,51,0,1910,1960,0.00034259493496530596
2019-12-17,2019,-0.2075523894653193,-0.0259965873941335,0,53,0,1910,1962,0.00028855970036497747
2019-12-18,2019,0.4950239630246535,0.0278908094195593,0,55,0,1910,1964,0.0003208892092684229
2019-12-19,2019,0.2339114626392434,0.0154699815371847,0,56,0,1910,1965,0.00029706980218243735
2019-12-20,2019,0.7612564572739244,0.066592875600766,0,56,0,1910,1965,0.00019740124580678057
2019-12-23,2019,-0.4379199899740646,0.0228711227578566,0,56,0,1910,1965,0.0003501033058429558
2019-12-24,2019,0.150392784359429,0.0428847158280391,0,56,0,1910,1965,0.0002506198071825763
2019-12-25,2019,0.0662452495289267,0.0167642041308586,0,57,0,1910,1966,0.0003195094704197195
2019-12-26,2019,-0.1736587643374016,-0.0342609447566732,0,57,0,1910,1966,0.0003001575717481796
2019-12-27,2019,-0.5728436150621047,-0.0276849644955676,0,57,0,1910,1966,0.0005328430470314195
2019-12-30,2020,0.8582834505884787,0.0459671861201552,0,25,0,1942,1966,0.000525553813468277
2020-01-06,2020,0.5729028973636728,0.0350974842348123,0,25,0,1942,1966,0.000525975053873948
2020-01-07,2020,-0.521605312836062,-0.0813290159113706,0,25,0,1942,1966,0.000561914021342293
2020-01-08,2020,0.0160526780992035,0.0179944999571773,0,25,0,1942,1966,0.0003263249482256794
2020-01-09,2020,-0.7272838644061475,-0.0738884153961166,0,25,0,1942,1966,0.0005084177876468629
2020-01-10,2020,0.1737326113213942,0.0432393442697893,0,25,0,1942,1966,0.0003968313028972423
2020-01-14,2020,0.2119972593023985,-0.0348887324087584,0,25,0,1942,1966,0.0002961686085053784
2020-01-15,2020,0.295238795642298,0.0241582187140379,0,25,0,1942,1966,0.00023977618770486516
2020-01-16,2020,-0.3925548505416563,-0.0066716161491313,0,25,0,1942,1966,0.0003010109495973722
2020-01-17,2020,0.1527141198407452,0.0440307222522847,0,25,0,1942,1966,0.0002671892402866304
2020-01-20,2020,0.8024135140492549,0.0082705821427854,0,25,0,1942,1966,0.000263470079819407
2020-01-21,2020,-0.5898089550834286,-0.0767499612600707,0,25,0,1942,1966,0.0003056930529246978
2020-01-22,2020,-0.1987910421201902,-0.0256948900733359,0,25,0,1942,1966,0.00031447697035919957
2020-01-23,2020,-0.1868710272684778,0.002641515790017,0,25,0,1942,1966,0.0007483674042933239
2020-01-24,2020,0.1914976438731388,0.0409235566061432,0,25,0,1942,1966,0.0003448393039935074
2020-01-27,2020,-0.2005084271465461,-0.042113960046677,0,25,0,1942,1966,0.0003251139075990303
2020-01-28,2020,0.714195490573904,0.0696622359413767,0,25,0,1942,1966,0.0008053620263908246
2020-01-29,2020,0.6176989747699254,0.0187816282775105,0,25,0,1942,1966,0.0005360212704261276
2020-01-30,2020,-0.1265472176323359,0.021870729668857,0,25,0,1942,1966,0.0006079461724555664
2020-01-31,2020,0.3280813162034495,0.062996725626318,0,25,0,1942,1966,0.0005613982588406697
2020-02-03,2020,-0.2617728611502231,-0.0077707026982084,0,25,0,1942,1966,0.000429000787955606
2020-02-04,2020,-0.2375183432151679,0.0137858417275389,0,25,0,1942,1966,0.000699352147340271
2020-02-05,2020,-0.6349192842873099,0.0035573597013382,0,25,0,1942,1966,0.00047770793782351336
2020-02-06,2020,0.4149139727483749,0.0193174674942978,0,25,0,1942,1966,0.0004656027588606796
2020-02-07,2020,0.5507946296555466,0.0413838329167961,0,26,0,1942,1967,0.0005506794110437348
2020-02-10,2020,-0.0770111585609683,-0.0378396744145188,0,26,0,1942,1967,0.000566219920033616
2020-02-12,2020,0.8327828873284316,0.0198302819883103,0,26,0,1942,1967,0.0006883178546536296
2020-02-13,2020,0.6363583527876328,0.0073802409294384,0,26,0,1942,1967,0.0008160521933377402
2020-02-14,2020,0.2945747295676859,-0.0055452957616888,0,26,0,1942,1967,0.0006546360813227437
2020-02-17,2020,0.2067388847238828,0.0487910525365121,0,26,0,1942,1967,0.0003974723648229003
2020-02-18,2020,0.3813248930550814,-0.0285586893144139,0,26,0,1942,1967,0.00027349687687498546
2020-02-19,2020,-0.6330678948010012,-0.0006021345408762,0,26,0,1942,1967,0.00028179075101944924
2020-02-20,2020,-0.0166661883256521,-0.0075618497864122,0,26,0,1942,1967,0.0019786012784468853
2020-02-21,2020,0.2381952241754786,0.0257567360826906,0,26,0,1942,1967,0.00041490124355717385
2020-02-25,2020,0.8569307012188858,0.0095521914992752,0,26,0,1942,1967,0.0015434090147256401
2020-02-26,2020,0.3352212188931721,-0.002925089957652,0,26,0,1942,1967,0.0029410937924710576
2020-02-27,2020,0.7152173276085172,0.0858333406597472,0,26,0,1942,1967,0.0019796301573842125
2020-02-28,2020,0.4123285828360744,0.000717462201912,0,26,0,1942,1967,0.0008355304976563214
2020-03-02,2020,-0.0980072708237406,0.0002902795902003,0,27,0,1942,1968,0.00032384345129391
2020-03-03,2020,0.5184670046326244,0.0701059050475109,0,27,0,1942,1968,0.00036238156652065043
2020-03-04,2020,0.1335992161449439,0.0133486933705373,0,27,0,1942,1968,0.0017933459529834326
2020-03-05,2020,-0.2707607747713325,-0.0161613289234911,0,27,0,1942,1968,0.005386039330017006
2020-03-06,2020,-1.4539283704493258,-0.0412519302478764,0,27,0,1942,1968,0.0011060794722270596
2020-03-09,2020,1.1895850996819075,0.0013665916854663,0,28,0,1942,1969,0.0013161523917377598
2020-03-10,2020,0.7123054620744066,0.0618932296192377,0,29,0,1942,1970,0.0027509640717844636
2020-03-11,2020,-0.621631667674348,-0.0179985357923742,0,29,0,1942,1970,0.004752758961955501
2020-03-12,2020,-0.9223437416647596,0.0167860460456818,0,29,0,1942,1970,0.0012624305809950584
2020-03-13,2020,-0.0567695363375465,0.0175578733953575,0,30,0,1942,1971,0.0037913460898090557
2020-03-16,2020,0.7348562615750716,0.0275756291285557,0,30,0,1942,1971,0.001996251353449112
2020-03-17,2020,-1.8102918950307512,-0.0465569773117552,0,30,0,1942,1971,0.0042047336927666535
2020-03-18,2020,2.32409761918612,0.069115769702431,0,30,0,1942,1971,0.003046030838592417
2020-03-19,2020,4.312618424889543,0.1175894371614003,0,30,0,1942,1971,0.0037836032182848823
2020-03-23,2020,1.1452187855077014,0.0526661814675452,0,30,0,1942,1971,0.005132824072365179
2020-03-24,2020,-0.0466745955187087,0.0070057538931823,0,30,0,1942,1971,0.0017616516839504641
2020-03-25,2020,0.7911708858390357,0.0264462077526625,0,30,0,1942,1971,0.002866814625545621
2020-03-26,2020,-0.8105957139640504,-0.0283575215334287,0,31,0,1942,1972,0.0019808123602934667
2020-03-27,2020,-0.7497142590157674,-0.0067117009241886,0,31,0,1942,1972,0.0012556242886074544
2020-03-30,2020,0.1707446044441928,0.0198232890108123,0,32,0,1942,1973,0.00229935995053965
2020-03-31,2020,-0.7937283734719672,-0.0513112627829012,0,33,0,1942,1974,0.001444375560109862
2020-04-01,2020,-1.4256375693661294,-0.0506073083648811,0,33,0,1942,1974,0.0011607181644283718
2020-04-02,2020,-1.5324563582388606,-0.062824776266133,0,33,0,1942,1974,0.002262240428080358
2020-04-03,2020,1.002367468176993,0.0111641478159437,0,33,0,1942,1974,0.0017643136101015853
2020-04-06,2020,0.4620586778502555,0.0200169854247114,0,33,0,1942,1974,0.0011729794537448477
2020-04-07,2020,0.902330090475164,0.0892528106307804,0,33,0,1942,1974,0.0008485035829456459
2020-04-08,2020,0.5424327268091748,0.0652822847715297,0,33,0,1942,1974,0.0006833435125513344
2020-04-09,2020,-0.1363463146589764,-0.0719944437517488,0,33,0,1942,1974,0.0009534907413089789
2020-04-10,2020,0.2149606260315663,0.0095939568085796,0,33,0,1942,1974,0.0009494464599917054
2020-04-13,2020,-0.6793886962161256,-0.0035314171447051,0,33,0,1942,1974,0.0009318393509082187
2020-04-14,2020,0.2840945441715761,0.0246062951053135,0,33,0,1942,1974,0.0011188504879188635
2020-04-15,2020,-0.1002670699827385,0.0182483250402739,0,33,0,1942,1974,0.0006599633717750898
2020-04-16,2020,0.6666619431475933,-0.0034394174640099,0,33,0,1942,1974,0.0008456399685131825
2020-04-17,2020,-0.3347213509416645,-0.0089263614795909,0,33,0,1942,1974,0.0009786024609367504
2020-04-20,2020,-0.4823894728178164,-0.0073533531604648,0,33,0,1942,1974,0.0007923477770330196
2020-04-21,2020,0.5928729758105007,0.1051931842907967,0,33,0,1942,1974,0.0011104748482104324
2020-04-22,2020,-0.9744959014576372,-0.0219746783732321,0,33,0,1942,1974,0.000571800085618112
2020-04-23,2020,0.9302861060451952,-4.8845612250231407e-05,0,33,0,1942,1974,0.0008484924301125832
2020-04-24,2020,-0.2452648255825253,-0.0083387563654837,0,33,0,1942,1974,0.0006740890176967442
2020-04-27,2020,1.7947075772831065,0.0883758367276638,0,33,0,1942,1974,0.0011706308792093637
2020-04-28,2020,-0.4745390473469655,-0.0598802776726471,0,33,0,1942,1974,0.0009892765362597815
2020-04-30,2020,0.8627226207993542,-0.0251698230933259,0,33,0,1942,1974,0.0009346025966813491
2020-05-01,2020,1.397506328938406,0.0797897405936433,0,33,0,1942,1974,0.001172550060801172
2020-05-07,2020,0.7616677293140685,0.0145146681338764,0,33,0,1942,1974,0.0017242935419540402
2020-05-08,2020,0.9347713332361072,0.0617422367856033,0,33,0,1942,1974,0.0006569006282323973
2020-05-11,2020,0.9251873156879528,0.0298876482954674,0,33,0,1942,1974,0.0008101244832126315
2020-05-12,2020,-0.4769131573719936,-0.0887924674349818,0,33,0,1942,1974,0.001467784413067063
2020-05-13,2020,-0.4950047740006038,0.0464183467319517,0,33,0,1942,1974,0.0008702863246700953
2020-05-14,2020,-0.4369437619316526,-0.0055915615813137,0,33,0,1942,1974,0.0010344136502760373
2020-05-15,2020,0.2828309196122796,-0.0407519301521701,0,33,0,1942,1974,0.000888158108317718
2020-05-18,2020,0.7054710179141844,0.059634412317572,0,33,0,1942,1974,0.0006680783256767226
2020-05-19,2020,-0.2699598242933589,0.0269349781783772,0,33,0,1942,1974,0.00045719808949628454
2020-05-20,2020,-1.4820086895341045,-0.1043086381215802,0,33,0,1942,1974,0.00048364788852362374
2020-05-21,2020,0.1196937552055175,-0.0243162423032272,0,33,0,1942,1974,0.0010736992194361427
2020-05-22,2020,1.1556341948461413,0.061252053501509,0,33,0,1942,1974,0.000994219316303459
2020-05-25,2020,-0.8443522773647226,-0.0208769385588573,0,33,0,1942,1974,0.0008095639920755013
2020-05-26,2020,0.7376851354949596,-0.0012118820502126,0,33,0,1942,1974,0.0006454902611968332
2020-05-27,2020,-0.6888229828138887,-0.0530386072761926,0,33,0,1942,1974,0.0008457775820655317
2020-05-28,2020,-0.3512597422959087,0.0180000216102124,0,33,0,1942,1974,0.0006946036593998196
2020-05-29,2020,-0.1096988045908945,0.0263138188901395,0,33,0,1942,1974,0.0006296147800206919
2020-06-01,2020,0.6280413437527329,0.02648278652037,0,33,0,1942,1974,0.0003995273892508832
2020-06-02,2020,1.0016716251202618,0.0222029328863368,0,33,0,1942,1974,0.0004403290648304956
2020-06-03,2020,0.6442855562744292,0.0080311965500773,0,33,0,1942,1974,0.0005508668660093219
2020-06-04,2020,1.236901937731681,0.083271443553785,0,33,0,1942,1974,0.0008935777389885396
2020-06-05,2020,0.5337678749276814,0.036688850079205,0,33,0,1942,1974,0.00041328451091967737
2020-06-08,2020,0.4098548555384214,-0.0039961862569468,0,33,0,1942,1974,0.0004770802097909421
2020-06-09,2020,-2.5346311881322503,-0.0870659815395377,0,33,0,1942,1974,0.0012744161219527825
2020-06-10,2020,-0.1695788949419233,0.0073630070532699,0,33,0,1942,1974,0.0006722594842977417
2020-06-11,2020,-1.267388168735181,-0.039361803142035,0,33,0,1942,1974,0.001388163585490296
2020-06-12,2020,-2.0063830349187106,-0.0958246190618349,0,33,0,1942,1974,0.0026673739731430503
2020-06-15,2020,0.6107995926143938,0.0423051540294739,0,33,0,1942,1974,0.00044998200221751787
2020-06-16,2020,-0.7954996446907329,-0.0039310071177172,0,33,0,1942,1974,0.00039941207539397137
2020-06-17,2020,0.3163800507276404,-0.0062244181020692,0,33,0,1942,1974,0.0004615704057574053
2020-06-18,2020,-0.2827034442305085,0.0311858675629359,0,33,0,1942,1974,0.0004279799529040036
2020-06-19,2020,0.8884080081198883,0.0658439079226639,0,33,0,1942,1974,0.00031522330085571133
2020-06-22,2020,0.7813432651973402,0.0087135047423464,0,33,0,1942,1974,0.0004846006893817456
2020-06-23,2020,-0.6605149168114094,-0.0313028579495058,0,33,0,1942,1974,0.0005189508823731574
2020-06-24,2020,0.5203698939877603,0.028899693486845,0,33,0,1942,1974,0.0005959092036692482
2020-06-25,2020,0.3105277751780194,-0.0461742391984547,0,33,0,1942,1974,0.0008584603673039353
2020-06-26,2020,0.7087704346914273,-0.0373415032622063,0,33,0,1942,1974,0.0004916178312712517
2020-06-29,2020,0.1738602750189883,-0.0146092985429672,0,33,0,1942,1974,0.0007515750912742094
2020-06-30,2020,0.714659633878289,0.0259871076178398,0,34,0,1942,1975,0.0007763841668800041
2020-07-01,2020,-0.2268200183852059,-0.028678484884688,0,34,0,1942,1975,0.0005968025375787663
2020-07-02,2020,-1.3991293577273574,-0.0258202747969675,0,34,0,1942,1975,0.0008826180336942578
2020-07-03,2020,-0.8301187288831969,-0.0283719589148638,0,34,0,1942,1975,0.0005283846108789876
2020-07-06,2020,0.1231846290932289,-0.0093047618153614,0,34,0,1942,1975,0.0005128424256453663
2020-07-07,2020,0.4085992604885018,-0.0029226154579885,0,34,0,1942,1975,0.0005357635449541961
2020-07-08,2020,-0.2426848323783771,-0.0400830769001827,0,34,0,1942,1975,0.000885142418486732
2020-07-09,2020,0.7382253777802958,0.0161488798059692,0,34,0,1942,1975,0.0013699167583113834
2020-07-10,2020,0.7671069616518663,0.0298915571328027,0,35,0,1942,1976,0.000448998577586009
2020-07-13,2020,-0.2672210525320644,-0.0091545051540204,0,35,0,1942,1976,0.0007680517087177687
2020-07-14,2020,0.1424581285631501,0.024832832415553,0,35,0,1942,1976,0.0006282232863459899
2020-07-15,2020,-0.9028283328746024,-0.0996417919938574,0,37,0,1942,1978,0.0004254457432784484
2020-07-16,2020,0.2133026552243621,0.0103694807271773,0,37,0,1942,1978,0.00046439895784555974
2020-07-17,2020,-0.1673376067925553,-0.0523516001945662,0,37,0,1942,1978,0.0005654651229062886
2020-07-20,2020,1.1399222267257647,0.069355635778738,0,37,0,1942,1978,0.000401540653261148
2020-07-21,2020,-1.1183149737352227,-0.0301952631236857,0,37,0,1942,1978,0.0005706661774666092
2020-07-22,2020,-0.1950388934682679,-0.0228312380080468,0,37,0,1942,1978,0.00046974293262570896
2020-07-27,2020,-0.614244645086916,-0.010585855976171,0,37,0,1942,1978,0.0007168520080669508
2020-07-28,2020,-0.6606390754359834,-0.0337242001342837,0,37,0,1942,1978,0.0007263097862193767
2020-07-29,2020,-0.617058375704905,-0.0456064962471312,0,37,0,1942,1978,0.0019716673827186743
2020-07-30,2020,-0.5840264885073001,-0.0329444241592407,0,37,0,1942,1978,0.0014574950523802857
2020-07-31,2020,0.5581915210506789,-0.0007222071418685,0,39,0,1942,1980,0.0013717071053617829
2020-08-03,2020,-0.202754588529958,-0.0314775079998002,0,40,0,1942,1981,0.0005476369123851284
2020-08-04,2020,1.1351437848646937,0.0578065520183749,0,40,0,1942,1981,0.0006517495880751804
2020-08-05,2020,-0.396777642113742,0.0145906747389853,0,40,0,1942,1981,0.0009174585371480082
2020-08-06,2020,1.912856563645553,0.0994335318059181,0,40,0,1942,1981,0.0016924148039651975
2020-08-07,2020,-0.0373799057041207,-0.0004100873347321,0,40,0,1942,1981,0.0007834959810849147
2020-08-11,2020,-0.0500642908131855,0.0371781239090806,0,40,0,1942,1981,0.000639048840266445
2020-08-12,2020,1.2074265618348567,0.0008365146823077,0,40,0,1942,1981,0.0005050370280038917
2020-08-13,2020,-0.4254121202489624,-0.0078937497420358,0,40,0,1942,1981,0.0006007598816037764
2020-08-14,2020,-0.3154041595193311,-0.0017562355519407,0,40,0,1942,1981,0.000511713696727276
2020-08-17,2020,-0.6146512251142072,0.0367592591751695,0,40,0,1942,1981,0.0004549802973483979
2020-08-18,2020,-0.1505767202100732,0.0245460557023447,0,40,0,1942,1981,0.00041728386369185914
2020-08-19,2020,0.2747305034521868,-0.0134776466173042,0,40,0,1942,1981,0.0004173526438465238
2020-08-20,2020,-0.0054725259983502,0.0088597181859701,0,41,0,1942,1982,0.00045358915114180833
2020-08-21,2020,0.3312062200517811,-0.0084151435623502,0,41,0,1942,1982,0.0005577631287851075
2020-08-24,2020,0.5651711762934722,0.0180019505373715,0,41,0,1942,1982,0.00044128032202720536
2020-08-25,2020,0.568007691615974,0.0294574233724757,0,41,0,1942,1982,0.00037961790591880114
2020-08-26,2020,-0.0515094314347758,-0.0197323346844153,0,41,0,1942,1982,0.0006815121835836689
2020-08-27,2020,-1.584351872787196,-0.0992678353850654,0,41,0,1942,1982,0.00073623393828424
2020-08-28,2020,-1.34301016585676,0.0051728659323249,0,41,0,1942,1982,0.00047990803807127587
2020-08-31,2020,-0.3318100523192058,-0.0045307326426091,0,41,0,1942,1982,0.0003851353391621275
2020-09-01,2020,0.30804173606257,0.016269429061666,0,41,0,1942,1982,0.0003556542051673628
2020-09-02,2020,-0.163924140764332,0.0028984068129142,0,41,0,1942,1982,0.000476540928519891
2020-09-03,2020,0.4556207670949185,-0.0490978748250688,0,41,0,1942,1982,0.0005795893235723599
2020-09-04,2020,-0.1497775173233092,-0.0467367163091599,0,41,0,1942,1982,0.0006876789187430911
2020-09-07,2020,0.6613841799744309,0.0376784224771156,0,41,0,1942,1982,0.0003419343431330446
2020-09-08,2020,-0.1229848077386093,0.0198670557522699,0,41,0,1942,1982,0.0003953222389114978
2020-09-09,2020,-0.1342892869071944,-0.0170092323951665,0,41,0,1942,1982,0.000517039392714722
2020-09-10,2020,0.0182875637119845,0.0369676709477465,0,41,0,1942,1982,0.0006019683594786573
2020-09-11,2020,-0.1625642886035011,0.0185266286649094,0,41,0,1942,1982,0.00041951751097855835
2020-09-14,2020,0.1148541029363719,-0.0283153932167102,0,41,0,1942,1982,0.0006163760531992035
2020-09-15,2020,-0.6225551116310258,-0.0291418476484251,0,41,0,1942,1982,0.0003772045082542215
2020-09-16,2020,-0.8549993454867885,-0.0460993460584433,0,41,0,1942,1982,0.0004800287249351475
2020-09-17,2020,0.3726098684965271,0.0291742477692657,0,42,0,1942,1983,0.0006294741780788195
2020-09-18,2020,0.334036205676225,0.0093314879949551,0,42,0,1942,1983,0.0005829399318421396
2020-09-23,2020,0.3394611592671754,0.0004765991785427,0,42,0,1942,1983,0.0005226773723069437
2020-09-24,2020,1.2198389371770777,0.017515659945446,0,43,0,1942,1984,0.0009894158306077208
2020-09-25,2020,0.1676450877035501,0.0091979735547569,0,45,0,1942,1986,0.0005703341529726053
2020-09-28,2020,-0.8000309070268466,0.0410649133769029,0,45,0,1942,1986,0.0009362057447230218
2020-09-29,2020,0.0,,0,45,0,1942,1986,7.132940537923889e-06
2020-09-30,2020,-0.0550513622528863,-0.0102535788736969,0,45,0,1942,1986,0.000746449323917245
2020-10-02,2020,0.3664496616407611,-0.0323277413519383,0,48,0,1942,1989,0.00037260150880120426
2020-10-05,2020,-0.3301998773654234,-0.0059815809640053,0,49,0,1942,1990,0.0004107581179133444
2020-10-06,2020,1.043098013621005,0.0183828125165987,0,49,0,1942,1990,0.0003969558564801432
2020-10-07,2020,-0.6518088789762967,-0.0616566999852362,0,49,0,1942,1990,0.00045447677030856074
2020-10-08,2020,-0.46557863268005,-0.0030407056235302,0,49,0,1942,1990,0.000435832818531075
2020-10-09,2020,-0.7910647966149676,-0.0757523905675265,0,49,0,1942,1990,0.00035011829478953654
2020-10-12,2020,-0.1869555920055766,-0.011194828098576,0,49,0,1942,1990,0.00049985539743185
2020-10-13,2020,-1.0944022278171344,-0.0616069348732837,0,49,0,1942,1990,0.0004937043750291948
2020-10-14,2020,0.562725824769999,0.0050278789134839,0,49,0,1942,1990,0.0007639995847321096
2020-10-15,2020,0.1134500333446819,0.0104408696689835,0,49,0,1941,1989,0.0006988814146196854
2020-10-16,2020,-0.2160513715635358,0.0194096620558402,0,49,0,1941,1989,0.0005208130605944574
2020-10-19,2020,-0.3342175247888974,-0.0187315375800217,0,49,0,1941,1989,0.0005161768054039858
2020-10-20,2020,0.3672961331001764,0.0269473746764555,0,49,0,1941,1989,0.0006099701382795654
2020-10-21,2020,-0.4904729510420351,-0.0127811516409395,0,49,0,1941,1989,0.0004647289153608613
2020-10-22,2020,1.054338176699062,0.0296396033518956,0,49,0,1941,1989,0.0005403717851110807
2020-10-23,2020,-0.3195900266829946,-0.0015455696425682,0,49,0,1941,1989,0.00043715172528170567
2020-10-26,2020,-0.1756585757210538,-0.0119610667661923,0,49,0,1941,1989,0.0005639581834433919
2020-10-27,2020,-0.2216786548411278,0.0103986302956286,0,49,0,1941,1989,0.0004521270073403688
2020-10-28,2020,-0.041946968877303,-0.0170025868247042,0,50,0,1941,1990,0.0010205854654344343
2020-10-29,2020,-1.408731327382288,-0.048892654800577,0,50,0,1942,1991,0.0008133448048069058
2020-10-30,2020,-0.2592592374881922,0.0304444518325835,0,50,0,1942,1991,0.0007299461863366153
2020-11-02,2020,0.8129794005941294,0.0196510116021924,0,50,0,1942,1991,0.0009588418278308752
2020-11-04,2020,0.3772828376404826,0.0137814380708552,0,50,0,1942,1991,0.0006433281433004864
2020-11-05,2020,-0.1687404651229226,-0.0231172307549654,0,50,0,1942,1991,0.0009389552531952552
2020-11-06,2020,3.2646789048454607,0.072197401323811,0,50,0,1942,1991,0.0021933833284245377
2020-11-09,2020,-0.5879493151329266,-0.0475447678846885,0,50,0,1942,1991,0.0008161890840854629
2020-11-10,2020,-0.2257532418069398,-0.0288546263775405,0,50,0,1942,1991,0.0006608154493784411
2020-11-11,2020,1.0171875461739188,0.0078455680020504,0,50,0,1942,1991,0.0009511636904711621
2020-11-12,2020,0.907048398806052,0.0612593945259855,0,50,0,1942,1991,0.0009883868869784253
2020-11-13,2020,-0.3445344337225053,0.0075879006521376,0,50,0,1942,1991,0.0006815014646079847
2020-11-16,2020,0.9084162253713686,0.0735461530141574,0,50,0,1942,1991,0.0004115171257333076
2020-11-17,2020,0.5893959317763068,0.0416388778210173,0,50,0,1942,1991,0.00041814153907164173
2020-11-18,2020,0.799088129731298,0.052326066991667,0,50,0,1942,1991,0.00035293458221757944
2020-11-19,2020,-0.059829601496468,-0.0090011954462191,0,50,0,1942,1991,0.0006927095930796989
2020-11-20,2020,-0.6312790280765762,-0.0713943215388297,0,50,0,1942,1991,0.00047396876090834345
2020-11-24,2020,-0.3035643844699993,-0.0089611525796977,0,50,0,1942,1991,0.0004783664190984534
2020-11-25,2020,-0.9316992134866098,-0.001266160736759,0,50,0,1942,1991,0.0005303851787938703
2020-11-26,2020,-1.83369516705835,-0.0821351313966301,0,50,0,1942,1991,0.0010734885546363514
2020-11-27,2020,-0.3146568754084722,0.0004220926291711,0,50,0,1942,1991,0.000628815313272492
2020-11-30,2020,0.3084550923937512,0.0014052212296279,0,50,0,1942,1991,0.00041938460866352054
2020-12-01,2020,-0.304590775058135,0.0041286447881817,0,50,0,1942,1991,0.0005237370517511454
2020-12-02,2020,0.788306124507213,-0.0103878186299759,0,50,0,1942,1991,0.0004777690521854252
2020-12-03,2020,0.9481491431213052,0.0515521426470581,0,50,0,1942,1991,0.0006834249702297024
2020-12-04,2020,-0.1290989171534127,-0.0219557342014338,0,50,0,1942,1991,0.0004257579879765891
2020-12-07,2020,-0.0013464633317852,-0.006646208479592,0,50,0,1942,1991,0.00043699122722249534
2020-12-08,2020,0.3112909706462294,0.0108434020331823,0,50,0,1942,1991,0.000380681333952661
2020-12-09,2020,0.4758144053793307,0.0205777237212221,0,50,0,1942,1991,0.0005350610227685498
2020-12-10,2020,-0.7075529248050367,-0.0155555514690498,0,50,0,1942,1991,0.0005361011812772156
2020-12-11,2020,0.3321022997214337,0.0416537207618069,0,50,0,1942,1991,0.0004442762994909976
2020-12-14,2020,-0.5552562075741979,-0.0270792333875668,0,50,0,1942,1991,0.0005052054222196286
2020-12-15,2020,1.4480325307415114,0.0478274191735414,0,50,0,1941,1990,0.00047767679218034466
2020-12-16,2020,0.3980080243601137,0.0337069998186496,0,53,0,1941,1993,0.0003775274976366308
2020-12-17,2020,-0.5164001639273837,-0.0495119302268221,0,54,0,1941,1994,0.0003556679399206119
2020-12-18,2020,-0.1677581959346064,-0.002067171680536,0,55,0,1941,1995,0.0009252016464374245
2020-12-21,2020,-0.0184555327324365,0.0071411435227549,0,56,0,1941,1996,0.0003987962934657154
2020-12-22,2020,-0.6591851816700233,-0.0259842883096277,0,58,0,1941,1998,0.00037630881849476665
2020-12-23,2020,0.0943449044152289,0.0050285932791702,0,59,0,1941,1999,0.0003717965882783969
2020-12-24,2020,-0.6341549929076727,-0.0174897066190949,0,59,0,1941,1999,0.00040092867848117624
2020-12-25,2020,0.053691760801818,0.0118383602549733,0,59,0,1941,1999,0.0005832454778923138
2020-12-28,2020,0.334433771852779,0.0084547082633293,0,59,0,1941,1999,0.0003409389978930493
2020-12-29,2020,1.0447687254178593,0.0095400520223269,0,59,0,1941,1999,0.0006108964878631108
2020-12-30,2021,-0.1669144658463775,0.0190865790020535,0,26,0,1974,1999,0.00035411779994619743
2021-01-04,2021,1.9618869198805535,0.0628903780469636,0,26,0,1974,1999,0.0004287181462451519
2021-01-05,2021,-0.2785805536994153,-0.0514280046705212,0,26,0,1974,1999,0.0005396717819511921
2021-01-06,2021,-0.0416011022614825,0.001745396102179,0,26,0,1974,1999,0.0005677901638190516
2021-01-07,2021,-0.4768063530337934,-0.0106006742604264,0,26,0,1974,1999,0.0005573208931595907
2021-01-08,2021,0.7279112519360865,0.058428879786757,0,26,0,1974,1999,0.0005391548309927901
2021-01-12,2021,-0.6403706760990326,-0.0219725378128271,0,26,0,1974,1999,0.00048448435238314315
2021-01-13,2021,0.4709331351841556,0.0072759388113753,0,26,0,1974,1999,0.0006164030019713103
2021-01-14,2021,0.1619018892860755,-0.0051414921823066,0,26,0,1974,1999,0.00043961661831751935
2021-01-15,2021,0.7390607195765538,0.0322053228395249,0,26,0,1974,1999,0.00040718225290257943
2021-01-18,2021,-0.7335844840033334,-0.0634523040396571,0,26,0,1974,1999,0.0004024958582302195
2021-01-19,2021,0.0944036503307786,0.0302261133108667,0,26,0,1974,1999,0.0004149577998943741
2021-01-20,2021,-0.8357079512583591,-0.0173882871227018,0,26,0,1974,1999,0.00039445943651101706
2021-01-21,2021,-0.5283437950898348,-0.0385457705449344,0,26,0,1974,1999,0.0005446986034812238
2021-01-22,2021,-0.0834628995371199,-0.0012809846797293,0,26,0,1974,1999,0.000461241685807706
2021-01-25,2021,0.1361388343767665,-0.0091649442556682,0,26,0,1974,1999,0.00042229860728937275
2021-01-26,2021,-0.166138113810895,0.0217174656929325,0,26,0,1974,1999,0.0005865119404094384
2021-01-27,2021,0.3261085627356307,-0.0048319884295075,0,26,0,1974,1999,0.0007086444138256084
2021-01-28,2021,-0.7339336048039339,-0.0392625451937086,0,26,0,1974,1999,0.0007119966236880109
2021-01-29,2021,-1.4370956534616,-0.0526489604072313,0,26,0,1974,1999,0.0007222333048415897
2021-02-01,2021,1.4181396151614354,0.0114947122240029,0,26,0,1974,1999,0.0005339486412992606
2021-02-02,2021,0.2689228129413364,0.0153262000121667,0,26,0,1974,1999,0.00041747027246148233
2021-02-03,2021,-0.6598544915302913,-0.0476551597208673,0,26,0,1974,1999,0.0007201649401831703
2021-02-04,2021,0.7212027572339679,0.033026732686532,0,26,0,1974,1999,0.0007748577581430004
2021-02-05,2021,0.3163871693733687,0.0166854744467308,0,26,0,1974,1999,0.0004918816719653365
2021-02-08,2021,0.8903668716552878,0.0117120872695107,0,26,0,1974,1999,0.0005605057660655942
2021-02-09,2021,-0.4785202666415566,0.0059212973704711,0,26,0,1974,1999,0.0007928799627666108
2021-02-10,2021,0.4371069687798442,0.0231242167557843,0,26,0,1974,1999,0.0008500525505608986
2021-02-12,2021,0.265160217992027,0.0396166038562942,0,26,0,1974,1999,0.0005309352724861719
2021-02-15,2021,1.0820629135794626,0.0001243463719849,0,26,0,1974,1999,0.0006595380293167456
2021-02-16,2021,0.6830596328714158,0.0284189409156407,0,26,0,1974,1999,0.0006572647492868644
2021-02-17,2021,-1.1347048901269288,-0.0219369467514763,0,26,0,1975,2000,0.0004772482000276272
2021-02-18,2021,-0.6153316115371391,-0.055819445811165,0,26,0,1975,2000,0.00058997837837518
2021-02-19,2021,1.6233989828552895,0.0366154717812595,0,26,0,1975,2000,0.0008759906631726989
2021-02-22,2021,-0.2045965337642975,-0.0448681899126236,0,26,0,1975,2000,0.0005114063153439841
2021-02-24,2021,-0.3655030465272215,-0.0170465732184949,0,26,0,1975,2000,0.0008607109670232956
2021-02-25,2021,1.6634635923717314,0.0621754680562678,0,26,0,1975,2000,0.0008304073579291862
2021-02-26,2021,0.159419414710696,-0.0491880327560808,0,26,0,1975,2000,0.0003625242833546276
2021-03-01,2021,-0.3564607684156888,0.0290272623768213,0,26,0,1975,2000,0.0004211098931992421
2021-03-02,2021,-0.3925176003097299,-0.0302120821068722,0,26,0,1975,2000,0.00037145255234786133
2021-03-03,2021,-0.4428788255965802,-0.0459602132245989,0,26,0,1975,2000,0.00034309943161485586
2021-03-04,2021,0.8328838509767023,-0.0054166319769256,0,26,0,1975,2000,0.000382790441157984
2021-03-05,2021,0.606407815254069,0.0124429040599172,0,26,0,1975,2000,0.0006729774416022034
2021-03-08,2021,-0.502498914117165,-0.0171166279369828,0,26,0,1975,2000,0.0003156749561041975
2021-03-09,2021,0.9689711595163676,0.0451676226481175,0,26,0,1975,2000,0.00042831646142843787
2021-03-10,2021,0.7291920410435502,0.0777986584670596,0,26,0,1975,2000,0.00047409079693370824
2021-03-11,2021,0.3593293980197449,0.0394235341641244,0,26,0,1975,2000,0.0006414779512793215
2021-03-12,2021,0.1768469100727442,-0.0072840667499411,0,26,0,1975,2000,0.0004806291673292879
2021-03-15,2021,-1.3761495816454257,-0.0255480771994805,0,26,0,1975,2000,0.0003589210722673665
2021-03-16,2021,1.7781920301379357,0.1068065859781802,0,26,0,1975,2000,0.0003736120965360145
2021-03-17,2021,-0.0654782532888518,0.0019928911534125,0,26,0,1975,2000,0.0004190060395636675
2021-03-18,2021,0.5353275851979734,0.015345126919099,0,26,0,1975,2000,0.0003966156154523943
2021-03-19,2021,-0.1281501898783033,-0.0125840001419789,0,26,0,1975,2000,0.0005274940456990229
2021-03-22,2021,0.1267388801169803,-0.0199524529058747,0,26,0,1975,2000,0.0009789949734022288
2021-03-23,2021,-0.3398973944089937,-0.0191931653339723,0,26,0,1975,2000,0.0005057852991790832
2021-03-24,2021,0.4360092684576505,0.0128758836046884,0,26,0,1975,2000,0.00045472271875751576
2021-03-25,2021,1.3365033807493925,0.0550959972115542,0,26,0,1975,2000,0.00040360265369534766
2021-03-26,2021,1.4895469201560614,0.0369094832863784,0,26,0,1975,2000,0.0005583794985262412
2021-03-29,2021,-0.2047260328622655,0.0160488651864869,0,26,0,1975,2000,0.0005304332878632918
2021-03-30,2021,-0.7338977526771139,-0.0295237131671848,0,26,0,1975,2000,0.00042547561391622366
2021-03-31,2021,0.0013406477711207,-0.0228224408461055,0,26,0,1975,2000,0.0003289137201302799
2021-04-01,2021,0.0550324227505528,-0.0255840584590347,0,26,0,1975,2000,0.0003300456449089728
2021-04-02,2021,0.0005758117818649,0.0391086570653857,0,26,0,1975,2000,0.0003861867869902701
2021-04-05,2021,0.5697148158420683,0.0600803730077427,0,26,0,1975,2000,0.00041628194447767365
2021-04-06,2021,0.0502532171755607,0.0194856059646938,0,26,0,1975,2000,0.0005331816079410049
2021-04-07,2021,-0.7348630040898563,-0.0159677925167926,0,26,0,1975,2000,0.0002650996838260875
2021-04-08,2021,0.9949919307292532,0.0679008747239838,0,26,0,1975,2000,0.0003311668576405981
2021-04-09,2021,-0.1268079277151597,0.0007160950293677,0,26,0,1975,2000,0.0002770659292064011
2021-04-12,2021,-0.3469058550158825,-0.0138633042914244,0,26,0,1975,2000,0.0002953885562811077
2021-04-13,2021,0.3752854785369804,-0.0390804021224406,0,26,0,1975,2000,0.00034726537822905206
2021-04-14,2021,-0.2189911080830057,0.0201413356089921,0,26,0,1975,2000,0.00025864785641573665
2021-04-15,2021,-0.2022568797469671,-0.021195711352481,0,26,0,1975,2000,0.0003410217108395239
2021-04-16,2021,0.2502251746938479,0.0345141182759483,0,26,0,1975,2000,0.00037287654212581284
2021-04-19,2021,0.0072344018621285,-0.0121986268086258,0,26,0,1975,2000,0.0006874632845923394
2021-04-20,2021,-0.2292885150786953,-0.0500997549891153,0,26,0,1975,2000,0.0004676743013197512
2021-04-21,2021,0.3344903469002275,0.0360593597984488,0,26,0,1975,2000,0.00027902000757715125
2021-04-22,2021,-0.9063757482840024,-0.0640385379179521,0,26,0,1975,2000,0.0003309489385754953
2021-04-23,2021,0.1072014043030878,0.0203088464850742,0,26,0,1975,2000,0.00030919591001732144
2021-04-26,2021,0.3462750502723477,0.0777395375578792,0,26,0,1975,2000,0.0003712572460595655
2021-04-27,2021,-0.1327908231628239,-0.0176128962100628,0,26,0,1975,2000,0.000498325913188445
2021-04-28,2021,0.3635955539901784,-0.006388456478612,0,26,0,1974,1999,0.0006369230909006501
2021-04-30,2021,-0.7795115534532155,-0.024066845215469,0,26,0,1974,1999,0.0005346637392576552
2021-05-06,2021,0.2507275073119765,0.0129497300180681,0,26,0,1974,1999,0.0005381237878525661
2021-05-07,2021,-1.1672637413429363,-0.0277297501609004,0,26,0,1974,1999,0.000907949308346062
2021-05-10,2021,-0.8618419263165839,-0.0462496461518624,0,26,0,1974,1999,0.000940029236957598
2021-05-11,2021,0.0297897266852,-0.0221241993145452,0,26,0,1974,1999,0.0009093267444525383
2021-05-12,2021,-0.966779868493249,0.0106910901078107,0,26,0,1974,1999,0.0011699501965163098
2021-05-13,2021,0.3408051462269323,-0.0198807059977802,0,26,0,1974,1999,0.0010758542886066282
2021-05-14,2021,0.4558935161265142,-0.0274571378468265,0,26,0,1974,1999,0.0006809995384182651
2021-05-17,2021,-0.5475776832504177,-0.0352821322209284,0,26,0,1974,1999,0.00037469614473777124
2021-05-18,2021,-0.4520369083594939,0.0112197062449741,0,26,0,1974,1999,0.00041229807198010424
2021-05-19,2021,-0.5378567177045452,0.0069650601925561,0,26,0,1974,1999,0.0003012446863992295
2021-05-20,2021,0.8429654327543622,0.0440107469481267,0,26,0,1974,1999,0.00034585720318833246
2021-05-21,2021,-0.1251791803781034,-0.0317962123170308,0,26,0,1974,1999,0.0003232573868580018
2021-05-24,2021,0.4071890093841632,0.0086463480567738,0,26,0,1974,1999,0.00031905845020135004
2021-05-25,2021,-0.5496492847616902,-0.0525759293395216,0,26,0,1974,1999,0.00041227727754373166
2021-05-26,2021,-0.3207590481496278,0.0031953121931879,0,26,0,1974,1999,0.0006181507411294575
2021-05-27,2021,-0.4555004616811333,-0.0519949541977553,0,26,0,1974,1999,0.00039334535535215956
2021-05-28,2021,-0.8184952404185069,-0.0514345532662619,0,26,0,1974,1999,0.00027425296536946796
2021-05-31,2021,0.1569312011985807,-0.0276205335785633,0,26,0,1974,1999,0.0004019727567257579
2021-06-01,2021,-0.1548563904613772,0.0044650539920754,0,26,0,1974,1999,0.0003464813856653625
2021-06-02,2021,-0.3027508209684654,-0.0241151120342163,0,26,0,1974,1999,0.00031083409483927214
2021-06-03,2021,0.2625730221122958,0.0202593166150528,0,26,0,1974,1999,0.0003029935314773661
2021-06-04,2021,-1.0940047737466807,-0.0592923980137454,0,26,0,1974,1999,0.00034420946398071073
2021-06-07,2021,0.3830792700400682,0.0075812931902819,0,26,0,1974,1999,0.00029479370649375245
2021-06-08,2021,0.4735082145901452,-0.0313217628989625,0,26,0,1974,1999,0.00026570454768513966
2021-06-09,2021,-0.2175307208331065,-0.018268890892605,0,26,0,1974,1999,0.00030363980091339195
2021-06-10,2021,0.5727823287565236,0.0118925322322495,0,26,0,1974,1999,0.0003502484091818672
2021-06-11,2021,0.193601495734658,0.0101461183004163,0,26,0,1974,1999,0.0003352283028674002
2021-06-14,2021,0.0595658495827038,-0.0104853055634448,0,26,0,1974,1999,0.0003206400300547874
2021-06-15,2021,-0.2524198294936267,-0.0166950590675604,0,26,0,1974,1999,0.00027857639472829464
2021-06-16,2021,-0.8589344054134488,-0.0617548360379466,0,26,0,1974,1999,0.0004261411812293596
2021-06-17,2021,0.4151482583117823,-0.0021290646946105,0,26,0,1974,1999,0.000621002175807913
2021-06-18,2021,-0.0643033169081951,-0.0093357625116526,0,26,0,1974,1999,0.0009404928290648183
2021-06-21,2021,-0.693671216650375,-0.0370848012245848,0,26,0,1974,1999,0.0003020725443739432
2021-06-22,2021,-0.1694936584730964,0.0050999448805867,0,26,0,1974,1999,0.00025875566281294873
2021-06-23,2021,-0.3485554544534581,-0.0340905151503938,0,26,0,1974,1999,0.0002684600696405308
2021-06-24,2021,0.4375732009478761,0.0301511232610259,0,26,0,1974,1999,0.00024617551518699697
2021-06-25,2021,-0.5980030656421481,-0.051288683694325,0,26,0,1974,1999,0.0003587898729569209
2021-06-28,2021,-0.0734843233656492,0.0076223097873876,0,26,0,1974,1999,0.00032762864697502564
2021-06-29,2021,-0.481092635535338,-0.0076367664487106,0,26,0,1974,1999,0.00036538998938534474
2021-06-30,2021,0.5932453691837113,0.033357212095589,0,26,0,1974,1999,0.00034397413851688837
2021-07-01,2021,-0.8002139524220894,-0.030529108287363,0,26,0,1974,1999,0.00023940781402794674
2021-07-02,2021,-0.4680260623953016,-0.0310185365086487,0,26,0,1974,1999,0.00022802108877366487
2021-07-05,2021,0.5959573764390478,0.0195750939332372,0,26,0,1974,1999,0.0002859807433637628
2021-07-06,2021,-0.561514672080348,-0.0207367075143716,0,26,0,1974,1999,0.0003641262361701765
2021-07-07,2021,0.4376926473105236,0.0173473251111028,0,26,0,1974,1999,0.0002486211241567194
2021-07-08,2021,-1.294687933831763,-0.0749142380991744,0,26,0,1974,1999,0.0006365248267119935
2021-07-09,2021,-0.5835798972814824,-0.018252426416069,0,26,0,1974,1999,0.0003755700080488203
2021-07-12,2021,0.1867132836184314,0.0113520449950892,0,26,0,1974,1999,0.0002797943172763886
2021-07-13,2021,0.1864851758334555,0.0027419828932733,0,26,0,1974,1999,0.0004197198033483959
2021-07-14,2021,-0.5265402052303126,0.0093015405724762,0,26,0,1974,1999,0.0002648498075349853
2021-07-15,2021,-0.3332680939742527,-0.0531783179886398,0,26,0,1974,1999,0.00041314756681634965
2021-07-16,2021,1.113032992434075,0.1130566424807963,0,26,0,1974,1999,0.00027921570302521647
2021-07-19,2021,0.2694760361820743,0.0132434775710284,0,26,0,1974,1999,0.0002800951719845306
2021-07-20,2021,-0.271825878226996,-0.0360595224003793,0,26,0,1974,1999,0.0004337247019592814
2021-07-21,2021,-0.0932837419043212,-0.0260482169362212,0,26,0,1974,1999,0.000324828927719911
2021-07-26,2021,0.027856379148749,0.010865174562565,0,26,0,1974,1999,0.0003828961868491465
2021-07-27,2021,0.9201137680569288,0.0362865326664838,0,26,0,1974,1999,0.0003507426877685131
2021-07-28,2021,-0.2302106274085578,0.0004619359611529,0,26,0,1974,1999,0.0006265535043936538
2021-07-29,2021,-0.6468586043835588,0.0161772739913685,0,26,0,1974,1999,0.0009458289305971062
2021-07-30,2021,-0.1644897065149028,-0.0519945442268513,0,26,0,1974,1999,0.00032819277785528365
2021-08-02,2021,-0.3988129591439839,-0.04728741023502,0,26,0,1974,1999,0.00038939189912272874
2021-08-03,2021,0.1164038817148337,0.0207179838166387,0,26,0,1974,1999,0.0004367953626500949
2021-08-04,2021,0.3980413989938966,0.0267961385808684,0,26,0,1974,1999,0.0005699707806932228
2021-08-05,2021,-0.910367290378062,-0.0184648269924387,0,26,0,1974,1999,0.0008320240872392365
2021-08-06,2021,-0.3381801169201909,-0.0098327978939526,0,26,0,1974,1999,0.0006700124854114707
2021-08-10,2021,0.737602144212711,0.026030914843798,0,26,0,1974,1999,0.000550291766516844
2021-08-11,2021,0.1807488286981105,0.006355239076631,0,26,0,1974,1999,0.0006270586642839559
2021-08-12,2021,-0.6140654737112715,-0.010547404726554,0,26,0,1974,1999,0.0008552060581750277
2021-08-13,2021,-0.5423893850525984,-0.0351997564753022,0,26,0,1974,1999,0.0005526928533494403
2021-08-16,2021,0.6785713623416907,0.0063976795914697,0,26,0,1974,1999,0.00044185752197294824
2021-08-17,2021,0.8024441900860744,0.0632891561296056,0,26,0,1974,1999,0.0005101002973320987
2021-08-18,2021,1.233898101249186,0.0723492222108075,0,26,0,1974,1999,0.0004903222566125968
2021-08-19,2021,-0.3563461780356676,-0.0104152212400724,0,26,0,1974,1999,0.0006417836678464564
2021-08-20,2021,-1.186429501534202,-0.0906094287000544,0,26,0,1974,1999,0.0004889133490104367
2021-08-23,2021,0.7586406820008547,0.0057808987055179,0,26,0,1974,1999,0.000291339711440379
2021-08-24,2021,0.5460941424268517,0.0076147839679839,0,26,0,1974,1999,0.000301390818515513
2021-08-25,2021,-0.2481974151588849,-0.0525478370671758,0,26,0,1974,1999,0.0002452932999176123
2021-08-26,2021,0.4916111661232,0.0858484261153213,0,26,0,1974,1999,0.0004873778839899922
2021-08-27,2021,-0.1075617884853047,-0.001409836113787,0,26,0,1974,1999,0.0003506707560327495
2021-08-30,2021,0.1231462414860633,-0.0478075969123229,0,26,0,1974,1999,0.00035460681962412143
2021-08-31,2021,1.2341822440482,0.0475762840533564,0,26,0,1974,1999,0.0003209682511783347
2021-09-01,2021,1.30776310925381,0.0392505451965332,0,26,0,1974,1999,0.0005926442740427551
2021-09-02,2021,0.2275757356222302,0.0189283990298351,0,26,0,1974,1999,0.00046445887198998207
2021-09-03,2021,-0.0316171311350306,-0.0061669399432455,0,26,0,1974,1999,0.0003670546926539397
2021-09-06,2021,0.6591098145744535,-0.0075565273363784,0,26,0,1974,1999,0.00033331500794923046
2021-09-07,2021,0.7434086299833922,0.02898313323164,0,26,0,1974,1999,0.00028944304354984327
2021-09-08,2021,-0.4217190517722369,-0.0141315578693284,0,26,0,1974,1999,0.0006777050980995008
2021-09-09,2021,0.6198086535485327,-0.0053338742278801,0,26,0,1974,1999,0.00043320581767686874
2021-09-10,2021,-0.4259184945763865,0.024869961702131,0,26,0,1974,1999,0.0003868141393610081
2021-09-13,2021,-0.0398744951969988,-0.0012715355204107,0,26,0,1974,1999,0.0005202968444497234
2021-09-14,2021,-0.2560857472204754,-0.0177889547859786,0,26,0,1974,1999,0.0004533350812251266
2021-09-15,2021,0.689346176087871,0.0332294322322831,0,26,0,1974,1999,0.00040838451634040633
2021-09-16,2021,0.5665149089225471,0.0056263641157018,0,26,0,1974,1999,0.0006178075587894932
2021-09-17,2021,0.1782738573838583,0.0107743438952391,0,26,0,1974,1999,0.00038664703053009316
2021-09-21,2021,-0.9095516555321174,-0.0512339733054458,0,26,0,1974,1999,0.0009633253473543219
2021-09-22,2021,-0.435101725846568,-0.0292796376682555,0,26,0,1974,1999,0.00036812499878478394
2021-09-24,2021,-0.7293560790194205,-0.0974564325587241,0,26,0,1974,1999,0.00033257534777457297
2021-09-27,2021,1.0681025270733655,0.0591478720379689,0,26,0,1974,1999,0.0006016664997602045
2021-09-28,2021,-0.6150283897567199,-0.0735306797885806,0,26,0,1974,1999,0.0004321639513671411
2021-09-29,2021,-0.5879070036967882,-0.0460836295949997,0,26,0,1974,1999,0.000666638839668075
2021-09-30,2021,0.5567856050381007,0.0577412883475933,0,26,0,1973,1998,0.0005268043221132184
2021-10-01,2021,-0.5841535598702124,-0.0183693648224487,0,26,0,1973,1998,0.0004923787259990056
2021-10-04,2021,-0.3475947327623618,-0.0035873138724632,0,26,0,1973,1998,0.00039068735994088127
2021-10-05,2021,1.3026559032192089,0.060886378693257,0,26,0,1973,1998,0.00034948169276845226
2021-10-06,2021,1.1381690100262485,0.0411628683448187,0,26,0,1973,1998,0.00042101284925376124
2021-10-07,2021,0.7272186129633701,0.0395574472417633,0,26,0,1973,1998,0.00042844010535944896
2021-10-08,2021,1.222979535007917,0.0809476640494754,0,26,0,1973,1998,0.0003985073940522013
2021-10-11,2021,0.0044942608949482,-0.0248895681783035,0,26,0,1973,1998,0.00030092746329020176
2021-10-12,2021,0.3384534702744106,0.0251341505894464,0,26,0,1973,1998,0.0003269664881992703
2021-10-13,2021,-0.6947736293074946,0.0202145881719605,0,26,0,1973,1998,0.0007751613468507046
2021-10-14,2021,-0.7902446034054947,-0.0326449476420864,0,26,0,1973,1998,0.00043245640680557437
2021-10-15,2021,-1.1741713776859546,-0.0939644289328979,0,26,0,1973,1998,0.00034854626248919627
2021-10-18,2021,0.2003150504062628,-0.030136356707186,0,26,0,1973,1998,0.00030123449674702567
2021-10-19,2021,0.0545694659514589,-0.0013995091472052,0,26,0,1973,1998,0.0003606620931818619
2021-10-20,2021,-0.0405179054892496,0.0089464200483633,0,26,0,1973,1998,0.00025410234090528824
2021-10-21,2021,-0.5965351912010636,-0.0188550455852749,0,26,0,1973,1998,0.0002652270140261763
2021-10-22,2021,-0.1941383503784071,-0.0068586829914071,0,26,0,1973,1998,0.0003377659358236931
2021-10-25,2021,-0.013706898537755,0.0126751957392564,0,26,0,1973,1998,0.0002969612383908141
2021-10-26,2021,-0.6953031771327458,-0.0398471883502375,0,26,0,1973,1998,0.00044290909567083
2021-10-27,2021,-0.2999771662934687,0.0220640059940882,0,26,0,1973,1998,0.0004296414187569417
2021-10-28,2021,-0.8839573893037324,-0.0161516733780289,0,26,0,1973,1998,0.0008762169600415236
2021-10-29,2021,-0.0325553818960668,-0.0245140942472981,0,26,0,1973,1998,0.0004648089905476884
2021-11-01,2021,0.1040192649312518,0.0025603890778118,0,26,0,1973,1998,0.0007838950437891332
2021-11-02,2021,0.4643170458161935,-0.018570623497276,0,26,0,1972,1997,0.000728503093745087
2021-11-04,2021,0.7499509626676311,0.0162262774201998,0,26,0,1972,1997,0.000654837163820048
2021-11-05,2021,0.0151837413692141,0.0090134764573274,0,26,0,1972,1997,0.0005724023141746704
2021-11-08,2021,0.7721373386216284,0.0214889892305009,0,26,0,1971,1996,0.0006542542508911468
2021-11-09,2021,-0.6276183970470554,-0.0800337430845925,0,26,0,1971,1996,0.0006282493046239606
2021-11-10,2021,0.6239340068011124,0.0412196058237264,0,26,0,1971,1996,0.000941641170566776
2021-11-11,2021,-0.7115055832061415,-0.0237795010829105,0,26,0,1971,1996,0.0009870560361525515
2021-11-12,2021,-0.0243493793677738,0.0106261382746758,0,26,0,1971,1996,0.0005739360735494481
2021-11-15,2021,-1.0259376545351662,0.0142567788812985,0,26,0,1971,1996,0.0005976899316178443
2021-11-16,2021,-0.7305044532885149,-0.0177201465128733,0,26,0,1971,1996,0.00038471235235922746
2021-11-17,2021,-0.2533903921209788,0.0043280252175609,0,26,0,1972,1997,0.0003863552400123132
2021-11-18,2021,0.4442061349151855,0.0122848646845554,0,26,0,1972,1997,0.00035388216155827107
2021-11-19,2021,1.1788323963637193,0.0165409662376268,0,26,0,1972,1997,0.0005668502605477155
2021-11-22,2021,0.3351038656848149,0.0006595401122795,0,26,0,1972,1997,0.0003012483579410718
2021-11-24,2021,0.8768633964509588,0.0351245307168188,0,26,0,1972,1997,0.0005831183449450005
2021-11-25,2021,0.7907669856287592,0.0436174463559435,0,26,0,1972,1997,0.000983450464180973
2021-11-26,2021,-1.041028538371464,-0.0120308365559476,0,26,0,1972,1997,0.0004473499167292867
2021-11-29,2021,-0.4748064202607149,-0.021322860855998,0,26,0,1972,1997,0.00039952659488507174
2021-11-30,2021,-0.2606708680369998,0.0224519445142855,0,26,0,1971,1996,0.00058011179856398
2021-12-01,2021,-0.7053483043370955,-0.06276484218565,0,26,0,1971,1996,0.0010081619335757066
