Date,ValidationYear,OfficialDailySpread,RankIC,ForecastMSE,StocksRanked,SelectedMissingTargets,FallbackStocks,SelectedFallbackStocks,DistinctScores
2017-12-29,2018,0.6713884869158092,0.003183841506697214,0.00033723860330814044,1896,0,58,0,1839
2018-01-04,2018,-0.20196366705896698,-0.006012126413349807,0.0004492219929915144,1896,0,58,0,1839
2018-01-05,2018,0.30761625133875664,0.010807973825770027,0.00037353131288863115,1896,0,58,0,1839
2018-01-09,2018,-0.019306765247984914,0.003634830936908885,0.0003823784199944319,1896,0,58,0,1839
2018-01-10,2018,-1.2356552791519073,-0.02361049641213861,0.0005743067563256129,1896,0,58,0,1839
2018-01-11,2018,0.8079355451505713,0.04439726649937265,0.0004934330623190501,1896,0,58,0,1839
2018-01-12,2018,1.038991935442399,-0.012875671510952013,0.00038392214688359787,1896,0,58,0,1839
2018-01-15,2018,0.3685833278126105,-0.014800807112688316,0.0003718652905140269,1896,0,58,0,1839
2018-01-16,2018,0.30780183483797696,0.008327353460625058,0.0003668368045863784,1896,0,58,0,1839
2018-01-17,2018,0.6544783493630364,0.043472522605016745,0.00032868066884061156,1896,0,58,0,1839
2018-01-18,2018,0.13982869337636275,0.016180758736691662,0.00044489655674843904,1896,0,58,0,1839
2018-01-19,2018,0.5194569670288146,0.024737915023386115,0.00041123615479277576,1896,0,58,0,1839
2018-01-22,2018,-0.6373832519775814,0.0025666450451856857,0.0003474834930998464,1896,0,58,0,1839
2018-01-23,2018,0.3025196764156239,0.012333907384886255,0.0002861764112381634,1896,0,58,0,1839
2018-01-24,2018,0.03730122457893229,-0.010932937080190469,0.0003436012972140547,1896,0,58,0,1839
2018-01-25,2018,-0.9374610584805755,-0.028938419468462196,0.00042402856312036323,1896,0,58,0,1839
2018-01-26,2018,0.006020305459752369,-0.003447098761637982,0.0004967577182243887,1896,0,58,0,1839
2018-01-29,2018,-0.29520195389690623,-0.008348694064150055,0.0006466525420909385,1896,0,58,0,1839
2018-01-30,2018,0.7889343002453101,0.03910387951369612,0.0010771035269037765,1896,0,58,0,1839
2018-01-31,2018,-0.47044252995166075,-0.022444015651501344,0.00044801172560478866,1896,0,58,0,1839
2018-02-01,2018,0.22429594105942088,0.023135005026755005,0.0011046489871780149,1896,0,58,0,1839
2018-02-02,2018,-0.31586041884546034,-0.00980963909781223,0.004319115522445119,1896,0,58,0,1839
2018-02-05,2018,0.44222429668556673,-0.0008007733454955706,0.0006194486455733477,1896,0,58,0,1839
2018-02-06,2018,0.7960078236859184,0.032496416783227705,0.0009162682809021296,1896,0,58,0,1839
2018-02-07,2018,0.3187318955659772,0.005280389020342362,0.0011010320316107644,1896,0,58,0,1839
2018-02-08,2018,0.23810354986537371,-0.03539703960360037,0.001202628638582827,1896,0,58,0,1839
2018-02-09,2018,0.06448573073838897,-0.00633006361170105,0.0011193275445027621,1896,0,58,0,1839
2018-02-13,2018,-0.3002376566954936,-0.02467319151299379,0.001108632335804576,1896,0,58,0,1839
2018-02-14,2018,-0.10399189297396087,-0.012689214560104337,0.0007584045936275808,1896,0,58,0,1839
2018-02-15,2018,0.41023607612331264,-0.0032674123952170122,0.0012333209642153775,1896,0,58,0,1839
2018-02-16,2018,0.33563178992299264,0.020554837044723183,0.0003476834702740859,1896,0,58,0,1839
2018-02-19,2018,-0.47585648672936287,0.02092189270695784,0.0004737408272160092,1896,0,58,0,1839
2018-02-20,2018,0.213734284111037,-0.01564395106868093,0.0004152960783403415,1896,0,58,0,1839
2018-02-21,2018,-0.521682643265431,-0.015173767587423868,0.0004586043927237985,1896,0,58,0,1839
2018-02-22,2018,0.4659264542877712,0.01256506085357562,0.0004173708352054723,1896,0,58,0,1839
2018-02-23,2018,0.39780502302593,0.002419742171096509,0.0003427083822837298,1896,0,58,0,1839
2018-02-26,2018,0.12847271278110795,0.004390825926964473,0.0004047764275880649,1896,0,58,0,1839
2018-02-27,2018,0.3573938297963834,0.04510961034174227,0.0005069607982491491,1896,0,58,0,1839
2018-02-28,2018,-0.6430887365702714,-0.030837171213676382,0.0005240593415963035,1896,0,58,0,1839
2018-03-01,2018,-0.18455464091713303,0.00013128958957810038,0.000862097525242705,1896,0,58,0,1839
2018-03-02,2018,-0.1041711210786147,-0.01956792672673231,0.0008086435502037179,1896,0,58,0,1839
2018-03-05,2018,0.18642143929178565,-0.005400788083642017,0.0004265861685025092,1896,0,58,0,1839
2018-03-06,2018,-0.3969150865036826,-0.004848335031203429,0.0004075556147017417,1896,0,58,0,1839
2018-03-07,2018,-0.025535366929222796,-0.0010853683441310767,0.00042381172458906796,1896,0,58,0,1839
2018-03-08,2018,-0.2555627526646808,0.023170231915657636,0.0006076213951642929,1896,0,58,0,1839
2018-03-09,2018,-0.34993326969383,-0.0015720686851761183,0.00047075251636229185,1896,0,58,0,1839
2018-03-12,2018,-0.1178364673274001,-0.02237388075259351,0.00040141311267059604,1896,0,58,0,1839
2018-03-13,2018,0.13749654378841605,0.006081967651060795,0.0003539481357165732,1896,0,58,0,1839
2018-03-14,2018,0.31518117231523046,-0.01720677356757993,0.0004045183528192595,1896,0,58,0,1839
2018-03-15,2018,0.02442198066061844,0.03016982199930102,0.0005336809666953806,1896,0,58,0,1839
2018-03-16,2018,0.24956455719300696,0.053963848420196026,0.0003042180730720721,1897,0,59,0,1839
2018-03-19,2018,-0.8123829241784599,-0.04309231779431766,0.00043485719731779446,1897,0,59,0,1839
2018-03-20,2018,-0.44053120857269806,-0.01897773249073862,0.0017550393730997734,1897,0,59,0,1839
2018-03-22,2018,0.170747491368497,0.01658233662705194,0.0003664729610781359,1898,0,60,0,1839
2018-03-23,2018,-0.4685379039366975,-0.007682533099600664,0.0010579008162187634,1900,0,62,0,1839
2018-03-26,2018,0.24287645974379846,0.00234866544650072,0.0005787787722205505,1900,0,62,0,1839
2018-03-27,2018,-0.3163564890884493,-0.0002078332845065911,0.0004512393976319039,1901,0,63,0,1839
2018-03-28,2018,-0.23788123356386168,0.008199965791703793,0.0004726319816358922,1901,0,63,0,1839
2018-03-29,2018,0.282218858749,0.007493730124108729,0.0003829685508535495,1901,0,63,0,1839
2018-03-30,2018,0.6842623428141316,0.026994013873739828,0.0003833566874419527,1901,0,63,0,1839
2018-04-02,2018,0.7063547686771855,0.0836748168790313,0.0005087129755825765,1902,0,64,0,1839
2018-04-03,2018,0.22865758197547179,0.03359332377934697,0.0004209709571315384,1902,0,64,0,1839
2018-04-04,2018,-0.08600121660854132,0.031449048567547794,0.0004582520117663611,1902,0,64,0,1839
2018-04-05,2018,-0.3842305658345319,-0.02263038322155217,0.00043775909168607564,1902,0,64,0,1839
2018-04-06,2018,0.6528197911069943,0.029674694804055702,0.00040596956895387485,1902,0,64,0,1839
2018-04-09,2018,-0.44499528217657697,-0.012485137496028191,0.0005737721378753168,1902,0,64,0,1839
2018-04-10,2018,0.5542621929524252,0.00990946195999572,0.0003792445779620487,1902,0,64,0,1839
2018-04-11,2018,0.036304116874672644,-0.004869819689379644,0.0004934524412297213,1902,0,64,0,1839
2018-04-12,2018,-0.3450036633437111,-0.0031488423103627977,0.000694136086417743,1902,0,64,0,1839
2018-04-13,2018,-0.5613139405958764,0.001770129244933559,0.00043179491937065756,1902,0,64,0,1839
2018-04-16,2018,-0.5546151537237461,0.0002113994991278372,0.0005512488876274828,1902,0,64,0,1839
2018-04-17,2018,0.2435635246095801,-0.02716359779168625,0.0004326548955452041,1902,0,64,0,1839
2018-04-18,2018,-0.4301883680646248,-0.03579126739191244,0.0003341222863847403,1902,0,64,0,1839
2018-04-19,2018,-0.11612730299547576,0.010208624791419207,0.0004277921096748869,1902,0,64,0,1839
2018-04-20,2018,0.5285779281653551,0.03763042141338395,0.0004158234339687243,1903,0,65,0,1839
2018-04-23,2018,0.6870667696347086,0.013116596194909328,0.0003873299592452658,1903,0,65,0,1839
2018-04-24,2018,-0.14001898130091725,0.008887010652500424,0.0004664691530852427,1903,0,65,0,1839
2018-04-25,2018,0.31532576893362724,0.021497118781283582,0.0006094490251904851,1903,0,65,0,1839
2018-04-26,2018,-0.5651795761506997,-0.04287345523617123,0.0007997891460221591,1903,0,65,0,1839
2018-04-27,2018,0.22476279311541955,0.010422529629288099,0.00038982059134265885,1903,0,65,0,1839
2018-05-01,2018,-0.5800424689736442,-0.04130701610138103,0.0005143533312299823,1903,0,65,0,1839
2018-05-02,2018,-0.12498813717674413,-0.0065359125504546355,0.0005365011712214736,1903,0,65,0,1839
2018-05-07,2018,-0.12016554890388842,0.0011808547442808983,0.0007356463101780672,1903,0,65,0,1839
2018-05-08,2018,0.05400372933499087,-0.008445145502662574,0.0008566471611575409,1903,0,65,0,1839
2018-05-09,2018,-1.8339373550481348,-0.06595327481747483,0.000948211651535289,1903,0,65,0,1839
2018-05-10,2018,-0.5599821721043176,-0.0014010393797659567,0.001141588236640731,1903,0,65,0,1839
2018-05-11,2018,0.7755222019483785,0.034859970786336174,0.0007576518944472782,1903,0,65,0,1839
2018-05-14,2018,0.03357027687744507,0.022642791892218714,0.0007328972880288275,1903,0,65,0,1839
2018-05-15,2018,-0.9438543862631793,-0.004140016468924577,0.0005137292407722381,1903,0,65,0,1839
2018-05-16,2018,-0.9878152147347814,-0.03338593827668926,0.00042548826051148377,1903,0,65,0,1839
2018-05-17,2018,-0.9384889008125407,-0.017027342368866105,0.0004934237189499238,1903,0,65,0,1839
2018-05-18,2018,0.1490305590478707,0.017191159530318034,0.00031102349702764295,1903,0,65,0,1839
2018-05-21,2018,-0.6957298767090796,0.009783093283562623,0.00039152790893868156,1903,0,65,0,1839
2018-05-22,2018,-0.09463196991967582,-0.0004101914263875519,0.0004554041625714304,1903,0,65,0,1839
2018-05-23,2018,-0.1161656619624812,0.005711569577015441,0.0003509708407652975,1903,0,65,0,1839
2018-05-24,2018,0.35667129209318627,-0.012424118221711078,0.0004471493689447622,1903,0,65,0,1839
2018-05-25,2018,0.05542853696559232,0.012017487167153614,0.0003918031830235473,1903,0,65,0,1839
2018-05-28,2018,-0.20951156318128264,0.03314587228784827,0.00048665177804035046,1903,0,65,0,1839
2018-05-29,2018,-0.7510755023209684,-0.034105470839367144,0.0005111690180225959,1903,0,65,0,1839
2018-05-30,2018,-0.4608798491362344,0.016137056223771668,0.0004688576856071954,1903,0,65,0,1839
2018-05-31,2018,0.3367724413805699,0.00305410246038365,0.0006940806350179886,1904,0,66,0,1839
2018-06-01,2018,0.508973041874596,-0.029762126098168976,0.0004388783928098231,1904,0,66,0,1839
2018-06-04,2018,0.11744544756379523,0.005683384733795925,0.00045009752119411293,1904,0,66,0,1839
2018-06-05,2018,-0.7547528837365695,-0.014933848409336562,0.0005250330487834913,1904,0,66,0,1839
2018-06-06,2018,0.2624631633926116,-0.026289495061175328,0.0004105719821078883,1904,0,66,0,1839
2018-06-07,2018,0.21622051746839124,0.026430531598969034,0.00046835688186087443,1904,0,66,0,1839
2018-06-08,2018,0.13925318307054102,0.03333640765663284,0.0003620240778737005,1904,0,66,0,1839
2018-06-11,2018,0.05661229813342635,-0.011901647627700638,0.0004421450886103869,1904,0,66,0,1839
2018-06-12,2018,0.5888377859517955,0.024800834795600028,0.0003852461953666444,1904,0,66,0,1839
2018-06-13,2018,-0.6576062859945382,-0.0004949506614154833,0.0004968782137146124,1904,0,66,0,1839
2018-06-14,2018,-0.3451940513023685,-0.02768658236521707,0.0005412440983352825,1904,0,66,0,1839
2018-06-15,2018,-0.5287682588137462,-0.01777038901294245,0.0006874790196288851,1904,0,66,0,1839
2018-06-18,2018,0.42824562430771823,0.030921141137660615,0.0003791633442019237,1904,0,66,0,1839
2018-06-19,2018,-0.38290491906069585,-0.0017522268145411877,0.0004549928011828005,1905,0,67,0,1839
2018-06-20,2018,0.345095140442333,0.024072285394953243,0.000518249377104787,1905,0,67,0,1839
2018-06-21,2018,0.17546686776278028,0.009168791661712137,0.000794383553430506,1906,0,68,0,1839
2018-06-22,2018,0.06847184424903663,-0.030205358555675733,0.0004950100936980884,1907,0,69,0,1839
2018-06-25,2018,-0.20870677097407464,0.0004878761009333872,0.0005867457662565526,1907,0,69,0,1839
2018-06-26,2018,0.41007547409204886,0.019923714477089745,0.0004172369786978488,1908,0,70,0,1839
2018-06-27,2018,0.8144605880343058,0.04927361685531961,0.0004134762149702206,1909,0,71,0,1839
2018-06-28,2018,0.12404802857137358,0.011648228231733915,0.0010296759439101545,1909,0,71,0,1839
2018-06-29,2018,-0.7385065325366602,-0.014854603331726108,0.0004920525714183637,1910,0,72,0,1839
2018-07-02,2018,0.11462545069579526,0.01062559170356213,0.0005157857231980742,1910,0,72,0,1839
2018-07-03,2018,0.045676971995755856,-0.004607475586715841,0.0008806191318539164,1910,0,72,0,1839
2018-07-04,2018,0.04660653265089406,-0.0005177164133260139,0.0008243982934478835,1910,0,72,0,1839
2018-07-05,2018,-0.4866679005224028,-0.03608315678849519,0.0009042751630846866,1910,0,72,0,1839
2018-07-06,2018,0.13154184352006126,0.008510062622298718,0.0005074638220812755,1910,0,72,0,1839
2018-07-09,2018,-0.17379915735420148,0.00872741816817774,0.0005360576135523362,1910,0,72,0,1839
2018-07-10,2018,-0.336391832743334,-0.007455825947339518,0.0005060790574403756,1911,0,73,0,1839
2018-07-11,2018,0.25527378169593157,0.05084587070205561,0.000653683511712701,1911,0,73,0,1839
2018-07-12,2018,-0.790185569943246,0.0004972391004685121,0.0008105733896879466,1911,0,73,0,1839
2018-07-13,2018,-0.2687355468675259,0.017807121680555118,0.0005212483720145849,1911,0,73,0,1839
2018-07-17,2018,0.030120484366099005,0.024132381663022423,0.00042893781181959,1911,0,73,0,1839
2018-07-18,2018,-0.4486596090796173,-0.008564933390943484,0.00046588611763210636,1911,0,73,0,1839
2018-07-19,2018,0.09646887067225134,0.00951026692183146,0.0004598437563445639,1911,0,73,0,1839
2018-07-20,2018,0.6410693287961893,0.00035945422712036466,0.000458653649025902,1911,0,73,0,1839
2018-07-23,2018,-0.2856618806210789,-0.02246481732491191,0.0005037245893888145,1912,0,74,0,1839
2018-07-24,2018,0.3878126282642252,-0.003496238605568944,0.000535349057520291,1912,0,74,0,1839
2018-07-25,2018,0.2607508637641112,0.018224884860280566,0.0005078881995823792,1913,0,75,0,1839
2018-07-26,2018,1.7403890333399186,0.0798949188176806,0.00079227795837765,1913,0,75,0,1839
2018-07-27,2018,0.7188720450953235,-0.006793057778003137,0.0008517351661707445,1913,0,75,0,1839
2018-07-30,2018,0.48514209445930573,-0.009806360369828805,0.0009701809047085569,1913,0,75,0,1839
2018-07-31,2018,0.13864999434671846,-0.0070023731252165395,0.0006643638732127295,1913,0,75,0,1839
2018-08-01,2018,5.513512403521048e-05,-0.017556812328298903,0.0007885014177929419,1913,0,75,0,1839
2018-08-02,2018,0.5805636090803663,0.0036339735350898127,0.0008875390286937563,1913,0,75,0,1839
2018-08-03,2018,-0.14863688794415117,-0.024981843910510018,0.0008002302893740653,1913,0,75,0,1839
2018-08-06,2018,0.2602260738144868,0.03523153950154823,0.0008808893563388274,1913,0,75,0,1839
2018-08-07,2018,-0.5886163738898067,-0.01866739975888984,0.00078919422498068,1913,0,75,0,1839
2018-08-08,2018,1.1791988264044735,0.009801450668299232,0.0011319337996022287,1913,0,75,0,1839
2018-08-09,2018,0.515187256686915,0.011961776847469545,0.001560015508243336,1913,0,75,0,1839
2018-08-10,2018,-1.080387642277082,-0.047637472983829685,0.0010212348721215345,1913,0,75,0,1839
2018-08-13,2018,0.004703076026809268,-0.018062637182154107,0.0007023540116513872,1913,0,75,0,1839
2018-08-14,2018,0.7113745226842116,0.04044091878237135,0.0007001724456463091,1913,0,75,0,1839
2018-08-15,2018,0.5716418728286214,0.03144248100157613,0.000491988938545089,1913,0,75,0,1839
2018-08-16,2018,0.15367157905788265,-0.010699450140537994,0.0005507007297462157,1913,0,75,0,1839
2018-08-17,2018,-0.600372799349516,-0.052385283158682745,0.0005290020449867555,1913,0,75,0,1839
2018-08-20,2018,-0.598347835887601,-0.04463279825753698,0.0007283089029286437,1913,0,75,0,1839
2018-08-21,2018,-0.727191508794049,-0.026492868043414778,0.000552868994086666,1913,0,75,0,1839
2018-08-22,2018,0.0032849346691049184,0.0003918842886759716,0.0004898022484226768,1913,0,75,0,1839
2018-08-23,2018,-0.05599455743887679,-0.004913370036899387,0.0006981601018319062,1913,0,75,0,1839
2018-08-24,2018,0.47047084893415886,-0.004834199688745396,0.00041036726987549356,1913,0,75,0,1839
2018-08-27,2018,-0.7233585444398987,-0.031776272684361374,0.0005754957349101675,1913,0,75,0,1839
2018-08-28,2018,-0.5677341694323467,0.022001110369888603,0.0005531756399387975,1913,0,75,0,1839
2018-08-29,2018,0.2363292242548598,0.016925850661636543,0.0004078911412462259,1913,0,75,0,1839
2018-08-30,2018,-0.5930254480888187,-0.026041141556512708,0.0007191239453087168,1913,0,75,0,1839
2018-08-31,2018,-0.31744242027694985,-0.0025258877271443652,0.0005012994160240654,1913,0,75,0,1839
2018-09-03,2018,0.21731342715868873,0.03939096139758716,0.0004956375382215417,1913,0,75,0,1839
2018-09-04,2018,-0.07588503069349617,0.017848712067367333,0.0006271242804809099,1913,0,75,0,1839
2018-09-05,2018,0.44579303960118716,0.005832941102153187,0.0005167760195087281,1913,0,75,0,1839
2018-09-06,2018,-1.2235228800258555,-0.022557913192496875,0.0005404691571860987,1913,0,75,0,1839
2018-09-07,2018,0.3404426410529539,0.007510280673921219,0.0005322109711783227,1913,0,75,0,1839
2018-09-10,2018,0.10099353223875074,0.014756308421787018,0.0006272452663391801,1913,0,75,0,1839
2018-09-11,2018,0.512439817797782,-0.0005697849912587654,0.0005874366925359924,1913,0,75,0,1839
2018-09-12,2018,-0.7327239933441453,-0.03390003078251139,0.0008273750263269211,1913,0,75,0,1839
2018-09-13,2018,-0.34192696352326973,0.02444771374724412,0.0010196001208879805,1913,0,75,0,1839
2018-09-14,2018,-0.3724687098640184,-0.02176902299494867,0.0008519133905558606,1913,0,75,0,1839
2018-09-18,2018,0.07181440199192772,0.0006396466647331487,0.0004912698415621683,1913,0,75,0,1839
2018-09-19,2018,0.41676404207293477,0.012920052936257382,0.0007105194487195313,1913,0,75,0,1839
2018-09-20,2018,0.021489430714426366,-0.00424954119397367,0.0008084023009797902,1913,0,76,0,1838
2018-09-21,2018,-1.0869474549798985,-0.06036217840277141,0.0006701629936712085,1914,0,77,0,1838
2018-09-25,2018,-0.2888524693877095,-0.0011230884474152237,0.0006879065160142218,1915,0,77,0,1839
2018-09-26,2018,0.011724755675784829,0.034814367866406924,0.0005313473259685633,1915,0,77,0,1839
2018-09-27,2018,-0.4216278028469293,-0.020701750990659996,0.000537816132799048,1916,0,78,0,1839
2018-09-28,2018,-0.00014924039735471814,-0.006694857137796671,0.0005335392546277464,1917,0,79,0,1839
2018-10-01,2018,-0.0893319422409844,0.016981912448536515,0.0005899108343577084,1920,0,82,0,1839
2018-10-02,2018,0.5471703717327655,0.0074848697994922666,0.00047554693916596947,1920,0,82,0,1839
2018-10-03,2018,-0.26641173355778996,-0.032980183639201625,0.0006117703341657103,1920,0,82,0,1839
2018-10-04,2018,0.5229197923465657,-0.0031061542465414347,0.0009578838089040045,1920,0,82,0,1839
2018-10-05,2018,-0.03134851423587973,-0.03769372689421788,0.0006766196364216513,1920,0,82,0,1839
2018-10-09,2018,0.7664370951525873,0.018887318337661985,0.0017733139524956447,1920,0,82,0,1839
2018-10-10,2018,-0.4729737072405875,-0.03373240120243791,0.0008759854275806361,1920,0,82,0,1839
2018-10-11,2018,1.2147256084949074,0.031180095963555168,0.0007913404611251661,1920,0,82,0,1839
2018-10-12,2018,-0.054323987276593454,-0.013277524376928326,0.0006326398390186035,1920,0,82,0,1839
2018-10-15,2018,-0.2509717503392975,-0.0017942839535444927,0.0009200743885202225,1920,0,82,0,1839
2018-10-16,2018,0.12309715811620044,0.0060220158455464665,0.0005521091141855327,1920,0,82,0,1839
2018-10-17,2018,-0.3465267164282528,-0.007973778657417519,0.00047372106027723413,1920,0,82,0,1839
2018-10-18,2018,-0.1589696334039683,-0.023472963880877423,0.0005034338552112288,1920,0,82,0,1839
2018-10-19,2018,-0.2743037228244181,-0.04188087668961942,0.0010471742403009086,1921,0,83,0,1839
2018-10-22,2018,0.1140575795356733,0.029328453810406822,0.0006070594402390967,1921,0,83,0,1839
2018-10-23,2018,1.065812868589641,0.05394830667319175,0.0021888025934422147,1921,0,83,0,1839
2018-10-24,2018,0.7899231223426769,0.012864828556854654,0.0009059199711183338,1921,0,83,0,1839
2018-10-25,2018,0.008564515139176146,-0.012285522749658084,0.001359242413806407,1921,0,83,0,1839
2018-10-26,2018,-0.7222391617553505,-0.024982058383206777,0.0017613714176071917,1921,0,83,0,1839
2018-10-29,2018,-0.8283220456651534,-0.011508608815013237,0.0019052723565574944,1921,0,83,0,1839
2018-10-30,2018,1.0974566653661766,-0.021735557677977534,0.0013820065756098138,1921,0,83,0,1839
2018-10-31,2018,0.5281003518630035,0.007660518280409793,0.001216696953002021,1921,0,83,0,1839
2018-11-01,2018,0.46181585961595584,0.031697465909136135,0.0008242309720301974,1921,0,83,0,1839
2018-11-02,2018,0.884751162560799,0.022204489288607267,0.0008201292380315928,1921,0,83,0,1839
2018-11-05,2018,1.0775860515112854,0.0255007816846445,0.0008076084315495773,1921,0,83,0,1839
2018-11-06,2018,-0.5170746781660215,-0.007783463207477258,0.001162078164182323,1921,0,83,0,1839
2018-11-07,2018,1.1614485891728157,0.014535599112670114,0.0009216992114708536,1921,0,83,0,1839
2018-11-08,2018,0.8129066850747436,0.015237927404236079,0.0012691797160663014,1921,0,83,0,1839
2018-11-09,2018,-0.08675159485754473,-0.005129091915681172,0.0011075412702777094,1921,0,83,0,1839
2018-11-12,2018,-0.539158758376665,-0.007958400693793053,0.001040623401340965,1921,0,83,0,1839
2018-11-13,2018,0.15668904110893678,0.0297914261507691,0.0009148669125620684,1921,0,83,0,1839
2018-11-14,2018,-0.5799647754296368,-0.007411189335182753,0.0008427781031075552,1921,0,83,0,1839
2018-11-15,2018,-1.4350376694499947,-0.004850270052979136,0.0008177177421068432,1921,0,83,0,1839
2018-11-16,2018,0.7681213746100983,0.061930767161250636,0.0007233143336359155,1921,0,83,0,1839
2018-11-19,2018,-0.06070502358718999,0.02719798638052443,0.0005625845432658675,1921,0,83,0,1839
2018-11-20,2018,-0.05092639329227507,0.0054786759031779115,0.0006032895254015758,1921,0,83,0,1839
2018-11-21,2018,-0.1872176643628111,-0.025030675568251972,0.0006105781032517437,1921,0,83,0,1839
2018-11-22,2018,-0.4314643602283545,0.0017848873771275514,0.0006211687652447206,1921,0,83,0,1839
2018-11-26,2018,-0.19754782558350512,-0.009449926073240912,0.0007687238499213501,1921,0,83,0,1839
2018-11-27,2018,0.022337158683432296,-0.037960823974366134,0.0006470761763215968,1921,0,83,0,1839
2018-11-28,2018,0.4503832307502866,0.018927436680084023,0.0006129311339058766,1922,0,84,0,1839
2018-11-29,2018,-0.13124622286349177,0.029577381561591395,0.0007197629470783712,1922,0,84,0,1839
2018-11-30,2018,0.47530270527233515,0.01274389664033935,0.0009723099561959292,1922,0,84,0,1839
2018-12-03,2018,-1.1328747441031382,-0.07477733625085935,0.0006514640763399945,1922,0,84,0,1839
2018-12-04,2018,0.5476516652247483,-0.0034289280538697432,0.0009205793567664173,1922,0,84,0,1839
2018-12-05,2018,-0.2410551407193334,-0.019231172722900137,0.0006285790524375453,1922,0,84,0,1839
2018-12-06,2018,-0.6319485117902737,0.009626544554554662,0.0012257198568331187,1922,0,84,0,1839
2018-12-07,2018,-0.5781877911166747,-0.02608319940616148,0.0009877683094934937,1922,0,84,0,1839
2018-12-10,2018,0.1172294523096653,-0.017127789751298444,0.0010597501067501065,1922,0,84,0,1839
2018-12-11,2018,-0.5943461646450343,-0.01398642447177607,0.0007691780892749515,1922,0,84,0,1839
2018-12-12,2018,1.2349325796109945,0.04965027485412063,0.0009882769214616858,1923,0,85,0,1839
2018-12-13,2018,1.115989719350144,0.013337217362388408,0.0007650518901358897,1924,0,86,0,1839
2018-12-14,2018,0.9879189306865074,0.03519807170058422,0.0013726483505784987,1923,0,86,0,1838
2018-12-17,2018,-1.0772819052785114,-0.07329409118609657,0.00074299644069864,1923,0,86,0,1838
2018-12-18,2018,-0.20715966970007096,-0.0022103069164338732,0.002013245764189201,1923,0,86,0,1838
2018-12-19,2018,-0.8373439045867871,-0.0420659491981766,0.0016136764892989862,1925,0,88,0,1838
2018-12-20,2018,0.1079522276362918,0.034959931100901086,0.004273319532662431,1925,0,88,0,1838
2018-12-21,2018,-0.6318007095877748,0.008995500996302915,0.0015738214766767592,1928,0,91,0,1838
2018-12-25,2018,-0.33462333294321905,-0.038002621484035035,0.004605905942521109,1929,0,92,0,1838
2018-12-26,2018,0.3715817755143928,0.024994187173950386,0.0009725917841659804,1929,0,92,0,1838
2018-12-27,2018,0.035529960279668295,-0.048779576659327896,0.0014632087139471784,1929,0,92,0,1838
2018-12-28,2019,0.9515641227393287,0.054535101614780715,0.0014925426989728877,1930,0,52,0,1879
2019-01-04,2019,-0.12203926739923787,0.05150695571462842,0.0005398198353148503,1930,0,52,0,1879
2019-01-07,2019,0.3316387221918025,-0.000544027989960243,0.0005169434690217995,1930,0,52,0,1879
2019-01-08,2019,-0.06320711482656331,0.019412533905387816,0.0005673098735395036,1930,0,52,0,1879
2019-01-09,2019,0.4384417905414851,-0.007192205337450778,0.0004857586084990287,1930,0,52,0,1879
2019-01-10,2019,0.5237333145405086,0.039473186423918054,0.0007153438572540017,1930,0,52,0,1879
2019-01-11,2019,0.4587955623098403,0.02458291126108692,0.0004677334735058535,1930,0,52,0,1879
2019-01-15,2019,0.5520082318703272,0.03680513132385674,0.0004461256533429471,1930,0,52,0,1879
2019-01-16,2019,-0.18620346070609006,-0.004920706343662973,0.000484037044916269,1930,0,52,0,1879
2019-01-17,2019,-0.2816767521045848,-0.011191616133207198,0.0004920798807920788,1929,0,52,0,1878
2019-01-18,2019,0.3853950241776604,0.03215462257012962,0.0003488929562489177,1929,0,52,0,1878
2019-01-21,2019,-0.4606734463653271,-0.04823793949329761,0.0003844863318872063,1929,0,52,0,1878
2019-01-22,2019,-0.47544107067924885,-0.03542099152993085,0.00042538422524948134,1929,0,52,0,1878
2019-01-23,2019,1.0024521799108623,0.021369026049662784,0.00045768807245295616,1929,0,52,0,1878
2019-01-24,2019,0.27576934885841115,-0.00929533888261812,0.0004270059203458381,1929,0,52,0,1878
2019-01-25,2019,0.1099334217682099,0.024828647746498907,0.0003881139532175816,1929,0,52,0,1878
2019-01-28,2019,0.0398006191859667,-0.029167028839783237,0.0007454256686309846,1929,0,52,0,1878
2019-01-29,2019,-0.7988230346997701,0.007817512661251776,0.0008387500130893315,1929,0,52,0,1878
2019-01-30,2019,0.3646812112775641,0.0008892775028489261,0.0008720241574660367,1929,0,52,0,1878
2019-01-31,2019,0.48203020867696483,0.05216503743230613,0.0010107102396740197,1929,0,52,0,1878
2019-02-01,2019,-0.28290285406583343,0.005236865676515276,0.0005711125903980118,1929,0,52,0,1878
2019-02-04,2019,0.45315169703628677,0.022209711816985486,0.0004891333815193131,1929,0,52,0,1878
2019-02-05,2019,-0.2264995508291173,-0.022656293458154616,0.0006084500711882056,1929,0,52,0,1878
2019-02-06,2019,0.6087473248020115,0.015492385849553382,0.0010511191863806133,1929,0,52,0,1878
2019-02-07,2019,0.7824585342718292,-0.009481769369757762,0.0014067697110931646,1929,0,52,0,1878
2019-02-08,2019,-1.7480276424050138,-0.03294910082285944,0.0008589951000009482,1929,0,52,0,1878
2019-02-12,2019,0.5242579481217197,0.010758175087241514,0.0006950860036836225,1929,0,52,0,1878
2019-02-13,2019,-0.32344111754452093,0.0003679270168349723,0.0008226900051362977,1929,0,52,0,1878
2019-02-14,2019,-0.3124924369478137,0.0024852127997507176,0.0008954003643454718,1929,0,52,0,1878
2019-02-15,2019,-0.5612773926171167,-0.025429877903680228,0.00038168334925351214,1929,0,52,0,1878
2019-02-18,2019,0.08941718535059244,-0.0018362048116945453,0.0003518505468056926,1929,0,52,0,1878
2019-02-19,2019,0.20099715566620482,0.0059828499783894425,0.000305169961678742,1929,0,52,0,1878
2019-02-20,2019,-0.20147341352649617,-0.009647269455377739,0.0003305960348563619,1929,0,52,0,1878
2019-02-21,2019,0.13455628150659008,0.002013891362689791,0.0003933424174358964,1929,0,52,0,1878
2019-02-22,2019,0.48130986312166457,0.037412507887713484,0.00031468318886912564,1929,0,52,0,1878
2019-02-25,2019,-0.16543871902843707,-0.02155065140338549,0.0004217669206643506,1929,0,52,0,1878
2019-02-26,2019,0.28931823451443844,0.02100963449218743,0.0004177777285622091,1929,0,52,0,1878
2019-02-27,2019,0.24640219580954614,0.013132217673932377,0.00032753147655870655,1929,0,52,0,1878
2019-02-28,2019,-0.04299550155558052,0.009167877289386898,0.00044860913461625677,1930,0,53,0,1878
2019-03-01,2019,-0.2918202316146718,-0.012516062817202503,0.00036038004670683755,1931,0,54,0,1878
2019-03-04,2019,0.20875346533249547,0.005395515484949369,0.000275211457446928,1931,0,54,0,1878
2019-03-05,2019,-0.8427326732298782,-0.04900463948103758,0.0004723891256895569,1932,0,55,0,1878
2019-03-06,2019,-0.14528212163182394,-0.005664163386964672,0.0009742788700732125,1932,0,55,0,1878
2019-03-07,2019,-0.5100089644429545,0.019585989363064396,0.0004241468978796802,1932,0,55,0,1878
2019-03-08,2019,0.5142570629297433,0.012419468184319543,0.0005952401696464751,1932,0,55,0,1878
2019-03-11,2019,0.37082221766504747,0.029472113365745085,0.0004100311839916528,1932,0,55,0,1878
2019-03-12,2019,0.46899649948142264,0.022521157878864398,0.00034398915407717696,1932,0,55,0,1878
2019-03-13,2019,0.7795994492105468,0.033724373455651054,0.00045143964450870556,1933,0,56,0,1878
2019-03-14,2019,0.6562392296361376,0.044316335600674925,0.0005827440034485812,1933,0,56,0,1878
2019-03-15,2019,0.01012291403089094,0.0007510751144328976,0.0003393626293436559,1934,0,57,0,1878
2019-03-18,2019,-0.40060319465916105,0.005160258959781725,0.0003112294471378102,1934,0,57,0,1878
2019-03-19,2019,0.43986424901985394,-0.0008384170166666765,0.0004217016625119078,1935,0,58,0,1878
2019-03-20,2019,0.42323372541077653,0.015088628078428996,0.0008854007743916315,1936,0,59,0,1878
2019-03-22,2019,0.2542602095878088,0.0342572122215554,0.0011325386256882247,1936,0,59,0,1878
2019-03-25,2019,-0.12193980033642382,0.0011290562034641815,0.0004858577537447834,1936,0,59,0,1878
2019-03-26,2019,-0.4064129066240329,-0.013625483741621253,0.0007152315874980748,1936,0,59,0,1878
2019-03-27,2019,1.3682827324388265,0.05007729405306045,0.00037146904058484053,1936,0,59,0,1878
2019-03-28,2019,-0.1263373727888434,0.024708019046868607,0.0007246369509002932,1937,0,60,0,1878
2019-03-29,2019,-0.20005873580228584,-0.033743718541115096,0.0005204138514592777,1937,0,60,0,1878
2019-04-01,2019,0.27548575754948423,-0.0005441843041538184,0.00045394564877930174,1937,0,60,0,1878
2019-04-02,2019,0.3620656986789228,0.03427371425147897,0.0003411257642354987,1937,0,60,0,1878
2019-04-03,2019,0.5159356831299377,0.016552186371647393,0.00038387053299420603,1937,0,60,0,1878
2019-04-04,2019,-0.4530764046733624,-0.019674774543981744,0.00031410247587021343,1937,0,60,0,1878
2019-04-05,2019,-0.03048593230039165,0.006547422446754417,0.0003223929903830369,1937,0,60,0,1878
2019-04-08,2019,0.09331828534851327,-0.006427868607473718,0.0002618264888378498,1937,0,60,0,1878
2019-04-09,2019,0.6903332316227392,0.03589842830925222,0.0003517757393492709,1937,0,60,0,1878
2019-04-10,2019,-0.402039106293262,-0.024788225700145026,0.0002993367281092965,1938,0,60,0,1879
2019-04-11,2019,0.19918375515537967,0.01006451815689296,0.0008282692123961496,1938,0,60,0,1879
2019-04-12,2019,0.36468818530507147,0.025636220504838207,0.00035702799806740584,1938,0,60,0,1879
2019-04-15,2019,0.19058624037580638,-0.023741689932609344,0.0004261060927854228,1938,0,60,0,1879
2019-04-16,2019,-1.3211436526771292,-0.0002772166863457633,0.000575831394155119,1938,0,60,0,1879
2019-04-17,2019,-0.19208352606874005,-0.02052052370701415,0.0003650159039637851,1938,0,60,0,1879
2019-04-18,2019,-0.17228947485440763,0.01455646070453058,0.00029107247872470253,1938,0,60,0,1879
2019-04-19,2019,0.7514951704172219,0.08498898195559618,0.00022968690004293894,1938,0,60,0,1879
2019-04-22,2019,-0.7067953259757793,-0.040779256982861986,0.00037933535395251607,1938,0,60,0,1879
2019-04-23,2019,-0.02970405368852062,-0.0346802438267855,0.0004127787650417345,1938,0,60,0,1879
2019-04-24,2019,0.3239288121371267,-0.021942366624222723,0.0004401315165464325,1938,0,60,0,1879
2019-04-25,2019,0.6599265387944103,0.03470366797278484,0.000918407833655274,1938,0,60,0,1879
2019-04-26,2019,-0.540364764435869,-0.03432116399550968,0.0007217872676838499,1938,0,60,0,1879
2019-05-07,2019,0.6168028908809825,0.008678285357426055,0.0009479770909282416,1938,0,60,0,1879
2019-05-08,2019,0.3839883309248903,-0.0038672744058014527,0.0008383268359746335,1938,0,60,0,1879
2019-05-09,2019,0.07131985136381107,0.00704514481281653,0.0014895788063554267,1938,0,60,0,1879
2019-05-10,2019,-0.7929735225421229,0.025912019194591764,0.001049229867005596,1938,0,60,0,1879
2019-05-13,2019,0.4553250190423051,0.022994718501129642,0.001196042062628845,1938,0,60,0,1879
2019-05-14,2019,0.5105138049774034,-0.02243788622297697,0.0010856443901785433,1938,0,60,0,1879
2019-05-15,2019,-0.2481679359325888,0.03160777181624372,0.0006263617136812187,1938,0,60,0,1879
2019-05-16,2019,-0.9893698640025484,-0.04896811410312242,0.0005161526228035384,1938,0,60,0,1879
2019-05-17,2019,0.4757639848570639,0.017715548699573785,0.0004071452944500207,1938,0,60,0,1879
2019-05-20,2019,-0.953293504091854,-0.027887079107678365,0.00035898056623804946,1938,0,60,0,1879
2019-05-21,2019,-0.11568996728858168,-0.02663805283844323,0.00045385990376822555,1938,0,60,0,1879
2019-05-22,2019,0.06386643407777608,0.014941057978836143,0.00033085590801197373,1938,0,60,0,1879
2019-05-23,2019,0.9908852078060452,0.030599151702183913,0.0003523466468957694,1938,0,60,0,1879
2019-05-24,2019,-0.7251723473477524,0.008629119682972156,0.00043021984440357497,1938,0,60,0,1879
2019-05-27,2019,0.32892631739914197,0.009894037344503375,0.0003991749964460562,1938,0,60,0,1879
2019-05-28,2019,-0.2179164546248967,0.029579703235929886,0.0004241373312563449,1938,0,60,0,1879
2019-05-29,2019,-0.8684285318227115,-0.029303330893386274,0.00045178860851209537,1938,0,60,0,1879
2019-05-30,2019,0.17240277409725677,0.0028328576170107657,0.0007717351266112878,1938,0,60,0,1879
2019-05-31,2019,0.20145270094082987,-0.018807786182741593,0.0005605806704109171,1938,0,60,0,1879
2019-06-03,2019,-0.31415164821505687,0.04709158839471744,0.0008732631842797738,1939,0,61,0,1879
2019-06-04,2019,0.12187837863472062,-0.004242911503485872,0.0004108684890269744,1939,0,61,0,1879
2019-06-05,2019,-0.1510700273175146,0.001896253180259129,0.0004257505700365682,1939,0,61,0,1879
2019-06-06,2019,-0.14459242790941929,-0.004173428585223494,0.0005076951251352989,1939,0,61,0,1879
2019-06-07,2019,-0.028184147695319812,0.01273907607012774,0.00032085780921123217,1939,0,61,0,1879
2019-06-10,2019,0.0946241114631458,0.015293289612151605,0.0003028785717448608,1939,0,61,0,1879
2019-06-11,2019,-0.048225988093683135,-0.009271511117495869,0.00044439675964589,1939,0,61,0,1879
2019-06-12,2019,-0.11547826460826756,-0.018816842296843973,0.00034780347645128954,1940,0,62,0,1879
2019-06-13,2019,0.4264545770786506,-0.001236255913824312,0.0004068332474798203,1940,0,62,0,1879
2019-06-14,2019,-0.08212555082850947,0.005582405374780377,0.0005061784064483538,1940,0,62,0,1879
2019-06-17,2019,0.5800626550209967,0.04137516818235579,0.000748890173813841,1940,0,62,0,1879
2019-06-18,2019,0.07859068197639758,0.02199943758426937,0.00032620245447659844,1941,0,63,0,1879
2019-06-19,2019,0.0825303498310926,0.008561115098237844,0.0004706581029806373,1942,0,64,0,1879
2019-06-20,2019,0.28241394852903173,0.029888956294687817,0.00028799575590019594,1942,0,64,0,1879
2019-06-21,2019,0.6743324343538623,0.03619928352318607,0.000299647857648055,1942,0,64,0,1879
2019-06-24,2019,0.6447517698268586,0.03450821990976093,0.00044823332238419787,1942,0,64,0,1879
2019-06-25,2019,-0.06612392061005264,0.009512125259996897,0.0005716719644593165,1942,0,64,0,1879
2019-06-26,2019,-1.124278461065729,-0.03593643949330085,0.0004180763035700674,1942,0,64,0,1879
2019-06-27,2019,0.31200703211526754,-0.00607832937243858,0.0009482095434901353,1943,0,65,0,1879
2019-06-28,2019,0.34872791237555195,0.03228761984087909,0.0003192125588114368,1943,0,65,0,1879
2019-07-01,2019,-0.13120039335272313,-0.02733133606532464,0.0003248341595218592,1943,0,65,0,1879
2019-07-02,2019,0.03289651235007174,-0.0048297981508795395,0.00030383875731932223,1943,0,65,0,1879
2019-07-03,2019,0.5465588963481549,0.015070812315638976,0.00024851703361039416,1943,0,65,0,1879
2019-07-04,2019,0.012084992539321307,-0.01687123161699993,0.00030947992657165153,1943,0,65,0,1879
2019-07-05,2019,-0.45962525887645134,0.0023832951937771555,0.00027895660343306157,1943,0,65,0,1879
2019-07-08,2019,-0.31975259612608564,0.017047454325090007,0.0002632359285832976,1943,0,65,0,1879
2019-07-09,2019,0.07766934957068343,-0.01581536555463381,0.000356449441665423,1943,0,65,0,1879
2019-07-10,2019,0.17928684495644673,0.035195698378023436,0.00037272653129046684,1943,0,65,0,1879
2019-07-11,2019,0.3642235194131877,0.009403914577709319,0.0005497979535473105,1943,0,65,0,1879
2019-07-12,2019,-0.024854952411628606,0.026321890703229874,0.0002709780927710113,1943,0,65,0,1879
2019-07-16,2019,-0.7649785372431399,-0.04258286358741044,0.0008780457140945329,1943,0,65,0,1879
2019-07-17,2019,-0.2184290871737152,0.009697012345262209,0.0006448518834084339,1943,0,65,0,1879
2019-07-18,2019,-0.914180203025096,-0.05687009825476181,0.000318546092723713,1944,0,66,0,1879
2019-07-19,2019,0.2893894172400587,0.017909721623511104,0.0002985199925503887,1944,0,66,0,1879
2019-07-22,2019,0.07092025479389001,-0.01114858120436662,0.0002648718887368048,1944,0,66,0,1879
2019-07-23,2019,-0.4726018207119565,-0.008657943535312225,0.0003156039841236858,1944,0,66,0,1879
2019-07-24,2019,-0.0551913941034415,0.004237726949850124,0.00030883193483037324,1944,0,66,0,1879
2019-07-25,2019,0.30256247153195,-0.013369795000152583,0.0003204398735982917,1944,0,66,0,1879
2019-07-26,2019,0.36080224774572295,0.025074487571481455,0.00038647896932040985,1944,0,66,0,1879
2019-07-29,2019,-0.23145618829696257,0.0038032126626619546,0.0005025034366706071,1945,0,67,0,1879
2019-07-30,2019,-0.6384635195225914,-0.011849270715610342,0.00048618775413626706,1945,0,67,0,1879
2019-07-31,2019,0.037534140726406186,0.006523582631618933,0.0011798623777735436,1945,0,67,0,1879
2019-08-01,2019,0.5163701746589856,0.01433221968486532,0.0009912511458679944,1945,0,67,0,1879
2019-08-02,2019,-0.11146337850152539,0.0011229696113558125,0.00043691239431659947,1945,0,67,0,1879
2019-08-05,2019,0.16292347824517828,-0.008833208864094803,0.0006253754941136231,1945,0,67,0,1879
2019-08-06,2019,-0.8782269364779011,-0.0028103798912289066,0.0006372345554634586,1945,0,67,0,1879
2019-08-07,2019,-0.6578483781382295,-0.01918662627548863,0.0006258940223162258,1945,0,67,0,1879
2019-08-08,2019,-0.36399497246597673,-0.038776560122322445,0.0011399905545262162,1945,0,67,0,1879
2019-08-09,2019,0.48027203765384385,0.036617506261034896,0.0006514039064717281,1946,0,68,0,1879
2019-08-13,2019,-0.31682519106949886,-0.013326639951426472,0.000689330619319114,1946,0,68,0,1879
2019-08-14,2019,-0.18568126761542825,0.011526348428434799,0.00035729743873835935,1946,0,68,0,1879
2019-08-15,2019,-0.040914186566220145,-0.018647456759343765,0.0003925867805568669,1946,0,68,0,1879
2019-08-16,2019,0.037761903110707706,0.008269800383198392,0.0004929509138974683,1946,0,68,0,1879
2019-08-19,2019,0.05230325724946461,-0.020490260094873303,0.000377668595207219,1946,0,68,0,1879
2019-08-20,2019,0.27974262128841826,0.006121660193017603,0.0002839040931603903,1946,0,68,0,1879
2019-08-21,2019,0.05368315973641654,0.034833081651663024,0.0002581219111303099,1946,0,68,0,1879
2019-08-22,2019,-0.35668528908300406,-0.06797843319587628,0.0006935434312965272,1946,0,68,0,1879
2019-08-23,2019,-0.1433301935199598,0.01939377522879884,0.0003474262888843742,1946,0,68,0,1879
2019-08-26,2019,-0.2220090526743279,0.02042907691377908,0.00030442100257211264,1946,0,68,0,1879
2019-08-27,2019,-0.43392387388511483,-0.04610026737776948,0.00034144994844213957,1946,0,68,0,1879
2019-08-28,2019,0.1652868294809989,0.03232946022569823,0.0007088320968946248,1946,0,68,0,1879
2019-08-29,2019,0.2480588134297627,-0.009293839091207866,0.00035642376032092674,1946,0,68,0,1879
2019-08-30,2019,-0.004089085895986777,-0.006279358112159692,0.0002984524059820589,1946,0,68,0,1879
2019-09-02,2019,0.11339890590630859,-0.0008277117238745215,0.00030899790263438806,1947,0,69,0,1879
2019-09-03,2019,0.6406480238045464,0.04461391253211056,0.0006837435186388899,1947,0,69,0,1879
2019-09-04,2019,-0.11268981557815166,0.03176910646124872,0.00027919585127235,1947,0,69,0,1879
2019-09-05,2019,-0.0746052292596513,0.010757816726189456,0.0004190476326177354,1947,0,69,0,1879
2019-09-06,2019,0.937088653747245,0.0638002420570619,0.0005395612477453359,1947,0,69,0,1879
2019-09-09,2019,1.150319913553366,0.07436213603357414,0.0006260599073940287,1947,0,69,0,1879
2019-09-10,2019,0.2583031424818037,0.056774071394125256,0.00038494676597429614,1947,0,69,0,1879
2019-09-11,2019,0.3502207508934247,0.04819751092707709,0.0003849797167557442,1947,0,69,0,1879
2019-09-12,2019,0.2072563355644891,0.010933997910507186,0.00040879757803564617,1947,0,69,0,1879
2019-09-13,2019,-0.3748886876629,-0.024541489771087832,0.00038758737834588067,1946,0,69,0,1878
2019-09-17,2019,-0.01012035283874931,0.005943584674748646,0.00039498508362815436,1945,0,69,0,1877
2019-09-18,2019,-0.83680473202439,-0.021579671888251332,0.0003865921604347355,1945,0,69,0,1877
2019-09-19,2019,-0.22133268352509225,0.02642291957566163,0.000390809440216926,1945,0,69,0,1877
2019-09-20,2019,0.258284403559168,0.026871446333269367,0.00023119702895391244,1946,0,70,0,1877
2019-09-24,2019,-0.35062136642427627,0.04254639119757487,0.0003139790582110447,1947,0,71,0,1877
2019-09-25,2019,-0.23946324971799982,-0.022655020243753644,0.0005422828153684148,1947,0,71,0,1877
2019-09-26,2019,1.0301959585836389,0.07072764828412216,0.00039562101101926013,1947,0,71,0,1877
2019-09-27,2019,0.13938623873250222,0.009935794809179133,0.0005171091670815902,1948,0,71,0,1878
2019-09-30,2019,-0.5096642783278007,0.008162573529274622,0.000315591539245524,1948,0,71,0,1878
2019-10-01,2019,-0.2922040305174913,0.004243754279343657,0.000564881128315446,1949,0,71,0,1879
2019-10-02,2019,0.4327734974610286,0.00975959936172016,0.00029507329129380903,1949,0,71,0,1879
2019-10-03,2019,0.1280587464937822,0.004559900758057434,0.00025119409795175396,1949,0,71,0,1879
2019-10-04,2019,0.4255841314809293,0.021057996450633592,0.00042525895131357417,1949,0,71,0,1879
2019-10-07,2019,0.044644833465488164,0.030017122260386327,0.0002650901307184121,1949,0,71,0,1879
2019-10-08,2019,0.7154904060286453,0.05132897627563773,0.00033386066828377327,1950,0,72,0,1879
2019-10-09,2019,0.2762029235073265,0.018576653740188156,0.00036378487520843705,1951,0,73,0,1879
2019-10-10,2019,0.37806406006355847,0.007929650496932452,0.0006238925048018279,1951,0,73,0,1879
2019-10-11,2019,0.7676026791337213,0.0334551609213928,0.0004562694962694151,1951,0,73,0,1879
2019-10-15,2019,-0.1891020878553721,0.015192512098378883,0.00030095998292154456,1951,0,73,0,1879
2019-10-16,2019,-0.7858418973521978,-0.023603474419104147,0.00034259551677879105,1951,0,73,0,1879
2019-10-17,2019,0.5814964202779579,0.024273789668481063,0.00036271652916997164,1951,0,73,0,1879
2019-10-18,2019,0.2666705245961693,0.013272806277331448,0.0003882268344766114,1951,0,73,0,1879
2019-10-21,2019,-0.19837950812265928,0.004408714601689614,0.00037410093090873875,1951,0,73,0,1879
2019-10-23,2019,0.10080689997915693,-0.012338362432261408,0.00030694684363491805,1951,0,73,0,1879
2019-10-24,2019,0.22261218617541836,0.016158920108810256,0.0003774612932764213,1951,0,73,0,1879
2019-10-25,2019,0.1831872339656638,0.0312572920653433,0.00039123334821763295,1952,0,74,0,1879
2019-10-28,2019,0.3884497501925554,-0.0013117554391176224,0.0006574598713580937,1953,0,75,0,1879
2019-10-29,2019,-0.006890901116940536,0.01911280432508279,0.0005588858503316849,1953,0,75,0,1879
2019-10-30,2019,0.05250544897984022,0.00711693575101007,0.0005708373994229175,1954,0,76,0,1879
2019-10-31,2019,0.1828522769445803,0.014481932521778191,0.000764875860443141,1954,0,76,0,1879
2019-11-01,2019,0.5223376282766881,0.0020281842527360774,0.0004578682993323886,1955,0,77,0,1879
2019-11-05,2019,-1.188173440589628,-0.03674145265990961,0.0004573358990684338,1955,0,77,0,1879
2019-11-06,2019,0.39862293856869124,0.056727166391744153,0.0006043591704247473,1955,0,77,0,1879
2019-11-07,2019,-0.5904992767900232,-0.012994298271736076,0.0006811374807314158,1955,0,77,0,1879
2019-11-08,2019,0.4635834850087123,0.019419594230873093,0.0004023650031108454,1955,0,77,0,1879
2019-11-11,2019,-0.9297299655565031,-0.0389451608136702,0.0004855535442814295,1955,0,77,0,1879
2019-11-12,2019,-0.2024355103802377,-0.007920965238354333,0.0006242660266373678,1955,0,77,0,1879
2019-11-13,2019,-1.2669312268460853,-0.042726941174596335,0.0007041117732518213,1955,0,77,0,1879
2019-11-14,2019,0.11153643446188728,0.03452432388947186,0.00041238233815679676,1955,0,77,0,1879
2019-11-15,2019,0.3495591579150217,0.016756518781438075,0.00032214749461578274,1955,0,77,0,1879
2019-11-18,2019,-0.04381526412271741,0.013726087441267916,0.0003573881097417992,1955,0,77,0,1879
2019-11-19,2019,-0.08884657931466171,-0.04056591555311494,0.0002885558083487965,1955,0,77,0,1879
2019-11-20,2019,0.6334094833022669,0.012918847382127155,0.00029348331442605554,1955,0,77,0,1879
2019-11-21,2019,0.665316085301006,0.02095612570826312,0.0004203030876979557,1955,0,77,0,1879
2019-11-22,2019,0.43283625664996545,0.020528449779848065,0.0003115109454155763,1955,0,77,0,1879
2019-11-25,2019,-0.003036626175880445,-0.01807203409714602,0.00037029965900806875,1955,0,77,0,1879
2019-11-26,2019,-0.7354132271596585,-0.06212904576596353,0.0002899920778072996,1955,0,77,0,1879
2019-11-27,2019,0.3324597714266296,0.05835432376986495,0.00025672957209778996,1955,0,77,0,1879
2019-11-28,2019,0.4097489352997874,0.021862236399907146,0.0003329012421832411,1955,0,77,0,1879
2019-11-29,2019,0.2672248169218552,0.01998859098161666,0.0003301600732907926,1955,0,77,0,1879
2019-12-02,2019,-0.08063036789497002,-0.008295124435586679,0.0003170696855782107,1955,0,77,0,1879
2019-12-03,2019,0.6322829204714276,0.014034703012488763,0.00035845266363557563,1955,0,77,0,1879
2019-12-04,2019,0.45559280015699083,0.028111052961468114,0.00026968085039912737,1955,0,77,0,1879
2019-12-05,2019,0.31608587865601184,0.03362055022910198,0.0003708860409862044,1955,0,77,0,1879
2019-12-06,2019,0.17248843549907308,0.015169275690993973,0.00026849321383033806,1955,0,77,0,1879
2019-12-09,2019,-0.07975280134644791,-0.043704664517108506,0.00028018428835653364,1955,0,77,0,1879
2019-12-10,2019,-0.20141195933229103,-0.019609667902345935,0.0002941504690944459,1956,0,78,0,1879
2019-12-11,2019,-0.34413630348016166,-0.0036869220502758868,0.0005304292151934935,1957,0,79,0,1879
2019-12-12,2019,-0.37694553249940504,-0.0275268511324744,0.0003756038865718696,1958,0,80,0,1879
2019-12-13,2019,-0.15396182186251886,-0.026506279642357137,0.0005069025959218112,1958,0,80,0,1879
2019-12-16,2019,-0.3496994222665098,-0.01534189976178634,0.00038380137127384855,1960,0,82,0,1879
2019-12-17,2019,-0.27630671651892713,-0.02248992809948821,0.00032270297793350714,1962,0,84,0,1879
2019-12-18,2019,0.5991265177897657,0.04893155752573588,0.00034988362231506097,1964,0,86,0,1879
2019-12-19,2019,-0.2219449547320608,-0.02554926877941447,0.0003395866299027178,1965,0,87,0,1879
2019-12-20,2019,0.49947288758532843,0.016615501889097977,0.00022426633486910782,1965,0,87,0,1879
2019-12-23,2019,-0.32959818581156924,0.016890980873647897,0.0003712643779951495,1965,0,87,0,1879
2019-12-24,2019,-0.2970328585625195,0.016107044548397915,0.0002769227293416402,1965,0,87,0,1879
2019-12-25,2019,-0.10480470159477188,-0.01267231926579271,0.00035237120746349287,1966,0,88,0,1879
2019-12-26,2019,0.3236251823413445,-0.02292268422743198,0.0003234460240708289,1966,0,88,0,1879
2019-12-27,2019,-0.4544225960238055,-0.03045762606569788,0.0005703838740596761,1966,0,88,0,1879
2019-12-30,2020,0.5299164044030261,0.061003515371237,0.0005329742437967482,1966,0,55,0,1912
2020-01-06,2020,0.09620987561810423,0.027490274616657567,0.0005252689117746558,1966,0,55,0,1912
2020-01-07,2020,-0.4796674230072722,-0.04955029343890139,0.0005652681442991112,1966,0,55,0,1912
2020-01-08,2020,0.16357224910006152,-0.005149682981237829,0.0003290807604371339,1966,0,55,0,1912
2020-01-09,2020,-0.25975916507059615,-0.052305219504191994,0.0005125973711678237,1966,0,55,0,1912
2020-01-10,2020,-0.47741363461537034,0.03437812486538596,0.0004054783017382758,1966,0,55,0,1912
2020-01-14,2020,0.00726137827649298,0.018597479698967873,0.0002995618994939735,1966,0,55,0,1912
2020-01-15,2020,0.40291457239581413,0.06502745546653248,0.00024429232209989397,1966,0,55,0,1912
2020-01-16,2020,-0.40335563683322634,0.018270186025785184,0.00030447217332629306,1966,0,55,0,1912
2020-01-17,2020,0.24146559321913616,0.03266793512179069,0.0002731484308113116,1966,0,55,0,1912
2020-01-20,2020,0.07878838861128938,-0.02426818758609131,0.00027186297797965575,1966,0,55,0,1912
2020-01-21,2020,-0.06143542450618492,-0.011571296071863474,0.0003049518024530894,1966,0,55,0,1912
2020-01-22,2020,-0.5097452825268979,-0.010850367996676193,0.00032632342661862855,1966,0,55,0,1912
2020-01-23,2020,0.6250187638091796,-0.012626153395070833,0.0007555828031064899,1966,0,55,0,1912
2020-01-24,2020,0.05581714761052863,0.007520767807749214,0.0003507056126623793,1966,0,55,0,1912
2020-01-27,2020,0.6642724812083772,0.011874267093964446,0.0003244432610529002,1966,0,55,0,1912
2020-01-28,2020,0.018497942955807645,0.02559280901842997,0.0008144708762154927,1966,0,55,0,1912
2020-01-29,2020,0.02402757026606661,-0.01758170537573506,0.0005486499307380004,1966,0,55,0,1912
2020-01-30,2020,0.8780609209865838,0.020817911665425303,0.0006052944694410132,1966,0,55,0,1912
2020-01-31,2020,0.4308263877259216,0.056828935475594713,0.0005694017848024696,1966,0,55,0,1912
2020-02-03,2020,0.00019024437509695957,0.016320951176826814,0.0004293956180747824,1966,0,55,0,1912
2020-02-04,2020,0.18172289341340786,0.017713123907084943,0.0007021622005723005,1966,0,55,0,1912
2020-02-05,2020,-0.0459828342823411,-0.026465231050349744,0.00048708354666165813,1966,0,55,0,1912
2020-02-06,2020,0.12497269887652991,0.003017818227323281,0.0004743697502399281,1966,0,55,0,1912
2020-02-07,2020,-0.24341133962561448,-0.017005992560363108,0.0005669147285999434,1967,0,56,0,1912
2020-02-10,2020,-0.12498332367871089,-0.049534109661476804,0.0005783612852052211,1967,0,56,0,1912
2020-02-12,2020,0.5064728812379933,0.024355609330627578,0.0006912010939412299,1967,0,56,0,1912
2020-02-13,2020,-0.43785923278357747,0.010946280064164196,0.0008295035364142669,1967,0,56,0,1912
2020-02-14,2020,0.6889176756538044,0.01763895537265828,0.0006586105754578569,1967,0,56,0,1912
2020-02-17,2020,-0.13673360868386197,0.014712545924325861,0.0004137868637347771,1967,0,56,0,1912
2020-02-18,2020,0.044227729879408706,-0.03904211919202339,0.0002840044544284651,1967,0,56,0,1912
2020-02-19,2020,-0.16420938205874555,-0.016274645767357782,0.000294710650132006,1967,0,56,0,1912
2020-02-20,2020,-0.11894624683735226,-0.00801887713383084,0.001988058248083148,1967,0,56,0,1912
2020-02-21,2020,0.20124819112188153,0.01851869051486547,0.0004219251895447904,1967,0,56,0,1912
2020-02-25,2020,1.356084761222429,0.0019166318907119816,0.0015464602594375283,1967,0,56,0,1912
2020-02-26,2020,-0.2904544399157061,-0.03418770075353389,0.002982370550190334,1967,0,56,0,1912
2020-02-27,2020,1.3191944401020284,0.05839321004233423,0.001999782170355833,1967,0,56,0,1912
2020-02-28,2020,0.13345281820208696,0.0029571776558922017,0.0008541064187618908,1967,0,56,0,1912
2020-03-02,2020,0.18164588873987522,-0.0006357133701120122,0.00033891691017096326,1968,0,57,0,1912
2020-03-03,2020,0.045765511570076654,0.0497707673473035,0.0003757559688685132,1968,0,57,0,1912
2020-03-04,2020,0.4003188407570484,0.0022750618671950845,0.0018190940303416526,1968,0,57,0,1912
2020-03-05,2020,0.24600654202767913,-0.003791982372967959,0.00541213737186896,1968,0,57,0,1912
2020-03-06,2020,-0.8087188568079006,-0.03850398205131557,0.0011312309188536277,1968,0,57,0,1912
2020-03-09,2020,0.5844707502886971,-0.014105767689177194,0.0013830420298763706,1969,0,58,0,1912
2020-03-10,2020,0.02134242115759477,0.03138221309326967,0.002836440755001061,1970,0,59,0,1912
2020-03-11,2020,-0.8716049935617747,-0.010017762408200136,0.004810197846982369,1970,0,59,0,1912
2020-03-12,2020,0.7879927304963781,0.0360927350442843,0.0012951817981591792,1970,0,59,0,1912
2020-03-13,2020,-0.7487008382246098,-0.007205434052180821,0.0038226613830127203,1971,0,60,0,1912
2020-03-16,2020,0.60865778196163,0.030712312118204143,0.002045716130845501,1971,0,60,0,1912
2020-03-17,2020,-2.354052778527667,-0.027961231452405394,0.004292338800713095,1971,0,60,0,1912
2020-03-18,2020,3.0021807932100466,0.06570826120601522,0.003071714774192043,1971,0,60,0,1912
2020-03-19,2020,3.0172093586781785,0.08977414939568269,0.0037871582468146287,1971,0,60,0,1912
2020-03-23,2020,-0.15785781184003156,0.0252915204388473,0.0050919178974531245,1971,0,60,0,1912
2020-03-24,2020,-2.219738113507823,-0.044268006637300496,0.0018443621729045984,1971,0,60,0,1912
2020-03-25,2020,-0.18307704324626664,0.0020735845175490256,0.002888202408670906,1971,0,60,0,1912
2020-03-26,2020,-0.8580927398530989,-0.051106843603587436,0.0020422737545084508,1972,0,61,0,1912
2020-03-27,2020,-0.5356176977820765,-0.04189483128418413,0.00132449088110272,1972,0,61,0,1912
2020-03-30,2020,-0.44393064579931973,-0.001931303534398841,0.002396500394542625,1973,0,62,0,1912
2020-03-31,2020,0.14077878876042327,0.0034595808109229896,0.0015058496298202852,1974,0,63,0,1912
2020-04-01,2020,0.37568771948133,0.007147375678303238,0.001214439320512272,1974,0,63,0,1912
2020-04-02,2020,-1.5346572547147055,-0.06440602232207272,0.0022896333065556013,1974,0,63,0,1912
2020-04-03,2020,0.5157251328295492,0.05210210387999487,0.001776106232493821,1974,0,63,0,1912
2020-04-06,2020,0.09135600241714552,-0.03163805797209239,0.0012349302698066711,1974,0,63,0,1912
2020-04-07,2020,1.3804193318662865,0.09457801566889534,0.0008635777649275143,1974,0,63,0,1912
2020-04-08,2020,0.8627906086701477,0.05680275512082652,0.0007004542902803297,1974,0,63,0,1912
2020-04-09,2020,-0.5886165275295188,-0.055637357019672144,0.001016612686226432,1974,0,63,0,1912
2020-04-10,2020,0.5539091719347754,0.025165307636532977,0.0009768719479964706,1974,0,63,0,1912
2020-04-13,2020,-0.43097872234112494,0.004018201396950251,0.000986138886410352,1974,0,63,0,1912
2020-04-14,2020,-1.1128194127293896,-0.03845274131371467,0.0011891356819787955,1974,0,63,0,1912
2020-04-15,2020,0.6453969675734476,0.004484597018591618,0.0006844825279798654,1974,0,63,0,1912
2020-04-16,2020,0.20451281909334065,-0.016934954156857862,0.0008805444599505981,1974,0,63,0,1912
2020-04-17,2020,0.37064241371264356,-0.007016536244298921,0.0010494082554328656,1974,0,63,0,1912
2020-04-20,2020,-0.9049405128304778,-0.03234357712472515,0.0008440700943079779,1974,0,63,0,1912
2020-04-21,2020,-0.1152069321276971,0.06730960466786,0.0011422587253199798,1974,0,63,0,1912
2020-04-22,2020,-0.7448638922405116,-0.03199613842284356,0.0006145615556590089,1974,0,63,0,1912
2020-04-23,2020,1.0292521306791642,0.03371509374635436,0.0008699796932133091,1974,0,63,0,1912
2020-04-24,2020,-1.216290738800949,-0.0453539853011795,0.0007252019437526338,1974,0,63,0,1912
2020-04-27,2020,1.0907115821962055,0.07985694489709841,0.0011869504248323607,1974,0,63,0,1912
2020-04-28,2020,-0.38409725418831603,-0.04330503019162858,0.0010498529278937178,1974,0,63,0,1912
2020-04-30,2020,1.0652625958207596,0.011207728448650523,0.0009469925900424056,1974,0,63,0,1912
2020-05-01,2020,1.25941639283339,0.06564405123924816,0.0011886709469705954,1974,0,63,0,1912
2020-05-07,2020,0.08890641068939449,0.0259457569166153,0.001734626157423425,1974,0,63,0,1912
2020-05-08,2020,-0.9080038073159882,-0.016416507907528268,0.0006988913561366567,1974,0,63,0,1912
2020-05-11,2020,-0.07335999728532931,-0.015522772826507556,0.0008430852457344238,1974,0,63,0,1912
2020-05-12,2020,-0.5633530657899269,-0.07099442411560875,0.0014948833956283476,1974,0,63,0,1912
2020-05-13,2020,-0.14310154214135373,0.024523521164302495,0.0008916565170195554,1974,0,63,0,1912
2020-05-14,2020,-0.3284256188630395,0.018295677683092718,0.0010578623483229392,1974,0,63,0,1912
2020-05-15,2020,0.4180826680712671,0.02098559808931065,0.0008949820739415807,1974,0,63,0,1912
2020-05-18,2020,0.35646096906805713,0.04675401354164775,0.0007073184387788863,1974,0,63,0,1912
2020-05-19,2020,-0.45581603444859525,0.003686960152506607,0.0004980769594003485,1974,0,63,0,1912
2020-05-20,2020,-1.3653092933064486,-0.083331639806009,0.000531678134341213,1974,0,63,0,1912
2020-05-21,2020,-0.16000496600043176,0.024086479417577605,0.0010786088469004731,1974,0,63,0,1912
2020-05-22,2020,-0.7741063681691417,0.03918810343851987,0.0010193724472109368,1974,0,63,0,1912
2020-05-25,2020,-0.4840394629896256,0.001980025861429382,0.0008250599007744618,1974,0,63,0,1912
2020-05-26,2020,0.10274627951073849,-0.004023907431090196,0.0006777435511832225,1974,0,63,0,1912
2020-05-27,2020,-0.9100716816081748,-0.03810584630154217,0.0008832476559401718,1974,0,63,0,1912
2020-05-28,2020,-0.6287221683773172,-0.00847184965773312,0.0007235829195276468,1974,0,63,0,1912
2020-05-29,2020,0.33979588724864956,0.054184074813324795,0.0006373890983010192,1974,0,63,0,1912
2020-06-01,2020,1.3675034203533698,0.05376064279277243,0.0004115516873460905,1974,0,63,0,1912
2020-06-02,2020,0.7575581892391763,0.023280219896770742,0.00046554149468954056,1974,0,63,0,1912
2020-06-03,2020,1.1215936871871737,0.03387472904899511,0.0005793098482386429,1974,0,63,0,1912
2020-06-04,2020,1.2812739319542548,0.0714239835987333,0.0009100335737588111,1974,0,63,0,1912
2020-06-05,2020,0.18554662365410324,0.01031623859180362,0.00044950049111712605,1974,0,63,0,1912
2020-06-08,2020,-1.0526444354521693,-0.034750708167558424,0.0005106184606794243,1974,0,63,0,1912
2020-06-09,2020,-1.4667126284130145,-0.05901607384563106,0.0013026290356002175,1974,0,63,0,1912
2020-06-10,2020,-0.6757858484623895,-0.018760652099684975,0.0007149013047518643,1974,0,63,0,1912
2020-06-11,2020,-0.49334983833602425,-0.03062549337387751,0.0014097020958026417,1974,0,63,0,1912
2020-06-12,2020,-0.6110038569295746,-0.06687861398573765,0.0026748638398868996,1974,0,63,0,1912
2020-06-15,2020,-1.4467067329375023,-0.03833158415972053,0.000510953065975219,1974,0,63,0,1912
2020-06-16,2020,-1.1720414398241303,-0.0465176005148639,0.000433348783460059,1974,0,63,0,1912
2020-06-17,2020,-0.9636307863219219,-0.04072295464177374,0.0005001210132655807,1974,0,63,0,1912
2020-06-18,2020,-1.0605644110791934,-0.019763981142997277,0.00046776704153280417,1974,0,63,0,1912
2020-06-19,2020,0.32785538211063275,0.0544859104301098,0.00033890296653161904,1974,0,63,0,1912
2020-06-22,2020,-0.10417999570258656,0.004571010061911923,0.000539667957959489,1974,0,63,0,1912
2020-06-23,2020,-1.128773880387012,-0.05126579394884843,0.0005766049645842868,1974,0,63,0,1912
2020-06-24,2020,0.591125210809559,-0.0032843608972581953,0.0006134305986618521,1974,0,63,0,1912
2020-06-25,2020,0.6782847688351588,0.016009212688739546,0.0008761637704843987,1974,0,63,0,1912
2020-06-26,2020,1.3123060660590469,0.04429481903558059,0.0005165802020487909,1974,0,63,0,1912
2020-06-29,2020,0.8052867757034718,0.011068567618618954,0.0007661045907262296,1974,0,63,0,1912
2020-06-30,2020,0.7281781550400132,0.048159629762642826,0.0008210161433044898,1975,0,64,0,1912
2020-07-01,2020,-0.4267537227189277,-0.05462528203569578,0.0006316712896989022,1975,0,64,0,1912
2020-07-02,2020,-0.2578674556840917,-0.010060925635806775,0.0009095975788667922,1975,0,64,0,1912
2020-07-03,2020,-1.179522451885824,-0.06007111951701674,0.0005759859061782826,1975,0,64,0,1912
2020-07-06,2020,0.401947083412222,0.020964007553349682,0.0005475454535595071,1975,0,64,0,1912
2020-07-07,2020,-0.4789664374661668,-0.014602024498431366,0.0005774390350428608,1975,0,64,0,1912
2020-07-08,2020,-0.4424063624116747,-0.039985101563549,0.0009346145767457658,1975,0,64,0,1912
2020-07-09,2020,0.9087810117280402,0.059017487412702886,0.0013790762305135999,1975,0,64,0,1912
2020-07-10,2020,0.4192916165889917,0.025022835667071166,0.00048243850068666765,1976,0,65,0,1912
2020-07-13,2020,0.5302334373574157,0.03734823098295333,0.0007778042586460603,1976,0,65,0,1912
2020-07-14,2020,0.7839636473806006,0.05132270940056136,0.0006538288817751965,1976,0,65,0,1912
2020-07-15,2020,-0.9388582688626895,-0.06685629339849171,0.0004591136983564851,1978,0,67,0,1912
2020-07-16,2020,-0.4252009129499739,0.0024809682706956066,0.0005025085143200744,1978,0,67,0,1912
2020-07-17,2020,-1.1032157332551773,-0.040139299556433444,0.0006076373795639587,1978,0,67,0,1912
2020-07-20,2020,-0.011542215182319756,0.0026975080014403205,0.00043586185528626163,1978,0,67,0,1912
2020-07-21,2020,-0.41247517061684097,-0.051836962224934606,0.0006032107812666199,1978,0,67,0,1912
2020-07-22,2020,-0.9047600232900784,-0.04027933826533583,0.0005164958011196545,1978,0,67,0,1912
2020-07-27,2020,-0.4745907075108615,-0.007636006037983168,0.0007481076626046892,1978,0,67,0,1912
2020-07-28,2020,-1.1822675229236659,-0.05796021203585822,0.0007802328258698476,1978,0,67,0,1912
2020-07-29,2020,-1.3057738781614994,-0.0667471765172248,0.002061240879943061,1978,0,67,0,1912
2020-07-30,2020,-0.4927367430407526,-0.0044823590864887545,0.0014876177760314382,1978,0,67,0,1912
2020-07-31,2020,1.8229941155306235,0.02337575854514052,0.001387136867929766,1980,0,69,0,1912
2020-08-03,2020,-0.30681373804733236,-0.039388920478512515,0.0005907567622535797,1981,0,70,0,1912
2020-08-04,2020,1.0141600013831429,0.04243538618898389,0.000686418416761182,1981,0,70,0,1912
2020-08-05,2020,-1.1637231189404786,-0.025451638926185793,0.000952784296046507,1981,0,70,0,1912
2020-08-06,2020,2.0530390570769073,0.11694890827754181,0.0016909725497301926,1981,0,70,0,1912
2020-08-07,2020,0.8441113522226065,0.036004694847558937,0.0008085035144947281,1981,0,70,0,1912
2020-08-11,2020,-0.32293646267825576,-0.011335105693385453,0.0006645144263369601,1981,0,70,0,1912
2020-08-12,2020,-0.513354443996211,-0.05538531575016086,0.0005588412460059665,1981,0,70,0,1912
2020-08-13,2020,-0.4364552056523685,-0.02922640749626598,0.0006309348746661543,1981,0,70,0,1912
2020-08-14,2020,-0.40626954806728643,-0.03770151217076644,0.0005523963995298373,1981,0,70,0,1912
2020-08-17,2020,-0.07487227399124514,0.015089350308501932,0.0004936366250686432,1981,0,70,0,1912
2020-08-18,2020,1.0211099382323918,0.015645621816234644,0.0004427862619899932,1981,0,70,0,1912
2020-08-19,2020,0.6416394888287312,0.03190405174717794,0.0004406958527475461,1981,0,70,0,1912
2020-08-20,2020,0.37878384135190085,-0.01664170996413457,0.0004999311916888561,1982,0,71,0,1912
2020-08-21,2020,1.3759507951742604,0.06258787684323704,0.0005702105544793287,1982,0,71,0,1912
2020-08-24,2020,0.06208982145760281,-0.007537959227621245,0.0004706891638826281,1982,0,71,0,1912
2020-08-25,2020,-0.09584431116756835,-0.009324847712860835,0.00042723590231364815,1982,0,71,0,1912
2020-08-26,2020,1.3321566256997197,0.0381938406786211,0.0007109450340378286,1982,0,71,0,1912
2020-08-27,2020,-0.46794522981807,-0.03971150445731335,0.0007636783382782531,1982,0,71,0,1912
2020-08-28,2020,-1.3743216946804668,-0.026469274781508265,0.0005422905221400179,1982,0,71,0,1912
2020-08-31,2020,-0.8868299078287918,-0.05283891040876756,0.00041355626077773457,1982,0,71,0,1912
2020-09-01,2020,-0.29595153394266704,0.008744449843848584,0.0003963145960926829,1982,0,71,0,1912
2020-09-02,2020,1.0492983272603444,0.07087305111149117,0.0005058251773796903,1982,0,71,0,1912
2020-09-03,2020,1.7279736768270508,0.04884212855548276,0.0005819299982136137,1982,0,71,0,1912
2020-09-04,2020,0.14229625348023886,-0.023622011381585595,0.0007239543145366858,1982,0,71,0,1912
2020-09-07,2020,0.2563193784573328,0.03257148910861331,0.00037700758977749735,1982,0,71,0,1912
2020-09-08,2020,0.46052469259705164,0.03724750756482393,0.00042440557946193453,1982,0,71,0,1912
2020-09-09,2020,-0.2862905471554911,0.002653780444908813,0.0005370937496205492,1982,0,71,0,1912
2020-09-10,2020,0.9045666828529715,0.04135426766551741,0.0006146863326661269,1982,0,71,0,1912
2020-09-11,2020,-1.5700933905846952,-0.04426608343250068,0.0004763280735177877,1982,0,71,0,1912
2020-09-14,2020,-1.2384983991593796,-0.057731500225414026,0.0006578110640532225,1982,0,71,0,1912
2020-09-15,2020,-0.20654468142749297,-0.015942827150082287,0.0004048608637612315,1982,0,71,0,1912
2020-09-16,2020,-0.4969591736976273,-0.011324687751276463,0.0005147270478506619,1982,0,71,0,1912
2020-09-17,2020,-1.6890511303966889,-0.029032978577248635,0.0006842129516460143,1983,0,72,0,1912
2020-09-18,2020,-0.18538001745477395,-0.014710678140600944,0.0006138943179143634,1983,0,72,0,1912
2020-09-23,2020,0.15220403154777676,0.005368984527899475,0.0005614638962958052,1983,0,72,0,1912
2020-09-24,2020,0.3863085220939932,0.04842376840845424,0.0010076358730970478,1984,0,73,0,1912
2020-09-25,2020,-0.3069143085752404,0.0106501946158126,0.0006103580395569863,1986,0,75,0,1912
2020-09-28,2020,-1.2335003778629847,-0.020440565140076968,0.000985106954040989,1986,0,75,0,1912
2020-09-29,2020,0.0,,2.96031626053034e-05,1986,0,75,0,1912
2020-09-30,2020,-0.6847625678886468,-0.012437286185500034,0.0007903852623314816,1986,0,75,0,1912
2020-10-02,2020,0.5270000755421211,0.039222680716036885,0.00040032128099185747,1989,0,78,0,1912
2020-10-05,2020,-0.8652219296422782,-0.008499326984221066,0.00045790630423544305,1990,0,79,0,1912
2020-10-06,2020,-0.37815240511464604,-0.03168580587329644,0.0004340697187779215,1990,0,79,0,1912
2020-10-07,2020,-0.5412086473932164,-0.006011887586779379,0.0004828232741887556,1990,0,79,0,1912
2020-10-08,2020,-1.3654953644539052,-0.03642198867674412,0.0004840765306020674,1990,0,79,0,1912
2020-10-09,2020,0.1995595526891627,-0.021879613599532364,0.000380792170294669,1990,0,79,0,1912
2020-10-12,2020,-0.5147572872827837,-0.020512966500481924,0.0005361147844043299,1990,0,79,0,1912
2020-10-13,2020,-0.5019923645230774,-0.003049455299015005,0.000535027231353537,1990,0,79,0,1912
2020-10-14,2020,0.030004381266637736,0.041207216131710266,0.0007837348695204727,1990,0,79,0,1912
2020-10-15,2020,-0.6236187483472767,0.008161788904263133,0.0007334037795610474,1989,0,79,0,1911
2020-10-16,2020,-1.5109103020338122,-0.0417391400431207,0.0005701055443426541,1989,0,79,0,1911
2020-10-19,2020,0.5380253815035253,0.034462460832886135,0.000536384991488075,1989,0,79,0,1911
2020-10-20,2020,0.6860824469289734,0.045541611957138024,0.0006289089309723012,1989,0,79,0,1911
2020-10-21,2020,-0.21929459730399656,-0.033707218687234024,0.0004965144410819857,1989,0,79,0,1911
2020-10-22,2020,1.72157392809053,0.08823854187141844,0.0005538621037661191,1989,0,79,0,1911
2020-10-23,2020,-0.31611038307529205,-0.009301317737835463,0.00047271819582574376,1989,0,79,0,1911
2020-10-26,2020,-1.6650564561629215,-0.059610798013215976,0.0006176345491378703,1989,0,79,0,1911
2020-10-27,2020,-0.7838120916288173,0.0007189130469416044,0.0004926294712811771,1989,0,79,0,1911
2020-10-28,2020,0.3770192619249239,0.027500311536338563,0.001052370762462104,1990,0,80,0,1911
2020-10-29,2020,-0.3343432174973599,-0.028529113600506886,0.0008496567174874858,1991,0,80,0,1912
2020-10-30,2020,-0.8580439231474516,0.001262409130266874,0.000795561819424311,1991,0,80,0,1912
2020-11-02,2020,-0.9061124530695954,-0.0160568441084358,0.001010210124995484,1991,0,80,0,1912
2020-11-04,2020,-0.34709091827048305,-0.0040275089755449625,0.0006892070845806317,1991,0,80,0,1912
2020-11-05,2020,-1.0374589727289998,-0.04224897922295124,0.0009924304312813794,1991,0,80,0,1912
2020-11-06,2020,5.943879828888046,0.13241874289856728,0.002158600732843286,1991,0,80,0,1912
2020-11-09,2020,-0.3216196579666371,-0.003804648943236132,0.0008410504234321183,1991,0,80,0,1912
2020-11-10,2020,-0.38615761091676015,-0.06502629969866422,0.0007055275250907457,1991,0,80,0,1912
2020-11-11,2020,0.39863851107133047,-0.02517528190953039,0.0009820423152980865,1991,0,80,0,1912
2020-11-12,2020,0.5687193903017634,0.03712853923926079,0.0010048377099550047,1991,0,80,0,1912
2020-11-13,2020,1.271904070059224,0.07229829266720665,0.0006924840135490156,1991,0,80,0,1912
2020-11-16,2020,-0.721129988969084,-0.017105587919099274,0.00046031280078238885,1991,0,80,0,1912
2020-11-17,2020,-0.15383055935493206,0.02554457670225647,0.0004635312070153356,1991,0,80,0,1912
2020-11-18,2020,-0.08244609976140833,-0.0003050309258027454,0.00040073291989998637,1991,0,80,0,1912
2020-11-19,2020,-0.12769430917764524,0.013208832622203376,0.0007377667078776017,1991,0,80,0,1912
2020-11-20,2020,-1.4429596972493197,-0.08239253360204693,0.0005220770647348921,1991,0,80,0,1912
2020-11-24,2020,0.3381765993568691,0.00520190615056889,0.0005066166402220566,1991,0,80,0,1912
2020-11-25,2020,-0.6913691262277357,-0.011341557327030417,0.0005572885098663524,1991,0,80,0,1912
2020-11-26,2020,-1.1396280361468538,-0.09118256583819559,0.0011336765668048408,1991,0,80,0,1912
2020-11-27,2020,0.3807082317834576,0.012777228245953448,0.0006456434826605027,1991,0,80,0,1912
2020-11-30,2020,-0.03703350865117357,0.02857800400238019,0.00044954869286340155,1991,0,80,0,1912
2020-12-01,2020,0.20517773425496869,-0.0124719497681299,0.0005443117799639844,1991,0,80,0,1912
2020-12-02,2020,0.1717621003498161,0.0007218754437686124,0.0005046574141930574,1991,0,80,0,1912
2020-12-03,2020,1.0984174660952342,0.02822836899411291,0.0007123802368293119,1991,0,80,0,1912
2020-12-04,2020,-1.2261798454261095,-0.032660093503269226,0.00046887266874765155,1991,0,80,0,1912
2020-12-07,2020,0.6951849113844556,0.019010708374072923,0.00046939620340055174,1991,0,80,0,1912
2020-12-08,2020,0.38718807500834407,0.0015708197658599109,0.00041218444171539463,1991,0,80,0,1912
2020-12-09,2020,-0.08226846742694398,0.006792897505105207,0.0005745499633958335,1991,0,80,0,1912
2020-12-10,2020,-0.2804534944315276,0.0035235581480882786,0.0005680350251862955,1991,0,80,0,1912
2020-12-11,2020,-0.16558254350214488,-0.008183103805664414,0.00047795570989082273,1991,0,80,0,1912
2020-12-14,2020,0.04338468510500252,0.03137324858728221,0.0005317945795930162,1991,0,80,0,1912
2020-12-15,2020,0.1819073692853251,-0.02914514667094026,0.0005301156996511542,1990,0,80,0,1911
2020-12-16,2020,-0.2914646412431951,0.017734323308751677,0.0004123078642845636,1993,0,83,0,1911
2020-12-17,2020,-0.668910553999884,-0.02825263649040361,0.000399513406468949,1994,0,84,0,1911
2020-12-18,2020,0.6391602255862144,0.032729756950124714,0.0009552523930898938,1995,0,85,0,1911
2020-12-21,2020,-0.7527523332752323,-0.009264156957261007,0.0004401812452112601,1996,0,86,0,1911
2020-12-22,2020,-0.18061536576704343,-0.013741155770310895,0.0004127856163375649,1998,0,88,0,1911
2020-12-23,2020,-0.08628784445442979,-0.018163504752980543,0.0004110043718364127,1999,0,89,0,1911
2020-12-24,2020,0.25917726228192484,-0.0037974079786786898,0.0004474500689941621,1999,0,89,0,1911
2020-12-25,2020,0.10175369709576938,0.009226885098206924,0.0006249781134462698,1999,0,89,0,1911
2020-12-28,2020,0.4731813436722621,-0.012279668826217878,0.0003722964409131991,1999,0,89,0,1911
2020-12-29,2020,-0.24137925784967237,-0.05941235136455224,0.0006577920576141785,1999,0,89,0,1911
2020-12-30,2021,0.05455295481329711,-0.0021125750260163395,0.00035896496390372,1999,0,56,0,1944
2021-01-04,2021,0.930333309394813,0.061110993834367,0.0004357753563229502,1999,0,56,0,1944
2021-01-05,2021,-0.2700620745956807,-0.01907053016830495,0.0005508597255180995,1999,0,56,0,1944
2021-01-06,2021,-0.73220147046453,0.006256523438576442,0.0005779314198760919,1999,0,56,0,1944
2021-01-07,2021,0.17431843955027038,0.01850675473652429,0.000557851117972759,1999,0,56,0,1944
2021-01-08,2021,0.23129506798311952,0.05606224818229276,0.0005448275199250607,1999,0,56,0,1944
2021-01-12,2021,-0.2782069509791028,0.019307376063786776,0.0004873038507836902,1999,0,56,0,1944
2021-01-13,2021,-0.9489825821947727,-0.006226028626338967,0.0006309378496324635,1999,0,56,0,1944
2021-01-14,2021,-0.7399938709355741,-0.00346276668368176,0.000445550514494841,1999,0,56,0,1944
2021-01-15,2021,-0.24381527942971815,-0.0007129877519113816,0.00041262958065450736,1999,0,56,0,1944
2021-01-18,2021,-1.3604980970199454,-0.05355899838448831,0.00041333437013472377,1999,0,56,0,1944
2021-01-19,2021,0.3153474507906167,0.0423960377678989,0.0004150839592454072,1999,0,56,0,1944
2021-01-20,2021,-0.046340300089049734,-0.014748917501009524,0.00039776357053283173,1999,0,56,0,1944
2021-01-21,2021,-0.5861068011864665,-0.02463735221975465,0.0005507774842975074,1999,0,56,0,1944
2021-01-22,2021,-0.06336370130859237,0.003655522307063291,0.0004652997243552332,1999,0,56,0,1944
2021-01-25,2021,-0.26501540936652407,-0.0013360741352203595,0.000423385357316324,1999,0,56,0,1944
2021-01-26,2021,0.18156508985515737,0.018115979734815917,0.0005916396646827485,1999,0,56,0,1944
2021-01-27,2021,0.5174965744988776,0.04418799522481694,0.0007152044887178024,1999,0,56,0,1944
2021-01-28,2021,-1.1711795761690775,-0.046037783613262766,0.0007291038454899098,1999,0,56,0,1944
2021-01-29,2021,-1.5585131357962052,-0.04779262747344734,0.0007342708532859769,1999,0,56,0,1944
2021-02-01,2021,0.5886706225915675,0.04113886374616963,0.0005434986711409706,1999,0,56,0,1944
2021-02-02,2021,-0.6503985070210683,0.005991539461354706,0.00042596343781478287,1999,0,56,0,1944
2021-02-03,2021,0.5736873116610219,0.021620353277365213,0.0007174764415555019,1999,0,56,0,1944
2021-02-04,2021,-0.5948815513285762,0.003992623056212002,0.000787869427542367,1999,0,56,0,1944
2021-02-05,2021,0.001927734871278619,0.025052403458309322,0.0004986369521409481,1999,0,56,0,1944
2021-02-08,2021,-0.006390581333831413,0.008578421881691412,0.0005707447652532126,1999,0,56,0,1944
2021-02-09,2021,-0.23472844577481347,-0.012369161375413598,0.0007929554940711239,1999,0,56,0,1944
2021-02-10,2021,0.2481064057734832,0.028381163031146076,0.0008533429827148444,1999,0,56,0,1944
2021-02-12,2021,0.7964870195878458,0.02857700237957589,0.0005363401920294166,1999,0,56,0,1944
2021-02-15,2021,0.58720350736308,0.005719083044393737,0.0006651900795301684,1999,0,56,0,1944
2021-02-16,2021,0.6697211365355713,0.051674484407487786,0.0006583951354707054,1999,0,56,0,1944
2021-02-17,2021,-1.3752382246505412,-0.04912228210308977,0.0004895236449530693,2000,0,56,0,1945
2021-02-18,2021,-0.07456982078692054,-0.026891793642067882,0.0005949529116214137,2000,0,56,0,1945
2021-02-19,2021,1.5293197318970932,0.013186475819423954,0.0008934123605848711,2000,0,56,0,1945
2021-02-22,2021,0.6026379348730678,-0.003746914238750409,0.0005171150172089842,2000,0,56,0,1945
2021-02-24,2021,-0.6051855016600415,-0.04602241242515501,0.0008748944181158722,2000,0,56,0,1945
2021-02-25,2021,0.14360095738991538,0.028415701756933833,0.0008496508779683367,2000,0,56,0,1945
2021-02-26,2021,0.2669013920627508,0.0004881974975891492,0.00037330400414179376,2000,0,56,0,1945
2021-03-01,2021,-0.6914743952614248,-0.024233378349696875,0.0004350964352540972,2000,0,56,0,1945
2021-03-02,2021,0.04557721941153936,-0.001293703572292146,0.0003805683848222744,2000,0,56,0,1945
2021-03-03,2021,-1.284470140086274,-0.03868240695279406,0.000357533540641411,2000,0,56,0,1945
2021-03-04,2021,0.8476983920518132,-0.006345365115575262,0.0003929768337439227,2000,0,56,0,1945
2021-03-05,2021,0.5413305929503789,0.011125268932855351,0.0006853376156043411,2000,0,56,0,1945
2021-03-08,2021,-0.20505684057830584,-0.010183063999593402,0.0003249316748113135,2000,0,56,0,1945
2021-03-09,2021,0.10958987967159099,0.019605605116940098,0.0004456793294710665,2000,0,56,0,1945
2021-03-10,2021,0.7675131317260467,0.07666276511013136,0.0004773410963459664,2000,0,56,0,1945
2021-03-11,2021,0.21993595223820547,0.017157190583704886,0.0006549779576679501,2000,0,56,0,1945
2021-03-12,2021,0.41035179024520624,0.0062497574593415916,0.0004885520427256238,2000,0,56,0,1945
2021-03-15,2021,-0.24682627160840154,-0.03444071323532324,0.00036930355003545444,2000,0,56,0,1945
2021-03-16,2021,0.6208933547588801,0.06929106592068608,0.0003834172043225368,2000,0,56,0,1945
2021-03-17,2021,-0.06708640705359208,-0.02128568396001406,0.00042869151428369433,2000,0,56,0,1945
2021-03-18,2021,0.03660616606509226,-0.014546518477437584,0.00040638968169378974,2000,0,56,0,1945
2021-03-19,2021,-0.3061285740931415,-0.006021898354187902,0.0005368481298100447,2000,0,56,0,1945
2021-03-22,2021,0.4854654454209945,-0.01924216499465788,0.0009758196021318115,2000,0,56,0,1945
2021-03-23,2021,0.3855705740382381,-0.029019315109390202,0.0005223056215628695,2000,0,56,0,1945
2021-03-24,2021,0.3494440301715436,-0.005907667243665287,0.0004638762692802374,2000,0,56,0,1945
2021-03-25,2021,0.4029868031728105,0.013327234332978652,0.0004187165863269138,2000,0,56,0,1945
2021-03-26,2021,1.429742298921438,0.04876296213971108,0.0005641037280582713,2000,0,56,0,1945
2021-03-29,2021,0.7800436147750999,0.04143996066446089,0.0005338540083505368,2000,0,56,0,1945
2021-03-30,2021,0.5584606635554866,0.008907963660972663,0.0004290305867038627,2000,0,56,0,1945
2021-03-31,2021,-0.19509782465251835,0.0037408654645020548,0.00033878604790706486,2000,0,56,0,1945
2021-04-01,2021,0.6198754270123041,0.01776598935772289,0.00033641689686684227,2000,0,56,0,1945
2021-04-02,2021,-0.08208885892342188,0.021815085407344382,0.00038507956919310273,2000,0,56,0,1945
2021-04-05,2021,0.3915009578706374,0.011969612623431694,0.00043281359135226256,2000,0,56,0,1945
2021-04-06,2021,-0.31161833542553613,-0.018548134508512785,0.000539051915486115,2000,0,56,0,1945
2021-04-07,2021,-0.7281642226564905,-0.03686824470648384,0.00027806515815942835,2000,0,56,0,1945
2021-04-08,2021,-0.39734774835891146,0.02175515629769275,0.0003452005016825015,2000,0,56,0,1945
2021-04-09,2021,-0.24613053148945255,0.0013771639089517587,0.0002870798183063136,2000,0,56,0,1945
2021-04-12,2021,-0.13055377829901435,-0.012066194546689946,0.00030208690948777336,2000,0,56,0,1945
2021-04-13,2021,-0.4215045378747239,-0.039383522625831106,0.0003564828477586483,2000,0,56,0,1945
2021-04-14,2021,-0.6679511088072904,-0.019028091212472384,0.0002720369622477804,2000,0,56,0,1945
2021-04-15,2021,-1.0185130536063578,-0.07010217901329546,0.0003549308890979983,2000,0,56,0,1945
2021-04-16,2021,-0.18912528615229598,-0.007396894380999418,0.0003759520045806174,2000,0,56,0,1945
2021-04-19,2021,-0.3429187125415645,0.011033165989042505,0.000695731407653851,2000,0,56,0,1945
2021-04-20,2021,-0.1414547598356274,-0.02149833411659335,0.0004849597329799609,2000,0,56,0,1945
2021-04-21,2021,0.6181007064642078,0.05155448723008084,0.00028870866401050434,2000,0,56,0,1945
2021-04-22,2021,-0.6859100976832799,-0.046901257869448536,0.0003390712394373855,2000,0,56,0,1945
2021-04-23,2021,0.09977807981264486,0.0176248790946135,0.0003192444278851989,2000,0,56,0,1945
2021-04-26,2021,-0.18048955801273303,0.003697855781448725,0.00038510012129609983,2000,0,56,0,1945
2021-04-27,2021,-0.013884910756511548,-0.0027257685548273836,0.0005064619829406231,2000,0,56,0,1945
2021-04-28,2021,0.35144020516140184,-0.015053001433525599,0.0006497302512762034,1999,0,56,0,1944
2021-04-30,2021,1.209641626159405,0.0017479762547942279,0.0005333240443197447,1999,0,56,0,1944
2021-05-06,2021,0.5766685428494641,0.012482531623172406,0.0005482129167018075,1999,0,56,0,1944
2021-05-07,2021,-0.3534242040815864,-0.014683577433457759,0.0009021391773998961,1999,0,56,0,1944
2021-05-10,2021,-0.9036696848782638,-0.04760942195390932,0.0009471654345493042,1999,0,56,0,1944
2021-05-11,2021,0.6912095089069789,0.002391480530737894,0.0009126200205704064,1999,0,56,0,1944
2021-05-12,2021,0.36545447842473483,0.05639706314838435,0.0011826874941118094,1999,0,56,0,1944
2021-05-13,2021,-1.235385021512247,-0.016150980172488123,0.0010917773732507178,1999,0,56,0,1944
2021-05-14,2021,-0.2252876569336403,-0.01386282684076864,0.0006936399397009426,1999,0,56,0,1944
2021-05-17,2021,-0.19149799063719394,-0.028552196741946697,0.000387264657344952,1999,0,56,0,1944
2021-05-18,2021,0.4397468759478575,0.032276480759631604,0.00041359647369943326,1999,0,56,0,1944
2021-05-19,2021,-0.7045177739192422,-0.008696730286884492,0.000312322373773327,1999,0,56,0,1944
2021-05-20,2021,-0.38794571401041117,-0.04638649779904467,0.00036473708952169395,1999,0,56,0,1944
2021-05-21,2021,-1.2081647560389244,-0.0959232962919187,0.0003432098546460679,1999,0,56,0,1944
2021-05-24,2021,0.5204201239696647,-0.001292207235434883,0.0003284899874349306,1999,0,56,0,1944
2021-05-25,2021,0.13751984593082542,-0.0024754532907731957,0.00041961368998565926,1999,0,56,0,1944
2021-05-26,2021,-0.35274288400516635,0.024969147505951826,0.0006298873574735897,1999,0,56,0,1944
2021-05-27,2021,0.3321320951075313,-0.02685841981716765,0.000393901417552568,1999,0,56,0,1944
2021-05-28,2021,-0.24037840196516355,-0.0380462935100327,0.00028581755351936923,1999,0,56,0,1944
2021-05-31,2021,-0.44713327463078184,-0.029963826621477493,0.000414597491774586,1999,0,56,0,1944
2021-06-01,2021,-0.2366045006821181,-0.02810002804606142,0.00036048200769629463,1999,0,56,0,1944
2021-06-02,2021,-0.4225373457494066,0.0035487312873875537,0.00031958840583353165,1999,0,56,0,1944
2021-06-03,2021,-0.5673309640224478,-0.01831261510651444,0.00031565200939994554,1999,0,56,0,1944
2021-06-04,2021,-0.5617129627452249,-0.04636429479862478,0.0003573037150509711,1999,0,56,0,1944
2021-06-07,2021,0.343759195320551,0.028736584008484237,0.00029684036369167046,1999,0,56,0,1944
2021-06-08,2021,0.29615983220580827,0.0003541897576275317,0.00027325551048608133,1999,0,56,0,1944
2021-06-09,2021,-0.05917880289877534,-0.01641934410879267,0.0003140390823282289,1999,0,56,0,1944
2021-06-10,2021,-0.7062673862577037,-0.01352875788341486,0.0003713213847506432,1999,0,56,0,1944
2021-06-11,2021,-0.11613337006410074,0.009051664790948053,0.0003448284472931413,1999,0,56,0,1944
2021-06-14,2021,0.4050594332875838,0.024338662176245352,0.00032412054074531355,1999,0,56,0,1944
2021-06-15,2021,-0.5261393481341242,-0.007970799473358561,0.0002874617213765939,1999,0,56,0,1944
2021-06-16,2021,-0.4217077403376039,-0.0367878258104496,0.0004354388476058546,1999,0,56,0,1944
2021-06-17,2021,0.08108430666343598,-0.011923705936660452,0.0006255350278136398,1999,0,56,0,1944
2021-06-18,2021,0.1151841998062532,-0.0072992793062728115,0.0009515451765952676,1999,0,56,0,1944
2021-06-21,2021,-0.19467967119586704,-0.011296761509073768,0.0003104232565824624,1999,0,56,0,1944
2021-06-22,2021,0.835735212506933,0.02217030218145529,0.00026645685509800915,1999,0,56,0,1944
2021-06-23,2021,0.2516823845231609,-0.012922121429240336,0.000276221580519453,1999,0,56,0,1944
2021-06-24,2021,0.14757813723779734,0.0010892980023505027,0.00025332515739115587,1999,0,56,0,1944
2021-06-25,2021,-0.21731455927459611,-0.05491142408036185,0.00037065657744965696,1999,0,56,0,1944
2021-06-28,2021,-0.5914035703077375,-0.01682946575093895,0.0003407273963888366,1999,0,56,0,1944
2021-06-29,2021,0.34899220698800243,0.022422750298566885,0.0003719775486164977,1999,0,56,0,1944
2021-06-30,2021,0.4619968500498241,0.032398543969977094,0.0003543558401917437,1999,0,56,0,1944
2021-07-01,2021,-0.35573662551117263,-0.013318103983280056,0.00024531639412158626,1999,0,56,0,1944
2021-07-02,2021,-0.09626526358984548,0.016400412805167502,0.00024006519975244234,1999,0,56,0,1944
2021-07-05,2021,-0.05342962905066765,0.013951940600241828,0.0002912496785672333,1999,0,56,0,1944
2021-07-06,2021,0.049124800653755095,0.00931665497079154,0.0003718903180810182,1999,0,56,0,1944
2021-07-07,2021,0.05048768814758553,0.02049344137560655,0.00026181070917391985,1999,0,56,0,1944
2021-07-08,2021,-0.06980351876849038,-0.030824383371849354,0.0006357696823207533,1999,0,56,0,1944
2021-07-09,2021,-0.6846622576164725,-0.03783943095606045,0.0003915317383698974,1999,0,56,0,1944
2021-07-12,2021,-0.18422052462424165,0.03322985956385888,0.00029151263449459826,1999,0,56,0,1944
2021-07-13,2021,0.7185964520561372,0.03275716441981153,0.00042312508194176804,1999,0,56,0,1944
2021-07-14,2021,-1.0630186100044863,-0.042942198851949206,0.00028315808162684194,1999,0,56,0,1944
2021-07-15,2021,0.11855221753910783,-0.0006316338414614607,0.0004162896236292977,1999,0,56,0,1944
2021-07-16,2021,0.8074769216631478,0.07210589752922535,0.0002858129504828811,1999,0,56,0,1944
2021-07-19,2021,-0.15795082211768582,0.0012173198785697709,0.0002983606478168909,1999,0,56,0,1944
2021-07-20,2021,0.016500967705778653,0.02271692457799703,0.00044118979675696204,1999,0,56,0,1944
2021-07-21,2021,-0.18383528454333797,0.014847696864653582,0.00033435425382814386,1999,0,56,0,1944
2021-07-26,2021,-0.26585713520539694,-0.03501019536875144,0.00040318148231715693,1999,0,56,0,1944
2021-07-27,2021,-0.016473219081387214,-0.00040739053940990703,0.00036598470044959614,1999,0,56,0,1944
2021-07-28,2021,0.21367144610795444,-0.009860716124252865,0.0006390423996306897,1999,0,56,0,1944
2021-07-29,2021,0.6074146780220998,0.026102550258611492,0.0009490435201426993,1999,0,56,0,1944
2021-07-30,2021,0.14165892419965154,-0.005048742254484246,0.0003380670084911418,1999,0,56,0,1944
2021-08-02,2021,-0.2198138011030316,-0.02820564962860988,0.00039186757122225657,1999,0,56,0,1944
2021-08-03,2021,0.9882839418439637,0.05186201627041133,0.00043316677794144804,1999,0,56,0,1944
2021-08-04,2021,0.4523617420771869,0.021698573039089425,0.0005722292623251395,1999,0,56,0,1944
2021-08-05,2021,-0.5217618432624912,-0.027508410146525,0.0008404946255952427,1999,0,56,0,1944
2021-08-06,2021,0.5060629410414111,0.026042287403339894,0.000678179138854007,1999,0,56,0,1944
2021-08-10,2021,0.054630930250286834,-0.0022115224141771974,0.0005596682208106104,1999,0,56,0,1944
2021-08-11,2021,-0.9822647654291838,-0.015370276473529614,0.000640426826458675,1999,0,56,0,1944
2021-08-12,2021,-0.8908848172013464,-0.00962624849304014,0.0008745702795584461,1999,0,56,0,1944
2021-08-13,2021,-0.5013604649511775,-0.003627527859345843,0.0005676150877345321,1999,0,56,0,1944
2021-08-16,2021,0.8228817709964996,-0.024047447940911574,0.0004537578385010728,1999,0,56,0,1944
2021-08-17,2021,0.3090554713929337,0.03716257548315801,0.0005211807357561752,1999,0,56,0,1944
2021-08-18,2021,0.9239475287291548,0.06267873759028687,0.0004942392542030111,1999,0,56,0,1944
2021-08-19,2021,-0.8684165993360432,-0.0189136703539174,0.0006569359370129838,1999,0,56,0,1944
2021-08-20,2021,0.04018924631908879,-0.005042250887024128,0.0004912819718261005,1999,0,56,0,1944
2021-08-23,2021,0.8150033760853758,0.06940702332830992,0.0002946729589223151,1999,0,56,0,1944
2021-08-24,2021,-0.23499175247397494,-0.005543418114519912,0.0003129793782843695,1999,0,56,0,1944
2021-08-25,2021,-0.9376127123046443,-0.01134985051851931,0.00026596172679591257,1999,0,56,0,1944
2021-08-26,2021,-0.0040770490854752,0.033519910118278096,0.0004971752509321409,1999,0,56,0,1944
2021-08-27,2021,-0.24339761704219764,-0.022200576415252752,0.00036491896529548964,1999,0,56,0,1944
2021-08-30,2021,-0.18810913952507372,0.023018546334643668,0.0003662740337828869,1999,0,56,0,1944
2021-08-31,2021,-0.6194918781827696,-0.01784805910480647,0.00034371763182033564,1999,0,56,0,1944
2021-09-01,2021,0.7069180065828716,0.01326248314759928,0.00060743487852254,1999,0,56,0,1944
2021-09-02,2021,-0.5660125745018304,-0.013433226559823657,0.000492986173375365,1999,0,56,0,1944
2021-09-03,2021,-0.1770312644134814,0.02430989719286329,0.00038497475837750717,1999,0,56,0,1944
2021-09-06,2021,0.3375796090110148,0.002282705640621274,0.0003438225873632471,1999,0,56,0,1944
2021-09-07,2021,0.3774401489125317,-0.016814338093760813,0.00030244518107195494,1999,0,56,0,1944
2021-09-08,2021,0.7112389839852327,0.013938964003489113,0.000681092657974081,1999,0,56,0,1944
2021-09-09,2021,0.1420825404467402,-0.011933555567305663,0.0004407912211003255,1999,0,56,0,1944
2021-09-10,2021,0.18629522325440964,0.02988787462486335,0.00040146555370081013,1999,0,56,0,1944
2021-09-13,2021,0.06168171059672645,0.01268316425943296,0.0005271787049320937,1999,0,56,0,1944
2021-09-14,2021,-0.8357811144090537,-0.035226176252444355,0.0004701041704187932,1999,0,56,0,1944
2021-09-15,2021,-0.10906168845011817,0.030309461863368452,0.00041930542856586365,1999,0,56,0,1944
2021-09-16,2021,0.8990696739117752,0.022969909199295487,0.0006138615204028914,1999,0,56,0,1944
2021-09-17,2021,-0.34609277479215333,-0.02424009026560236,0.0003988442188977388,1999,0,56,0,1944
2021-09-21,2021,-0.23552323139132625,-0.03640274144405607,0.0009873345976911146,1999,0,56,0,1944
2021-09-22,2021,0.14240370748435316,-0.013285826834426877,0.00037097159882338595,1999,0,56,0,1944
2021-09-24,2021,0.20230096043851256,-0.030416867872005374,0.0003390899471033942,1999,0,56,0,1944
2021-09-27,2021,0.23244779757492604,0.011772805108187748,0.0006204511179650518,1999,0,56,0,1944
2021-09-28,2021,-0.28308435882962585,-0.0384209687173615,0.00043688341448218994,1999,0,56,0,1944
2021-09-29,2021,-0.4718341251820988,-0.02643354208865011,0.000674511640436575,1999,0,56,0,1944
2021-09-30,2021,0.16544512675987733,0.038650702237602516,0.0005381011581216741,1998,0,56,0,1943
2021-10-01,2021,0.2556775605853249,0.008821934312125768,0.0004990227816234602,1998,0,56,0,1943
2021-10-04,2021,0.11921829443533823,0.011793050771479437,0.0004063690604405708,1998,0,56,0,1943
2021-10-05,2021,-0.5726310481053046,-0.020403198339898475,0.00036578391774724924,1998,0,56,0,1943
2021-10-06,2021,0.8453308061522465,-0.0038200495652232274,0.0004327843690645001,1998,0,56,0,1943
2021-10-07,2021,0.12809896746529206,0.012144776248931701,0.000448771771992719,1998,0,56,0,1943
2021-10-08,2021,0.7720141067117089,0.016275721064356718,0.0004099298627247389,1998,0,56,0,1943
2021-10-11,2021,0.34886635973097135,-0.019653342799490655,0.0003118747599328052,1998,0,56,0,1943
2021-10-12,2021,0.5291755657941759,0.0035010129364219608,0.0003408884414993429,1998,0,56,0,1943
2021-10-13,2021,-0.03230581924604022,-0.014505437698923549,0.0007871591661687268,1998,0,56,0,1943
2021-10-14,2021,-1.0296996880115363,-0.03128632196091002,0.00044898341722373876,1998,0,56,0,1943
2021-10-15,2021,-1.4126617445035432,-0.09354342243095821,0.0003733167395783721,1998,0,56,0,1943
2021-10-18,2021,0.11300211789095675,-0.005107316744837685,0.00030905794658242405,1998,0,56,0,1943
2021-10-19,2021,0.07269669152800222,-0.00474685995771623,0.00037351784055408003,1998,0,56,0,1943
2021-10-20,2021,0.5803335879546395,0.0025190377177854075,0.00026701635856343607,1998,0,56,0,1943
2021-10-21,2021,0.3004416647144701,-0.005636126348972311,0.0002717144094592029,1998,0,56,0,1943
2021-10-22,2021,0.2506235468630062,-0.006731003275491899,0.000350179152771674,1998,0,56,0,1943
2021-10-25,2021,-0.12158577831919448,0.020344514544811846,0.0003139469412275385,1998,0,56,0,1943
2021-10-26,2021,-0.33760173582268593,-0.03617909120876184,0.0004554933326826791,1998,0,56,0,1943
2021-10-27,2021,-0.520298135270525,-0.030464457497800735,0.00045126989069999924,1998,0,56,0,1943
2021-10-28,2021,-1.494136490583421,-0.025240616838299104,0.0009068612050948388,1998,0,56,0,1943
2021-10-29,2021,-0.09312301530126232,-0.022937736712418156,0.0004842742134975278,1998,0,56,0,1943
2021-11-01,2021,0.5197384880101655,0.04294636931390927,0.0007964031911609444,1998,0,56,0,1943
2021-11-02,2021,0.546295607102587,0.0003888573541422176,0.0007401778186810947,1997,0,56,0,1942
2021-11-04,2021,0.11575869579778386,0.01615840845279362,0.00066290669456014,1997,0,56,0,1942
2021-11-05,2021,-0.5809680002246429,0.0024402776979062708,0.0005961327186817547,1997,0,56,0,1942
2021-11-08,2021,0.12385449318867243,0.013757679865471068,0.0006652991419896793,1996,0,56,0,1941
2021-11-09,2021,-0.2722990393117462,-0.029888363316280867,0.0006392387451617564,1996,0,56,0,1941
2021-11-10,2021,-0.5130593854434199,-0.0021667776254944778,0.0009703344714761172,1996,0,56,0,1941
2021-11-11,2021,-0.11676821008175953,0.007949405531537229,0.0009937760946272054,1996,0,56,0,1941
2021-11-12,2021,0.8807479657783848,0.04354857737882957,0.0005798945055700753,1996,0,56,0,1941
2021-11-15,2021,-0.45838289541335203,-0.0037548205587866032,0.0006195070338270118,1996,0,56,0,1941
2021-11-16,2021,-0.09181830641105766,0.0010372718443065376,0.0003931063038291939,1996,0,56,0,1941
2021-11-17,2021,0.3183101315963899,-0.0009408129212452434,0.0003932161567108566,1997,0,56,0,1942
2021-11-18,2021,-0.01907798736631569,-0.0266592226824143,0.0003766866519916718,1997,0,56,0,1942
2021-11-19,2021,0.8507289079721995,0.0024311220524464165,0.0005903406884100163,1997,0,56,0,1942
2021-11-22,2021,0.08639445891901716,-0.017472260748473446,0.0003184824248804906,1997,0,56,0,1942
2021-11-24,2021,-0.299107838882815,0.011899155603200285,0.0006052451014076917,1997,0,56,0,1942
2021-11-25,2021,0.2665103909147059,0.02858078645262988,0.0009982884614564158,1997,0,56,0,1942
2021-11-26,2021,-0.8090759627274627,-3.073640506651497e-05,0.0004624419993217103,1997,0,56,0,1942
2021-11-29,2021,0.28634607713064636,-0.002547016581364718,0.0004299858048345171,1997,0,56,0,1942
2021-11-30,2021,0.269879000735535,0.0212016360591074,0.0005960104685078665,1996,0,56,0,1941
2021-12-01,2021,-1.180454797978424,-0.03047992476049514,0.0010352524920192927,1996,0,56,0,1941
