CaseID,Role,SourceRow,SourceQuarter,ExpectedQuarter,SourceEffectiveTimestamp,SourceAvailableDate,CaseEffectiveTimestamp,SameCompanyAndBasis,FiscalPeriodCorrect,KnownAtRelease,KnownAtSignal,LatestKnownRow,IsLatestKnown,UnixDisclosureTimestampMatches,Passed
N01,current,47523,1,1,2019-08-01 15:00:00,2019-08-02,2019-08-01 15:00:00,True,True,True,True,47523,True,True,True
N01,previous_quarter,44672,4,4,2019-05-14 15:00:00,2019-05-15,2019-08-01 15:00:00,True,True,True,True,44672,True,True,True
N01,previous_quarter,37809,3,4,2019-01-31 15:00:00,2019-02-01,2019-08-01 15:00:00,True,True,True,True,37809,True,True,True
N01,previous_year,29368,1,1,2018-08-01 15:00:00,2018-08-02,2019-08-01 15:00:00,True,True,True,True,29368,True,True,True
N02,current,52784,2,2,2019-11-08 14:00:00,2019-11-08,2019-11-08 14:00:00,True,True,True,True,52784,True,True,True
N02,current,47949,1,2,2019-08-06 15:00:00,2019-08-07,2019-11-08 14:00:00,True,True,True,True,47949,True,True,True
N02,previous_quarter,47949,1,1,2019-08-06 15:00:00,2019-08-07,2019-11-08 14:00:00,True,True,True,True,47949,True,True,True
N02,previous_year,34621,2,2,2018-11-08 15:00:00,2018-11-09,2019-11-08 14:00:00,True,True,True,True,34621,True,True,True
N02,previous_year,29798,1,2,2018-08-06 15:00:00,2018-08-07,2019-11-08 14:00:00,True,True,True,True,29798,True,True,True
N03,current,48118,2,3,2019-08-06 12:30:00,2019-08-06,2019-11-06 15:15:00,True,True,True,True,48118,True,True,True
N03,current,52463,3,3,2019-11-06 15:15:00,2019-11-07,2019-11-06 15:15:00,True,True,True,True,52463,True,True,True
N03,previous_quarter,42832,1,2,2019-05-08 13:00:00,2019-05-08,2019-11-06 15:15:00,True,True,True,True,42832,True,True,True
N03,previous_quarter,48118,2,2,2019-08-06 12:30:00,2019-08-06,2019-11-06 15:15:00,True,True,True,True,48118,True,True,True
N03,previous_year,29523,2,3,2018-08-02 12:30:00,2018-08-02,2019-11-06 15:15:00,True,True,True,True,29523,True,True,True
N03,previous_year,33990,3,3,2018-11-02 12:30:00,2018-11-02,2019-11-06 15:15:00,True,True,True,True,33990,True,True,True
N04,current,66401,1,1,2020-08-05 15:00:00,2020-08-06,2020-08-05 15:00:00,True,True,True,True,66401,True,True,True
N04,previous_quarter,62872,4,4,2020-05-15 15:00:00,2020-05-18,2020-08-05 15:00:00,True,True,True,True,62872,True,True,True
N04,previous_quarter,56344,3,4,2020-02-03 15:00:00,2020-02-04,2020-08-05 15:00:00,True,True,True,True,56344,True,True,True
N04,previous_year,48236,1,1,2019-08-07 15:00:00,2019-08-08,2020-08-05 15:00:00,True,True,True,True,48236,True,True,True
N05,current,60977,1,2,2020-05-08 15:00:00,2020-05-11,2020-08-07 15:00:00,True,True,True,True,60977,True,True,True
N05,current,67059,2,2,2020-08-07 15:00:00,2020-08-11,2020-08-07 15:00:00,True,True,True,True,67059,True,True,True
N05,previous_quarter,60977,1,1,2020-05-08 15:00:00,2020-05-11,2020-08-07 15:00:00,True,True,True,True,60977,True,True,True
N05,previous_year,43373,1,2,2019-05-10 15:00:00,2019-05-13,2020-08-07 15:00:00,True,True,True,True,43373,True,True,True
N05,previous_year,48966,2,2,2019-08-09 15:00:00,2019-08-13,2020-08-07 15:00:00,True,True,True,True,48966,True,True,True
N06,current,59961,4,4,2020-04-14 15:30:00,2020-04-15,2020-04-14 15:30:00,True,True,True,True,59961,True,True,True
N06,current,55215,3,4,2020-01-14 15:30:00,2020-01-15,2020-04-14 15:30:00,True,True,True,True,55215,True,True,True
N06,previous_quarter,50611,2,3,2019-10-15 15:30:00,2019-10-16,2020-04-14 15:30:00,True,True,True,True,50611,True,True,True
N06,previous_quarter,55215,3,3,2020-01-14 15:30:00,2020-01-15,2020-04-14 15:30:00,True,True,True,True,55215,True,True,True
N06,previous_year,41576,4,4,2019-04-12 15:30:00,2019-04-15,2020-04-14 15:30:00,True,True,True,True,41576,True,True,True
N06,previous_year,36912,3,4,2019-01-11 15:30:00,2019-01-15,2020-04-14 15:30:00,True,True,True,True,36912,True,True,True
N07,current,85410,1,1,2021-08-02 15:00:00,2021-08-03,2021-08-02 15:00:00,True,True,True,True,85410,True,True,True
N07,previous_quarter,75624,3,4,2021-02-03 15:00:00,2021-02-04,2021-08-02 15:00:00,True,True,True,True,75624,True,True,True
N07,previous_quarter,80531,4,4,2021-05-07 11:30:00,2021-05-07,2021-08-02 15:00:00,True,True,True,True,80531,True,True,True
N07,previous_year,66351,1,1,2020-08-05 15:00:00,2020-08-06,2021-08-02 15:00:00,True,True,True,True,66351,True,True,True
N08,current,85913,1,2,2021-08-05 16:30:00,2021-08-06,2021-11-05 16:45:00,True,True,True,True,85913,True,True,True
N08,current,90604,2,2,2021-11-05 16:45:00,2021-11-08,2021-11-05 16:45:00,True,True,True,True,90604,True,True,True
N08,previous_quarter,85913,1,1,2021-08-05 16:30:00,2021-08-06,2021-11-05 16:45:00,True,True,True,True,85913,True,True,True
N08,previous_year,71597,2,2,2020-11-06 16:30:00,2020-11-09,2021-11-05 16:45:00,True,True,True,True,71597,True,True,True
N08,previous_year,66398,1,2,2020-08-05 16:30:00,2020-08-06,2021-11-05 16:45:00,True,True,True,True,66398,True,True,True
N09,current,86273,2,3,2021-08-06 15:30:00,2021-08-10,2021-11-08 15:30:00,True,True,True,True,86273,True,True,True
N09,current,90862,3,3,2021-11-08 15:30:00,2021-11-09,2021-11-08 15:30:00,True,True,True,True,90862,True,True,True
N09,previous_quarter,86273,2,2,2021-08-06 15:30:00,2021-08-10,2021-11-08 15:30:00,True,True,True,True,86273,True,True,True
N09,previous_quarter,80811,1,2,2021-05-10 15:30:00,2021-05-11,2021-11-08 15:30:00,True,True,True,True,80811,True,True,True
N09,previous_year,67113,2,3,2020-08-07 15:30:00,2020-08-11,2021-11-08 15:30:00,True,True,True,True,67113,True,True,True
N09,previous_year,71922,3,3,2020-11-09 15:30:00,2020-11-10,2021-11-08 15:30:00,True,True,True,True,71922,True,True,True
N10,current,75364,3,4,2021-01-29 15:30:00,2021-02-01,2021-04-28 16:00:00,True,True,True,True,75364,True,True,True
N10,current,80190,4,4,2021-04-28 16:00:00,2021-04-30,2021-04-28 16:00:00,True,True,True,True,80190,True,True,True
N10,previous_quarter,70868,2,3,2020-10-30 16:00:00,2020-11-02,2021-04-28 16:00:00,True,True,True,True,70868,True,True,True
N10,previous_quarter,75364,3,3,2021-01-29 15:30:00,2021-02-01,2021-04-28 16:00:00,True,True,True,True,75364,True,True,True
N10,previous_year,63208,4,4,2020-05-18 17:30:00,2020-05-19,2021-04-28 16:00:00,True,True,True,True,63208,True,True,True
N10,previous_year,56258,3,4,2020-01-31 15:00:00,2020-02-03,2021-04-28 16:00:00,True,True,True,True,56258,True,True,True
E01,current,85726,1,1,2021-08-04 15:00:00,2021-08-05,2021-08-04 15:00:00,True,True,True,True,85726,True,True,True
E01,previous_quarter,75849,3,4,2021-02-04 15:00:00,2021-02-05,2021-08-04 15:00:00,True,True,True,True,75849,True,True,True
E01,previous_quarter,81564,4,4,2021-05-12 14:30:00,2021-05-12,2021-08-04 15:00:00,True,True,True,True,81564,True,True,True
E01,previous_year,66270,1,1,2020-08-04 15:00:00,2020-08-05,2021-08-04 15:00:00,True,True,True,True,66270,True,True,True
E02,current,89221,2,2,2021-10-26 15:00:00,2021-10-27,2021-10-26 15:00:00,True,True,True,True,89221,True,True,True
E02,current,84663,1,2,2021-07-28 15:00:00,2021-07-29,2021-10-26 15:00:00,True,True,True,True,84663,True,True,True
E02,previous_quarter,84663,1,1,2021-07-28 15:00:00,2021-07-29,2021-10-26 15:00:00,True,True,True,True,84663,True,True,True
E02,previous_year,65090,1,2,2020-07-27 15:00:00,2020-07-28,2021-10-26 15:00:00,True,True,True,True,65090,True,True,True
E02,previous_year,70003,2,2,2020-10-27 15:00:00,2020-10-28,2021-10-26 15:00:00,True,True,True,True,70003,True,True,True
E03,current,54220,2,2,2019-11-14 16:00:00,2019-11-15,2019-11-14 16:00:00,True,True,True,True,54220,True,True,True
E03,current,49645,1,2,2019-08-14 15:30:00,2019-08-15,2019-11-14 16:00:00,True,True,True,True,49645,True,True,True
E03,previous_quarter,49645,1,1,2019-08-14 15:30:00,2019-08-15,2019-11-14 16:00:00,True,True,True,True,49645,True,True,True
E03,previous_year,36075,2,2,2018-11-14 15:30:00,2018-11-15,2019-11-14 16:00:00,True,True,True,True,36075,True,True,True
E03,previous_year,31534,1,2,2018-08-14 15:30:00,2018-08-15,2019-11-14 16:00:00,True,True,True,True,31534,True,True,True
E04,current,86346,1,1,2021-08-06 16:00:00,2021-08-10,2021-08-06 16:00:00,True,True,True,True,86346,True,True,True
E04,previous_quarter,76377,3,4,2021-02-08 16:00:00,2021-02-09,2021-08-06 16:00:00,True,True,True,True,76377,True,True,True
E04,previous_quarter,81453,4,4,2021-05-12 16:00:00,2021-05-13,2021-08-06 16:00:00,True,True,True,True,81453,True,True,True
E04,previous_year,66688,1,1,2020-08-06 16:00:00,2020-08-07,2021-08-06 16:00:00,True,True,True,True,66688,True,True,True
E05,current,51545,2,3,2019-10-31 13:30:00,2019-10-31,2020-01-31 13:30:00,True,True,True,True,51545,True,True,True
E05,current,55978,3,3,2020-01-31 13:30:00,2020-01-31,2020-01-31 13:30:00,True,True,True,True,55978,True,True,True
E05,previous_quarter,51545,2,2,2019-10-31 13:30:00,2019-10-31,2020-01-31 13:30:00,True,True,True,True,51545,True,True,True
E05,previous_quarter,47149,1,2,2019-07-31 13:30:00,2019-07-31,2020-01-31 13:30:00,True,True,True,True,47149,True,True,True
E05,previous_year,33417,2,3,2018-10-31 13:30:00,2018-10-31,2020-01-31 13:30:00,True,True,True,True,33417,True,True,True
E05,previous_year,37695,3,3,2019-01-31 13:30:00,2019-01-31,2020-01-31 13:30:00,True,True,True,True,37695,True,True,True
E06,current,66647,1,1,2020-08-06 15:00:00,2020-08-07,2020-08-06 15:00:00,True,True,True,True,66647,True,True,True
E06,previous_quarter,56828,3,4,2020-02-06 15:00:00,2020-02-07,2020-08-06 15:00:00,True,True,True,True,56828,True,True,True
E06,previous_quarter,63311,4,4,2020-05-20 15:00:00,2020-05-21,2020-08-06 15:00:00,True,True,True,True,63311,True,True,True
E06,previous_year,48003,1,1,2019-08-06 15:00:00,2019-08-07,2020-08-06 15:00:00,True,True,True,True,48003,True,True,True
E07,current,84404,1,1,2021-07-15 15:30:00,2021-07-16,2021-07-15 15:30:00,True,True,True,True,84404,True,True,True
E07,previous_quarter,79541,4,4,2021-04-15 15:30:00,2021-04-16,2021-07-15 15:30:00,True,True,True,True,79541,True,True,True
E07,previous_quarter,74421,3,4,2021-01-14 15:30:00,2021-01-15,2021-07-15 15:30:00,True,True,True,True,74421,True,True,True
E07,previous_year,64889,1,1,2020-07-15 15:30:00,2020-07-16,2021-07-15 15:30:00,True,True,True,True,64889,True,True,True
E08,current,73837,2,2,2020-12-11 15:00:00,2020-12-14,2020-12-11 15:00:00,True,True,True,True,73837,True,True,True
E08,current,68822,1,2,2020-09-11 15:00:00,2020-09-14,2020-12-11 15:00:00,True,True,True,True,68822,True,True,True
E08,previous_quarter,68822,1,1,2020-09-11 15:00:00,2020-09-14,2020-12-11 15:00:00,True,True,True,True,68822,True,True,True
E08,previous_year,54748,2,2,2019-12-13 15:00:00,2019-12-16,2020-12-11 15:00:00,True,True,True,True,54748,True,True,True
E08,previous_year,50037,1,2,2019-09-13 15:00:00,2019-09-17,2020-12-11 15:00:00,True,True,True,True,50037,True,True,True
E09,current,39722,3,3,2019-02-12 15:20:00,2019-02-13,2019-02-12 15:20:00,True,True,True,True,39722,True,True,True
E09,current,35277,2,3,2018-11-09 15:20:00,2018-11-12,2019-02-12 15:20:00,True,True,True,True,35277,True,True,True
E09,previous_quarter,35277,2,2,2018-11-09 15:20:00,2018-11-12,2019-02-12 15:20:00,True,True,True,True,35277,True,True,True
E09,previous_quarter,31214,1,2,2018-08-10 15:10:00,2018-08-13,2019-02-12 15:20:00,True,True,True,True,31214,True,True,True
E09,previous_year,17357,2,3,2017-11-10 15:20:00,2017-11-13,2019-02-12 15:20:00,True,True,True,True,17357,True,True,True
E09,previous_year,21981,3,3,2018-02-13 15:20:00,2018-02-14,2019-02-12 15:20:00,True,True,True,True,21981,True,True,True
E10,current,43588,4,4,2019-05-10 15:10:00,2019-05-13,2019-05-10 15:10:00,True,True,True,True,43588,True,True,True
E10,current,37797,3,4,2019-01-31 15:10:00,2019-02-01,2019-05-10 15:10:00,True,True,True,True,37797,True,True,True
E10,previous_quarter,33536,2,3,2018-10-31 15:10:00,2018-11-01,2019-05-10 15:10:00,True,True,True,True,33536,True,True,True
E10,previous_quarter,37797,3,3,2019-01-31 15:10:00,2019-02-01,2019-05-10 15:10:00,True,True,True,True,37797,True,True,True
E10,previous_year,20328,3,4,2018-02-05 15:10:00,2018-02-06,2019-05-10 15:10:00,True,True,True,True,20328,True,True,True
E10,previous_year,26161,4,4,2018-05-11 15:10:00,2018-05-14,2019-05-10 15:10:00,True,True,True,True,26161,True,True,True
