Variant,ValidationYear,Days,Sharpe,RankIC
g,2018,245,-0.03148151920579233,-0.0023715269980222405
g,2019,241,0.02144158191540489,0.0008852367297720808
g,2020,242,0.07896504654002681,0.004322310020325473
g,2021,225,-0.10353613637395244,-0.007363022850361238
joint_r,2018,245,-0.021603889778748272,-0.0020539051751831093
joint_r,2019,241,0.018028507341384337,0.00074179018658367
joint_r,2020,242,0.078067298271979,0.0042960479624961235
joint_r,2021,225,-0.10687201515796038,-0.00742518986598637
joint_f,2018,245,-0.03068477591886184,-0.002350035649088151
joint_f,2019,241,0.023492520125165426,0.0009056466559096785
joint_f,2020,242,0.07962917947197042,0.004262195412561917
joint_f,2021,225,-0.10183967505346332,-0.0076162656513800815
joint_rf,2018,245,-0.02090288573010651,-0.0020783696959199042
joint_rf,2019,241,0.020011040960691135,0.0007550325101349284
joint_rf,2020,242,0.07816178923343887,0.004231728076310072
joint_rf,2021,225,-0.10592212719370209,-0.0076080615198950785
frozen_r,2018,245,-0.019881418738800786,-0.0020169200363350176
frozen_r,2019,241,0.019355293003098222,0.0007633063398770896
frozen_r,2020,242,0.07906660864684298,0.004318451497064229
frozen_r,2021,225,-0.10648439409872323,-0.0074384515970515215
frozen_f,2018,245,-0.03049142501689075,-0.002339976146503855
frozen_f,2019,241,0.020569717053133575,0.0009068766840559905
frozen_f,2020,242,0.07955115502529235,0.004250348479725895
frozen_f,2021,225,-0.10310836806612544,-0.007609810562251799
frozen_rf,2018,245,-0.021938606165228032,-0.0020227223250589912
frozen_rf,2019,241,0.01994073254763417,0.0007813603183344204
frozen_rf,2020,242,0.08004276358125076,0.004242486607081268
frozen_rf,2021,225,-0.1082626085720981,-0.0076080036103067265
