SecuritiesCode,MSEImprovement
4324,0.01296077814654153
6305,0.004023324017387604
6246,0.003599133621960962
8877,0.0013268093597879678
7994,0.0012831890292510733
9508,0.0012528001703995405
5902,0.0011556512917771592
2884,0.0007189579578747229
1515,0.0006097102853612491
6962,0.00047128135038967267
1950,0.00042702342424107213
4595,0.0003239932997357011
4183,0.00029718227961076185
2440,0.0002476192053324452
5715,0.0002262371227878627
6777,0.00019504680362438984
3843,0.00017903148159720706
7518,0.00017601530562633708
6463,0.00016888881806055434
6745,0.00016707460144335784
4617,0.0001664176574103571
6626,0.00016241684424673662
1813,0.0001559007843568144
6768,0.00013553682762105338
8150,0.00012357939248681813
6814,0.00011970250734633611
6464,0.00010576521537210463
3946,0.00010034814606628154
5929,8.896697307875481e-05
6363,8.253648053392359e-05
4023,8.217831040471335e-05
4681,6.762032395020041e-05
8016,5.33983322723644e-05
3377,5.291621312541687e-05
9534,4.453937251502709e-05
5727,4.437223323571936e-05
7747,4.400555329574386e-05
7912,4.3431371015083874e-05
9612,4.042038882800034e-05
4221,3.785046032047067e-05
4541,3.5104187874397525e-05
6724,3.4936509441984514e-05
4080,3.461860122467493e-05
7201,3.4334047573648316e-05
6584,3.298314291454408e-05
9828,3.266045375040165e-05
8041,3.189455415328604e-05
7990,3.146806097257983e-05
3649,2.8580551613171733e-05
6817,2.8475975020891076e-05
3154,2.8166147279199227e-05
5021,2.7516693947367118e-05
6855,2.68793310996866e-05
5713,2.2959586654605782e-05
9107,2.205465891715755e-05
2372,2.1570661428142293e-05
4636,2.147078423280909e-05
9260,2.1223770134113718e-05
1301,2.0361419273583117e-05
2533,2.005438641303384e-05
1954,2.0015585854536654e-05
9468,1.996199915254645e-05
6938,1.862990546283041e-05
8057,1.8397414387063177e-05
5304,1.7414968265482505e-05
6419,1.733136915776334e-05
6798,1.65404244274949e-05
6094,1.6481569297546354e-05
6480,1.6067655090354826e-05
7254,1.576590124561022e-05
6145,1.5685984391491013e-05
4116,1.5544875776909813e-05
6875,1.5286026912310056e-05
4229,1.5265563994575445e-05
1961,1.42408962462839e-05
2489,1.3715288224622812e-05
5726,1.3658792815475927e-05
9946,1.35479020703615e-05
3962,1.2955739202039805e-05
6834,1.2912776176704248e-05
8131,1.287737132982577e-05
3232,1.2868862618674995e-05
8364,1.2611597054280848e-05
7287,1.2607772573270526e-05
6996,1.2507194179078484e-05
9726,1.242760465412517e-05
3844,1.2425245007283859e-05
9009,1.2348566375739192e-05
4694,1.2057491782313682e-05
2676,1.1974654143404823e-05
6997,1.1898535458367042e-05
4751,1.1802841420025641e-05
2395,1.1452815178508713e-05
8338,1.1339358346824417e-05
6955,1.1264796464514157e-05
3772,1.1238824866280298e-05
2269,1.1180421602562227e-05
8113,1.0639341904360681e-05
9601,1.052209984004307e-05
8361,1.0477102970941815e-05
5632,1.0394459069458317e-05
8600,1.028265769914436e-05
4502,1.0279503784206188e-05
4923,1.0037026939364726e-05
7774,9.942631256740653e-06
9956,9.880898421005478e-06
5401,9.86680748140425e-06
2207,9.66345185210798e-06
5195,9.31843358734581e-06
9008,9.314344495773546e-06
9519,9.312257060420547e-06
4548,9.198818494186797e-06
6961,9.161706691802867e-06
8337,8.938203046575897e-06
7071,8.822549011232002e-06
3778,8.64162902907511e-06
8925,8.557994928543858e-06
2150,8.419819958385536e-06
7816,8.200439613888713e-06
7726,8.11604259207536e-06
5408,8.107678361516506e-06
8244,8.030582978899741e-06
4078,7.924442941331736e-06
6881,7.921484360627938e-06
8395,7.909456840508548e-06
6366,7.897605895512753e-06
8864,7.81273084695549e-06
3193,7.6168301805138105e-06
5714,7.611133546797994e-06
2923,7.480009684744475e-06
4293,7.21156751559913e-06
7638,7.2089969542233606e-06
7412,7.18826885461895e-06
8281,7.164050436282642e-06
4994,7.089800087228499e-06
4475,7.06287764457745e-06
7003,7.020060023822789e-06
9101,6.965896471811842e-06
4839,6.889059106611687e-06
6625,6.880680709903968e-06
1882,6.754925206147385e-06
5423,6.6172135298861635e-06
9880,6.567155068479949e-06
6502,6.515185188397456e-06
4028,6.508189682421743e-06
3395,6.496674960483109e-06
4112,6.474084662798073e-06
5269,6.395552270460681e-06
9900,6.366149950594829e-06
5991,6.269903773818879e-06
5101,6.235908579481501e-06
9628,6.149161262388096e-06
4771,6.068845864608893e-06
2121,5.955459037227667e-06
6727,5.9507730815755495e-06
5805,5.904783194479228e-06
2904,5.855363901419875e-06
6309,5.808027417515253e-06
7211,5.607742013327993e-06
7173,5.59617571477997e-06
2503,5.5402013189101765e-06
6779,5.369381586509434e-06
2484,5.3354147837816705e-06
2694,5.330692583122246e-06
6328,5.3039863996544124e-06
6395,5.296757612031143e-06
8725,5.2608700848346775e-06
3036,5.210293384661396e-06
7421,5.136659230391254e-06
5261,5.129732126095022e-06
2418,5.041194052368916e-06
7972,5.03664427024493e-06
3628,4.9946356599542236e-06
2221,4.983521530565142e-06
7554,4.963053746992531e-06
8522,4.9605926589009185e-06
5706,4.942707143408328e-06
8360,4.913300807568739e-06
5185,4.910245236212931e-06
3264,4.786080921337364e-06
7826,4.762004038992006e-06
6339,4.755949620923404e-06
5440,4.750934475279522e-06
4996,4.63575806772595e-06
2168,4.62857591094768e-06
1963,4.6180494808017815e-06
1885,4.5919645201811485e-06
9003,4.583767128868602e-06
4165,4.564836668900207e-06
8848,4.559840036416939e-06
5933,4.500488105403607e-06
6629,4.474689906248933e-06
2429,4.467519938570953e-06
2698,4.457834315057175e-06
4544,4.4423767919449044e-06
3443,4.44234775719999e-06
1775,4.408808831854299e-06
6508,4.3998355422034744e-06
7605,4.396769834045113e-06
5121,4.367425462339244e-06
8056,4.367350449435916e-06
4410,4.275977663981144e-06
6486,4.198441392209378e-06
4312,4.134662916442647e-06
9502,4.121759771388231e-06
3107,4.118448188244419e-06
3681,4.093113131040738e-06
9850,4.0802126274290625e-06
4344,4.074393486325893e-06
4917,4.008468791562498e-06
8217,3.987755254253295e-06
9533,3.9755140813771855e-06
8282,3.8601679149870096e-06
1780,3.855286191158214e-06
7246,3.8531728373157276e-06
3668,3.842744134004825e-06
5975,3.8380833890177796e-06
7294,3.827063670880378e-06
4772,3.7995079564577983e-06
1720,3.7713361219965354e-06
4813,3.770863281165642e-06
8613,3.7669544476470897e-06
8354,3.7396205620287047e-06
1884,3.728510307374578e-06
7718,3.720994658095494e-06
4100,3.708873828020707e-06
9983,3.705989810738394e-06
5406,3.668779043079284e-06
8508,3.6617504387254484e-06
4323,3.6119879283516014e-06
9232,3.611791532499538e-06
7105,3.5984626214286886e-06
2170,3.595101914639875e-06
9233,3.5868403184756306e-06
7721,3.5864717808933834e-06
3457,3.5719835666799033e-06
9274,3.5666934199883863e-06
2325,3.560873744341114e-06
3421,3.5591344733135538e-06
2805,3.5574312615752123e-06
8214,3.5432833460005285e-06
8890,3.543099697643825e-06
3677,3.5362390881536556e-06
7823,3.501163326278955e-06
3591,3.4684904396640913e-06
4743,3.4639296321801257e-06
5302,3.4468381733376545e-06
5481,3.4269299926648664e-06
5122,3.4266358746839243e-06
6668,3.4090325111000958e-06
8897,3.40119026170864e-06
1332,3.396666020979265e-06
6050,3.3926474037418205e-06
6787,3.3794826744775225e-06
7780,3.3685209705360123e-06
9409,3.359710599120301e-06
3254,3.353274082773847e-06
1852,3.3520861896870155e-06
4538,3.3468984976223677e-06
5333,3.343918010697548e-06
6413,3.320365422383672e-06
6702,3.318288974000215e-06
6306,3.317680603915509e-06
6143,3.299794639153376e-06
2767,3.297703428437309e-06
8050,3.29295511703708e-06
2780,3.2922265741519023e-06
9467,3.288013313022927e-06
2158,3.275188986981477e-06
4592,3.2578810251471443e-06
8524,3.2561055081313453e-06
9506,3.251013236559749e-06
6365,3.241607307330892e-06
4026,3.228370271272077e-06
7298,3.2177487481551145e-06
6080,3.2147639761059684e-06
2491,3.209880480927716e-06
1878,3.208826190740775e-06
8058,3.199387664035003e-06
3836,3.1860298617024676e-06
6289,3.1845954997967123e-06
6411,3.178131324643366e-06
6349,3.1768630139413463e-06
7616,3.1763132327805207e-06
3496,3.158713415271011e-06
2153,3.1361311732670117e-06
7203,3.1326894435657282e-06
2003,3.126560935264851e-06
6269,3.1193819933555784e-06
9994,3.1125531083194146e-06
4362,3.088761486906816e-06
4549,3.084799350524324e-06
2288,3.0655112112995335e-06
3178,3.05694619418181e-06
4202,3.049167183682389e-06
6941,3.0476043105067675e-06
4446,3.0309880743150103e-06
8093,3.0132771014320015e-06
7702,3.007411181475266e-06
8369,3.006868014427597e-06
9048,3.0033834471113625e-06
7593,2.9984408985460316e-06
7806,2.9959388540586567e-06
2705,2.992735855293883e-06
6770,2.989994519061254e-06
5464,2.9812837822268765e-06
7965,2.979698177486088e-06
4726,2.9716269344450884e-06
5331,2.957587444989448e-06
6089,2.9477672832154547e-06
8713,2.9338709770130986e-06
4565,2.9337310161346493e-06
8255,2.921051803600267e-06
6632,2.920242808989045e-06
3431,2.9141880063514974e-06
6058,2.901426303362798e-06
9861,2.8938954578286175e-06
7272,2.88838085957914e-06
9099,2.8784707133746257e-06
5707,2.876108185678467e-06
6444,2.8751658162084774e-06
9424,2.8706245728030307e-06
9831,2.8705765047008948e-06
6794,2.8478870127942918e-06
7414,2.8408840553298038e-06
5711,2.8384207776460783e-06
4931,2.8381284166966204e-06
4107,2.8359379997154236e-06
7012,2.8356066886929336e-06
9202,2.835240349822439e-06
4974,2.834385686146414e-06
3197,2.834191993524451e-06
8572,2.8317093006250745e-06
6810,2.824711329956996e-06
6849,2.8097490145392306e-06
6619,2.8088606839175973e-06
6387,2.8085422013639904e-06
9783,2.800730558377661e-06
2211,2.798399012185778e-06
2830,2.792437705189939e-06
2209,2.7872016906580258e-06
4551,2.7855483368436976e-06
5741,2.776331196928685e-06
4554,2.776186273817423e-06
7936,2.766326789061584e-06
6378,2.762338819916794e-06
2768,2.7620178579989024e-06
3762,2.761566885277626e-06
2393,2.755597285040436e-06
8285,2.7549469696765626e-06
7220,2.74985219900083e-06
4912,2.7470762718748676e-06
8411,2.740739146370178e-06
8871,2.7399724782501944e-06
6544,2.738142585856072e-06
6331,2.7363446629866362e-06
2453,2.7333937559499244e-06
5857,2.7113018673308827e-06
9717,2.7107292957576784e-06
6958,2.705294374705135e-06
6418,2.7032510037362028e-06
6670,2.6968307225831784e-06
4216,2.691227686566198e-06
9076,2.686505870363081e-06
2802,2.685713503478813e-06
4579,2.684630531217017e-06
6957,2.6797061411204897e-06
6616,2.652050555056587e-06
7157,2.6417990029379054e-06
2681,2.6417196142510773e-06
4540,2.6399947784727067e-06
7606,2.639273200883326e-06
4680,2.631756250255813e-06
6078,2.6291062392507034e-06
4318,2.6250678197093582e-06
4718,2.62196365763441e-06
8219,2.6212067303354725e-06
8185,2.6206794926667406e-06
3856,2.6205611063630706e-06
3182,2.620533517970123e-06
4326,2.6199045311887386e-06
5008,2.6178165850382436e-06
6507,2.6170340704327976e-06
2790,2.6123934696133926e-06
1938,2.6099797713665412e-06
9104,2.608561445005774e-06
7745,2.6078061842217217e-06
3663,2.600297526748642e-06
3105,2.5979243570447296e-06
5357,2.5965627760313723e-06
2267,2.5946207336455825e-06
4800,2.5902815242779648e-06
8844,2.588710777918204e-06
5480,2.5858570230535708e-06
1663,2.5858336452133547e-06
5930,2.580930241202919e-06
5411,2.580319683765933e-06
5184,2.5798537021479826e-06
4235,2.579370646369206e-06
3086,2.570780361881087e-06
3132,2.566195293267116e-06
3546,2.56209249676308e-06
9110,2.558348974646923e-06
6125,2.5564932552740437e-06
9616,2.5557929205773215e-06
8291,2.551202283638411e-06
9025,2.5447218505278585e-06
4980,2.5426035592771906e-06
7752,2.5420469550610268e-06
7832,2.5359692279337037e-06
6617,2.5358714967327962e-06
2206,2.534978417729057e-06
6430,2.5337959079510137e-06
6752,2.531464729945397e-06
1861,2.530709825270964e-06
8002,2.5304258770235375e-06
9621,2.5161822190344367e-06
2445,2.5114496810386017e-06
9873,2.503879228335876e-06
4004,2.5034724236412635e-06
5989,2.501913356236406e-06
9501,2.4973758088923e-06
5020,2.496220011075727e-06
5702,2.4958299188268814e-06
6966,2.4956951100011883e-06
7242,2.493556658767567e-06
4552,2.488306539259304e-06
3676,2.4863823380417766e-06
6330,2.4856010717414017e-06
6412,2.4747859549798796e-06
6800,2.4719018877657734e-06
6641,2.4711660848347513e-06
3458,2.468592972481192e-06
9031,2.4683087634032566e-06
7820,2.4669098732279393e-06
2309,2.465774180915767e-06
3660,2.464332986608072e-06
8136,2.460342240800882e-06
1979,2.4588871465774254e-06
8928,2.458687153180473e-06
7729,2.4571805781927657e-06
4671,2.4540988352051243e-06
3580,2.449333663775127e-06
6988,2.448290064018789e-06
8276,2.4428381846820116e-06
1814,2.4416419589720847e-06
6879,2.43765578423479e-06
6590,2.4374453360139696e-06
4837,2.4362528444772454e-06
6440,2.432996528561597e-06
6436,2.432468565896191e-06
2498,2.425925820852128e-06
9697,2.42311104698292e-06
7267,2.421673133517929e-06
7102,2.4206620028307275e-06
5301,2.418079305787643e-06
4310,2.4134676912887367e-06
3900,2.4071463853317415e-06
7456,2.4051129853329365e-06
2469,2.403640794045426e-06
5352,2.400827594169012e-06
6674,2.3973426687174175e-06
6789,2.397108874000529e-06
4714,2.39653070986539e-06
6728,2.3957775247607383e-06
7874,2.3949956843283705e-06
7408,2.393368567368914e-06
9028,2.3933410374641517e-06
3221,2.3922677512786353e-06
2669,2.391479774851466e-06
7240,2.389258664514644e-06
3964,2.387992753174633e-06
7725,2.386975154956648e-06
8153,2.384852367051661e-06
6882,2.3771213754178937e-06
2874,2.3756642433199743e-06
6904,2.3704898155982717e-06
2432,2.3701987924973384e-06
7637,2.3656036563476964e-06
4633,2.3641156025575806e-06
4185,2.357585159967994e-06
8179,2.355260208105778e-06
7296,2.3549655528202776e-06
4041,2.352717586381853e-06
2130,2.3511923326938506e-06
6095,2.349654623004407e-06
8934,2.347954138577909e-06
6135,2.343885552939779e-06
4308,2.3435348923057243e-06
5191,2.343286399430953e-06
9919,2.342577219166797e-06
6637,2.3389095168549302e-06
2531,2.3380439468880665e-06
2810,2.3380203043873916e-06
8439,2.3374424810502135e-06
9064,2.335399888239987e-06
7187,2.3332902066251747e-06
3863,2.3326342743448787e-06
5821,2.3324043305070866e-06
9308,2.3313342233570424e-06
4626,2.3294316537230066e-06
6877,2.32720067792886e-06
3788,2.32634870800965e-06
2120,2.321628781730475e-06
8303,2.3196341243037086e-06
6976,2.3186800297983038e-06
9706,2.316814291718647e-06
6245,2.3144901846372047e-06
6470,2.3126078239926877e-06
4350,2.311614438752012e-06
7860,2.3100644345370677e-06
9368,2.3092192043571655e-06
2427,2.3088209771499168e-06
6960,2.3078280137946783e-06
3157,2.3071580443095333e-06
7989,2.3058562074864738e-06
1802,2.3041357970081784e-06
8218,2.3025292650276905e-06
7522,2.2997706609746747e-06
6027,2.2987226703277806e-06
8739,2.2964966378977464e-06
6947,2.2935845640255756e-06
2579,2.2934742394169545e-06
6490,2.290230140867913e-06
5410,2.28954831011826e-06
8386,2.2885993314914e-06
7270,2.2875410822064506e-06
2730,2.286930167559229e-06
2154,2.2854868543455568e-06
5105,2.2846984491017885e-06
3245,2.283618146967064e-06
6104,2.282151439990105e-06
6952,2.280202397878672e-06
2296,2.2769120158310653e-06
5332,2.2765274251342873e-06
6538,2.2758314104767903e-06
9722,2.2675910382741727e-06
8098,2.2660270560721044e-06
7958,2.2628660113359604e-06
5218,2.259744408477727e-06
7942,2.2567212090335113e-06
8714,2.254017553015058e-06
7198,2.253833325628129e-06
2922,2.252612475229783e-06
7814,2.2522363576035587e-06
5482,2.2490062321428234e-06
4998,2.246936953924703e-06
6279,2.246413667259416e-06
6701,2.245847539221629e-06
3853,2.243780913232719e-06
2114,2.2430687532567728e-06
6357,2.242335787669621e-06
7537,2.239366906354844e-06
4970,2.2383565326088086e-06
1871,2.237366962805735e-06
5985,2.2341180846864087e-06
3694,2.234066607263421e-06
4246,2.232054214395235e-06
6381,2.2303454273209287e-06
7177,2.2260401105190838e-06
6315,2.2258853842888447e-06
8151,2.2252652834327784e-06
3186,2.223801302632732e-06
4739,2.2228024632135347e-06
2540,2.222434568762682e-06
9375,2.2211129434534953e-06
4847,2.2205404632272103e-06
3934,2.2204823279799567e-06
7731,2.218487664132659e-06
6481,2.2178215118565968e-06
9708,2.2168755105294225e-06
4978,2.2168162944650106e-06
3915,2.215835952506525e-06
9007,2.2136392387928187e-06
9631,2.2102016272055072e-06
5802,2.2098169831356632e-06
1811,2.209507776752182e-06
9010,2.207795417930689e-06
7581,2.2052071477094962e-06
5444,2.203716960942102e-06
6638,2.2027363588969194e-06
3983,2.201740576708148e-06
6472,2.2016961702982766e-06
1812,2.198072868670888e-06
6178,2.1980157850906778e-06
2208,2.1977181125475176e-06
4027,2.19759029977247e-06
9749,2.1951369952977617e-06
3341,2.1949253585500545e-06
4506,2.1931214062169317e-06
9663,2.1923841085108573e-06
9989,2.1923070285637545e-06
6848,2.1921934258672704e-06
2588,2.1908683860148747e-06
5851,2.1896143005059247e-06
3092,2.18858368341741e-06
2193,2.1868589638921473e-06
3153,2.1847261451174147e-06
6323,2.1833436083774973e-06
7011,2.179108129308681e-06
8920,2.1769506431748444e-06
6460,2.1749884923018627e-06
6268,2.174832733990777e-06
4620,2.167072071004383e-06
2359,2.1651355807328742e-06
4574,2.164408480351084e-06
6592,2.163517659700434e-06
9470,2.161334056371427e-06
8022,2.161184890394925e-06
4507,2.1599797181515994e-06
8346,2.1582439448579725e-06
7172,2.1554931378187564e-06
5807,2.1553669467407476e-06
8279,2.1547503527098005e-06
3407,2.1546729419676414e-06
8032,2.1520279644933007e-06
5541,2.1494171983381343e-06
5999,2.148561517183351e-06
4593,2.1478363790005933e-06
3104,2.1468003845020746e-06
7229,2.143847994715156e-06
7599,2.142070908426432e-06
4922,2.1398895083771703e-06
6333,2.138431017611045e-06
5202,2.1375197403901674e-06
3696,2.137162926437772e-06
3765,2.1368857324782638e-06
3433,2.1350793713759665e-06
6869,2.1317896486839785e-06
6569,2.131433720257155e-06
6310,2.1287169143588457e-06
6986,2.128151072477239e-06
6807,2.1277558042863475e-06
6932,2.1277144770780946e-06
9982,2.1274792774534257e-06
5108,2.1248289705611714e-06
2733,2.1217647406090075e-06
4613,2.1203869877302635e-06
5351,2.1173810855558316e-06
9115,2.115839373923271e-06
5988,2.113910435731317e-06
1803,2.1132770152735547e-06
2204,2.112732174337379e-06
4327,2.112708366378923e-06
8698,2.112523119808295e-06
7445,2.1117911101010353e-06
7949,2.110841511481842e-06
7915,2.1106225925078517e-06
3926,2.109138327633918e-06
2897,2.1080708556696507e-06
3401,2.1048996976973356e-06
7004,2.104022690613433e-06
9936,2.1028147204882578e-06
7596,2.1016403371815315e-06
4572,2.1016267176164305e-06
3857,2.1015348006975267e-06
8158,2.099142926263412e-06
7733,2.0986787439543474e-06
3101,2.097292971992576e-06
9081,2.0968318778960663e-06
7013,2.095546732154752e-06
4025,2.093316352455748e-06
3608,2.088916214577416e-06
6815,2.088498874776008e-06
8935,2.088454338462305e-06
7148,2.0875563150992203e-06
6651,2.0869047550015876e-06
7600,2.0863966732570992e-06
4812,2.0851893575245703e-06
7550,2.083041244101137e-06
3902,2.082371314294857e-06
3914,2.082193535295901e-06
4674,2.0819438257513364e-06
8089,2.0807486935778477e-06
2212,2.080636075176589e-06
7952,2.080066763464781e-06
7504,2.0771852303288006e-06
7191,2.0758879832126006e-06
9810,2.075714300305946e-06
7030,2.0730897609394902e-06
9037,2.072651831597733e-06
8194,2.071729130565646e-06
9119,2.071549189023187e-06
5563,2.0714652871688924e-06
9837,2.0712086456810374e-06
8075,2.070618698610192e-06
1888,2.0701038395221585e-06
3648,2.0688933924957103e-06
6030,2.0681591446213457e-06
1518,2.0670004203301532e-06
6254,2.0658213320097287e-06
4062,2.0650007186359316e-06
2819,2.0643598841598968e-06
8163,2.0638558210970462e-06
8088,2.0632689509401507e-06
5334,2.06297177864345e-06
6804,2.0624674744661664e-06
6070,2.0601235564960664e-06
6284,2.058539157619302e-06
8059,2.0584234761758314e-06
5909,2.057474028230864e-06
3675,2.0561074045003634e-06
4286,2.0552322073599427e-06
2109,2.053458153310139e-06
4792,2.0525628015572055e-06
2160,2.052354915886702e-06
8095,2.0493025343737902e-06
2497,2.0478552042543962e-06
2501,2.0471810537206004e-06
6754,2.047105059156907e-06
1662,2.046573290232209e-06
4301,2.0457775365724988e-06
9279,2.0438623753790426e-06
3549,2.0437701674711275e-06
2146,2.041876416764389e-06
9090,2.0405789616487707e-06
2811,2.0386604538964595e-06
2226,2.0341719131551676e-06
8316,2.0335475746596977e-06
4699,2.0313394796599353e-06
3834,2.031099545382834e-06
2384,2.030994184113595e-06
2875,2.030466018358337e-06
6257,2.029492068735604e-06
4563,2.0292154911824737e-06
1407,2.0285966212155227e-06
6238,2.0277625575017704e-06
8515,2.026707203727547e-06
6293,2.025485411094489e-06
8306,2.0233682668024636e-06
4547,2.02187284112483e-06
6376,2.020985478996652e-06
3097,2.0207793453264276e-06
7552,2.0192540812217554e-06
6182,2.0188325131306266e-06
2751,2.0171445423231856e-06
9414,2.016245884743983e-06
3612,2.015776831528857e-06
5201,2.0154634678506758e-06
3150,2.0150070432009933e-06
6071,2.0136241044488324e-06
3916,2.0119619418066175e-06
4203,2.011959944417255e-06
7762,2.0113548522942076e-06
5957,2.0111328745164624e-06
9979,2.010538524853402e-06
8591,2.0097480742920317e-06
2389,2.008679199085499e-06
1801,2.0061432886425745e-06
3371,2.006065663247689e-06
5017,2.0058161964281733e-06
6471,2.0057294659337282e-06
8336,2.0037440219080895e-06
5019,2.003655386568175e-06
2692,2.0028721266027654e-06
5388,2.001675532615931e-06
4461,2.0013137846609934e-06
3817,1.9994955776931517e-06
9432,1.9983880827324874e-06
6908,1.9969720038414708e-06
4403,1.9963117195459806e-06
4919,1.9961265879722475e-06
1822,1.9950063902885147e-06
6844,1.993873135721773e-06
2760,1.992789797111613e-06
8358,1.989694223566705e-06
4722,1.9895213060834884e-06
2108,1.9872212917100407e-06
1939,1.985219040986626e-06
1820,1.98521437770991e-06
9535,1.9820062289428827e-06
2201,1.9818195308690496e-06
3563,1.981344497525259e-06
3903,1.980586447095694e-06
3166,1.9799776084352066e-06
7955,1.9789734182243167e-06
9984,1.975705883112936e-06
9824,1.9748567884399712e-06
2268,1.9747103434965424e-06
6301,1.97462585073643e-06
2752,1.9722943605399636e-06
7280,1.971604796123952e-06
8624,1.970171637342449e-06
3901,1.9685514940530943e-06
3034,1.9684845855405393e-06
7282,1.9679552876079437e-06
6676,1.9672931267627757e-06
6417,1.9671689633314014e-06
1976,1.9670590394621835e-06
4042,1.966857550102347e-06
4631,1.964052197220178e-06
6062,1.9632619600170757e-06
2294,1.961789110201043e-06
9740,1.960169868042189e-06
7809,1.960024157957329e-06
7564,1.959830136220083e-06
9551,1.9591620624714196e-06
9769,1.958908944026695e-06
7239,1.956570683400478e-06
4569,1.9556866840671766e-06
9603,1.954963204437271e-06
2229,1.954032679860224e-06
2264,1.953430217085392e-06
2060,1.9527747823378535e-06
9823,1.952301857806242e-06
9438,1.9518983319646374e-06
6140,1.9508808173757485e-06
9513,1.950233200613755e-06
8892,1.9502276586736095e-06
5110,1.948484969659501e-06
5161,1.9481178025337176e-06
9536,1.947522558993223e-06
8018,1.947398329198294e-06
6769,1.947293240083119e-06
7508,1.9464388004283944e-06
7705,1.946268073762126e-06
7241,1.9457195692327706e-06
6640,1.9437740753747337e-06
8114,1.940801357298089e-06
2413,1.94020721502519e-06
8038,1.937113878902497e-06
4665,1.936437119244284e-06
9024,1.9363282210866652e-06
2931,1.935948246013156e-06
5992,1.935734769072013e-06
6753,1.935237740765218e-06
8005,1.9345317560255646e-06
8715,1.9343021913155658e-06
4676,1.9338195976208725e-06
4997,1.932852179376115e-06
8165,1.932614048291111e-06
6266,1.932351733007662e-06
8511,1.9303116968733236e-06
4188,1.9300416035862366e-06
7921,1.9293777247655465e-06
6718,1.9282064253023293e-06
6572,1.927738911069117e-06
6755,1.927255210303591e-06
5951,1.9262383568906146e-06
1873,1.9243175177142193e-06
3106,1.9241842529700486e-06
4709,1.923936471015674e-06
4666,1.9232925515242923e-06
6332,1.9232010461935977e-06
9843,1.9221240045040587e-06
8593,1.9220155516276113e-06
8242,1.921290789363e-06
6741,1.9168935023372463e-06
1965,1.915582972433714e-06
7611,1.915224884639747e-06
4186,1.914529942252703e-06
9021,1.91188001575595e-06
9619,1.9105311916160495e-06
2899,1.9104277877414304e-06
7979,1.9099114469934713e-06
1870,1.9095344870005806e-06
4826,1.908955524425051e-06
5943,1.908757334933025e-06
9302,1.9085581160227826e-06
3656,1.9083226330912223e-06
8393,1.9078315003460567e-06
6516,1.9071368710226244e-06
3402,1.9063612676646994e-06
9602,1.9041581147983915e-06
2378,1.9031197627414894e-06
1941,1.9025727627538825e-06
4536,1.9019667815437277e-06
4523,1.9010542501949715e-06
7244,1.9006010766839176e-06
7433,1.9001806479131562e-06
3002,1.8996684172574147e-06
3547,1.8989514677081587e-06
7715,1.8969356994560612e-06
7914,1.896836752462444e-06
7182,1.896650031950361e-06
7261,1.8962168367682784e-06
6588,1.8955869591709123e-06
2198,1.8951998409621989e-06
7224,1.8943044237277714e-06
7716,1.893241468668669e-06
8584,1.892453822970956e-06
6098,1.8919464900961358e-06
1413,1.8897243077701961e-06
7475,1.888798890096582e-06
3382,1.8885470354455299e-06
3906,1.8873325025315012e-06
8766,1.8872372461872914e-06
6627,1.8856842393202453e-06
8699,1.8854558089727866e-06
8202,1.8852053475016696e-06
4928,1.8846864540416477e-06
7181,1.884524713972979e-06
8070,1.8839246330321824e-06
8061,1.883354890803412e-06
5809,1.8821119690161562e-06
3774,1.882107049998174e-06
6082,1.8820016743411134e-06
5011,1.8794618184829127e-06
4571,1.878502676482736e-06
6653,1.8783309421341468e-06
8052,1.8779229033740748e-06
3397,1.875739864388082e-06
9041,1.875664711323921e-06
8750,1.874141303141466e-06
2729,1.8735304450963773e-06
3966,1.8732847791916502e-06
3222,1.8699153620522798e-06
6035,1.8694435077660414e-06
6820,1.8687020956234132e-06
7956,1.8685443231778256e-06
6920,1.8659520240084608e-06
2613,1.8651240251381707e-06
6368,1.8608498760613065e-06
4708,1.8608300065428501e-06
2124,1.8604037214344932e-06
2910,1.8587331103743766e-06
9658,1.8577951252583542e-06
8595,1.8568582455903263e-06
3159,1.8559251085054766e-06
4082,1.8558925768283373e-06
9436,1.8552414099364513e-06
7202,1.8551530741790154e-06
6134,1.854107764730699e-06
6409,1.8538359622211033e-06
3328,1.8538085073392015e-06
4848,1.8532415071407076e-06
3291,1.8524755207835804e-06
8304,1.8510381653376733e-06
9474,1.8499371326266728e-06
8841,1.8491079820538418e-06
5911,1.8488637518390229e-06
7867,1.8487443634652107e-06
8876,1.845374363186899e-06
3361,1.8441159904726542e-06
6361,1.8436634385582557e-06
1890,1.8433242635845233e-06
5947,1.843255271164082e-06
2737,1.8424725265115499e-06
2929,1.8419342683231688e-06
7483,1.8412952020805313e-06
8530,1.840889368051314e-06
6371,1.8397447162948784e-06
7199,1.8388452811354028e-06
8081,1.83841926442633e-06
9742,1.8379265502909217e-06
6620,1.8377733727619688e-06
9412,1.8373653145043706e-06
4951,1.8365982201414988e-06
8133,1.8364844065547268e-06
9022,1.836337699724286e-06
4543,1.8357713114475668e-06
3040,1.834062690499707e-06
9715,1.8333199523547726e-06
9273,1.8314825349269657e-06
9044,1.8314801798641694e-06
8370,1.8308311399159172e-06
3835,1.83061437488312e-06
8410,1.830309890614681e-06
7167,1.8301131458829107e-06
9699,1.829964393985365e-06
3244,1.829720668064225e-06
3919,1.8294073125656766e-06
8227,1.8291826010440231e-06
4337,1.8287450138871155e-06
9511,1.8264776246097258e-06
5214,1.826183625910225e-06
6981,1.8259956711594855e-06
6967,1.8248791887741049e-06
8601,1.8215510649637272e-06
6277,1.8187291449260752e-06
2763,1.8178065303456487e-06
6454,1.8161497911938727e-06
7988,1.8159358347936381e-06
6067,1.8158959315703028e-06
6113,1.815701980652593e-06
3939,1.8155581559617368e-06
4985,1.815057812074678e-06
6369,1.8144244983411636e-06
8362,1.8139915930774137e-06
2915,1.8136387138886507e-06
9962,1.8122722424500478e-06
7906,1.8119040710675484e-06
2502,1.8118169431710574e-06
2791,1.8110113021737642e-06
9991,1.810394538353264e-06
7751,1.8103658874706493e-06
8585,1.809600296771903e-06
6340,1.8091283003928246e-06
3465,1.8082589859281218e-06
5949,1.8067325386234062e-06
7480,1.8057263070574675e-06
2594,1.8051832084162686e-06
7821,1.804073018757359e-06
3156,1.8030029668758343e-06
4097,1.8017736675572273e-06
1968,1.800932029039168e-06
8160,1.8007893623609497e-06
4968,1.800704133890427e-06
8086,1.8005787926634304e-06
8001,1.8003695999327257e-06
2315,1.7998836699052113e-06
6924,1.7981103503310472e-06
6915,1.7964584143927965e-06
7636,1.796368845065856e-06
3784,1.7957961612936455e-06
3569,1.7952789851937447e-06
8596,1.7948959488824335e-06
2175,1.794554816798149e-06
9070,1.793915061066198e-06
3993,1.793367886326759e-06
7487,1.7929850267388555e-06
4689,1.7921646880129806e-06
9042,1.7911353571962558e-06
4046,1.7904370926572107e-06
9629,1.7901268253625263e-06
3391,1.7890960884176888e-06
1929,1.788939083242833e-06
1716,1.7880287320151698e-06
2587,1.7880257616186109e-06
3180,1.787668339684453e-06
4553,1.7876401328771587e-06
3932,1.7875715942127301e-06
9759,1.7872927348599251e-06
8842,1.7865666619958031e-06
4044,1.786297416704573e-06
6482,1.7857044756258571e-06
7226,1.7852401565620373e-06
4581,1.7848421406030083e-06
4343,1.784713714814584e-06
6703,1.7840952873363485e-06
7482,1.7833046811746394e-06
4914,1.781618667533616e-06
4005,1.7804861163446217e-06
3252,1.7801612803168761e-06
5803,1.7801285685676832e-06
7984,1.779897484763876e-06
2492,1.778456921152227e-06
9605,1.776491299202943e-06
8159,1.7764006063177764e-06
3635,1.7761320576605118e-06
4528,1.7749902750479276e-06
3028,1.773820589179406e-06
8078,1.7737257216064996e-06
8053,1.7732375951568124e-06
6370,1.7722592140208641e-06
3355,1.7694662514979898e-06
6566,1.7686428801264879e-06
5659,1.7681346370733391e-06
1973,1.7674963430424406e-06
4114,1.7668524590044848e-06
4975,1.7658384046835832e-06
5232,1.7638002643092626e-06
2670,1.7637315600855434e-06
5288,1.7635924838650496e-06
3134,1.7630845066337725e-06
9416,1.7627497852431427e-06
3099,1.7618600338992354e-06
2305,1.7618302670716368e-06
3593,1.7618213839360726e-06
6857,1.7617341401338202e-06
3679,1.7614567923031833e-06
9058,1.7614056914162409e-06
6425,1.7601402756903776e-06
7937,1.759895157680112e-06
9887,1.7594833981711074e-06
6191,1.7591606226555856e-06
3196,1.7583725912104817e-06
4298,1.7581126644078768e-06
1712,1.7578508637519532e-06
9405,1.7578354072434239e-06
8031,1.757618504203039e-06
5013,1.7573819846838107e-06
6457,1.7573137077655585e-06
2220,1.7569561763447997e-06
1379,1.756862787241407e-06
5344,1.7566048231346758e-06
3662,1.756039673740414e-06
4634,1.7557643226576372e-06
9543,1.7551719311889052e-06
2784,1.7547446397391071e-06
6890,1.754671039356247e-06
7420,1.7544128060955393e-06
5970,1.75427039096607e-06
4662,1.7534070276780319e-06
9001,1.7524030289418214e-06
3763,1.751969379011801e-06
7864,1.7513075611511194e-06
7974,1.7503073660284809e-06
3405,1.7497335786821135e-06
2804,1.7489685914279138e-06
4534,1.7487401190459723e-06
6103,1.7481830095645154e-06
1925,1.7477770459721656e-06
2792,1.7473934838545535e-06
4272,1.7471195492224813e-06
6963,1.7450330515275693e-06
7238,1.7444673903541564e-06
4619,1.74440906056572e-06
7840,1.7442272633746506e-06
4828,1.7427458452615835e-06
1419,1.7417407331568195e-06
1926,1.7406777583274108e-06
8881,1.7404168468017093e-06
4956,1.7388525575303777e-06
6302,1.7385979646988121e-06
6498,1.7377326076124918e-06
8289,1.7376108273390305e-06
1914,1.736248814229835e-06
6937,1.7349687276353135e-06
8914,1.7337641193565138e-06
7513,1.7329571332089484e-06
9997,1.7327473983591834e-06
6845,1.7323681944520367e-06
9143,1.7323641108906534e-06
8860,1.7322023102583137e-06
5976,1.7315360317495477e-06
2379,1.7315302631992775e-06
8368,1.729540630647383e-06
8043,1.728885889633695e-06
9404,1.728408941876923e-06
6504,1.7282420501215455e-06
4992,1.728207277191452e-06
9755,1.7276052920936953e-06
3636,1.7275044262334107e-06
4182,1.72747680657598e-06
4471,1.727014446586021e-06
6183,1.7269601314423956e-06
2702,1.7266889761385277e-06
6141,1.7252470774414539e-06
6750,1.7246240865693475e-06
3798,1.7242814343354898e-06
1928,1.7234043432875313e-06
7309,1.7232556006184105e-06
7520,1.7230328992994133e-06
9832,1.7226954594191451e-06
7164,1.7226511056982315e-06
7911,1.722117648954077e-06
4719,1.7216124847284328e-06
4043,1.7214310924534892e-06
7545,1.7198808914411677e-06
3110,1.7198506822777125e-06
2053,1.7193057295365303e-06
2590,1.718558604054257e-06
7575,1.7182288906447696e-06
3688,1.7178469444261007e-06
8308,1.71662303847975e-06
6866,1.7161323329679426e-06
3548,1.715520039505741e-06
7278,1.714090903890992e-06
8366,1.7139436388919053e-06
9889,1.7136976230441308e-06
6013,1.713185269767523e-06
9045,1.713131967894411e-06
5938,1.7131057170578276e-06
6088,1.713084683294806e-06
4452,1.7129370592366125e-06
4816,1.7115099988663702e-06
3445,1.7107437133125988e-06
1723,1.710687060135211e-06
9381,1.7103316250267914e-06
6485,1.709803627275208e-06
8233,1.709750693631941e-06
3046,1.7095860642336476e-06
5393,1.7084881947485293e-06
6925,1.7063760610871442e-06
4776,1.7062606575690333e-06
7236,1.7044353091615821e-06
5932,1.7037589883701106e-06
6850,1.703414099800756e-06
4661,1.7030610099397297e-06
2918,1.7029673399818129e-06
9739,1.701570797526374e-06
8200,1.7015231387087347e-06
9627,1.7011655176529011e-06
4425,1.7008546009542042e-06
8527,1.7000123211748906e-06
6971,1.6998762860953562e-06
9418,1.6994767799892143e-06
4462,1.6991844962211294e-06
9746,1.699180376876426e-06
6501,1.6991343552397488e-06
7839,1.698854997826922e-06
6200,1.6987969629650023e-06
6503,1.698545540312233e-06
8793,1.6985431255287239e-06
6859,1.6978694724388879e-06
1805,1.697468943032368e-06
9142,1.696907795344429e-06
2573,1.696778490684292e-06
4902,1.6962946983147263e-06
2715,1.6959423751980823e-06
6240,1.6958718322538306e-06
3854,1.695117565852711e-06
7466,1.694860070959159e-06
4612,1.6945981288072877e-06
3076,1.6942368102304469e-06
7995,1.694153908007425e-06
3539,1.6939154796225535e-06
9386,1.6939020189799143e-06
8331,1.6935582920736795e-06
1967,1.6933746280752852e-06
9744,1.6923348911618234e-06
3626,1.6920540706454746e-06
9066,1.6909457405656597e-06
8707,1.6907947107474442e-06
2181,1.6904713805203246e-06
7951,1.6896012397614316e-06
8381,1.6894069930335338e-06
1975,1.688896971629145e-06
8344,1.6885076999330975e-06
3302,1.688160122106837e-06
4641,1.6877842396199634e-06
6250,1.6870305039236756e-06
4801,1.6864489936813743e-06
2326,1.6859683861152193e-06
2004,1.6848483238376275e-06
4516,1.6844060014498526e-06
9684,1.6820609560014927e-06
8771,1.6817327197697716e-06
8604,1.6806470898760505e-06
1952,1.6804192333102625e-06
8795,1.6799590219882769e-06
6149,1.6796488561273848e-06
9052,1.6792451076289535e-06
6118,1.6791914034032343e-06
1429,1.6790222108154933e-06
3665,1.6789550729350435e-06
4208,1.6778294184296624e-06
3484,1.6777539194837923e-06
6005,1.676937143799259e-06
3632,1.6767804181684144e-06
9201,1.67653281064598e-06
8084,1.67648786220032e-06
8917,1.6763144373069212e-06
4911,1.6759923048340915e-06
6707,1.6754386017965117e-06
9401,1.6734890822711936e-06
1821,1.6731090116273495e-06
6099,1.6730905326306214e-06
4061,1.671873387379352e-06
4849,1.671599848856948e-06
2374,1.6715480589971277e-06
5273,1.6705543551691248e-06
8923,1.6705343119039116e-06
8425,1.6696225198140113e-06
9020,1.6695075100884235e-06
4825,1.6689772155235556e-06
9987,1.6688942031571198e-06
6737,1.6688684972948157e-06
9069,1.6687704396765007e-06
8869,1.6681781685864964e-06
5602,1.6680724151338996e-06
4205,1.6673862490542975e-06
9006,1.6660648687044708e-06
9364,1.66598254767856e-06
8801,1.6640844784241597e-06
6184,1.6634584693334956e-06
3231,1.663185021727582e-06
4716,1.6629607958990386e-06
9449,1.662483704471763e-06
5698,1.6620721223497128e-06
8065,1.6609077726950622e-06
8399,1.6602595080639646e-06
2882,1.6595778042109842e-06
4971,1.6591205427687676e-06
8014,1.658290537909392e-06
2270,1.657623370503095e-06
8616,1.6572480030427071e-06
4963,1.6571876856395456e-06
9531,1.657044708898952e-06
4368,1.65651718150467e-06
5310,1.6560933398099515e-06
5801,1.6552554271758947e-06
3937,1.6552085489470372e-06
4578,1.6548618846455245e-06
6459,1.654803331670544e-06
7186,1.6547659118567157e-06
7868,1.654169647886498e-06
2475,1.6528037509829186e-06
7512,1.652431587675069e-06
9503,1.650664485617689e-06
7917,1.650404922306205e-06
4092,1.6502353722436137e-06
6036,1.6498494830047846e-06
9928,1.6497384857209146e-06
6382,1.649693862048686e-06
4204,1.649364028285667e-06
7744,1.6488762041669424e-06
6448,1.6485479262570355e-06
6823,1.648330644529188e-06
4113,1.6477880169005617e-06
2335,1.6476956020169985e-06
7458,1.6473118545178206e-06
8154,1.647001728638434e-06
9517,1.6468510806503884e-06
9046,1.6464932959597772e-06
8697,1.6462986095052752e-06
9068,1.6453496431513215e-06
6222,1.6449534523477376e-06
4390,1.6446182807864895e-06
5901,1.6445445436940071e-06
5631,1.6441194513391696e-06
2001,1.6436126163563695e-06
6914,1.6435947659414193e-06
1934,1.6432119645264697e-06
3990,1.6426176685816657e-06
2183,1.6422988491743648e-06
6432,1.6422276174684137e-06
1719,1.641964056903839e-06
4490,1.6416026816770442e-06
8157,1.6414802662920117e-06
8060,1.6413895370643778e-06
3984,1.6398739425205279e-06
9788,1.6391147884769816e-06
3199,1.6385317206741935e-06
6905,1.637917737878945e-06
2685,1.637707501851054e-06
8541,1.6374733022140295e-06
8385,1.637330348605964e-06
7510,1.637136663627439e-06
8708,1.6370942006869824e-06
6622,1.6367243667746627e-06
7570,1.63647718186941e-06
6912,1.6358439365400773e-06
9413,1.635140782961516e-06
8772,1.6350242855614877e-06
3540,1.6348083726773198e-06
8008,1.6347201085371564e-06
7962,1.6346762878254233e-06
8237,1.634618664717998e-06
3800,1.634307403008523e-06
2301,1.6339655712116804e-06
8929,1.6337409334216846e-06
1833,1.6333799158187668e-06
4521,1.633350992510128e-06
8345,1.632823640277974e-06
3050,1.6316501160872671e-06
6630,1.6302490620201164e-06
4921,1.6300183499677926e-06
8097,1.6293923636972948e-06
9319,1.6291699367170102e-06
8174,1.628325998809108e-06
2307,1.6282413541264445e-06
3436,1.627246502037672e-06
6517,1.6270149251844362e-06
5463,1.6268316297851183e-06
3923,1.6262770095609767e-06
6462,1.6260114996050122e-06
2753,1.6260020989979187e-06
4228,1.6252865718830355e-06
4045,1.6250955080019134e-06
9509,1.6249720029857672e-06
6742,1.62361468525816e-06
5262,1.622443733685585e-06
8622,1.6223429264385413e-06
3191,1.622304819495854e-06
4568,1.6216622922278462e-06
9305,1.6213557935990165e-06
3865,1.6204814238267106e-06
7777,1.6196082379687495e-06
7925,1.6192855590549467e-06
6758,1.6187402666614436e-06
2602,1.6185872546124956e-06
4611,1.6182683720377513e-06
7419,1.6164071495533525e-06
4218,1.616305571190705e-06
6420,1.6162903650850662e-06
1333,1.616288205875042e-06
9532,1.6162710641001063e-06
2664,1.6137115173243821e-06
3333,1.612905953493082e-06
5471,1.6127810437021064e-06
8830,1.6118840935685852e-06
4088,1.6117810233042011e-06
2127,1.6115993933338781e-06
8103,1.6115990211558703e-06
6047,1.6112457283636308e-06
7735,1.6107071148285016e-06
9793,1.6102380690198258e-06
6539,1.608951246892023e-06
8111,1.6083331073936e-06
4809,1.6080660297652964e-06
8141,1.6076989338734666e-06
3167,1.6075758040872319e-06
9719,1.6073903918976877e-06
9033,1.6071828094397743e-06
3941,1.6064715252613085e-06
8173,1.60614399257602e-06
4109,1.6061355111450757e-06
8182,1.6061209252592105e-06
3075,1.6056524598447199e-06
4021,1.6051365756816185e-06
6999,1.6049478868628559e-06
1815,1.6046678994755455e-06
1726,1.6045078976926347e-06
9869,1.6042054019680081e-06
6073,1.6041430936341295e-06
4967,1.6041303938063458e-06
6841,1.6036254184349523e-06
7279,1.6035023831405192e-06
2914,1.6021973555655772e-06
6345,1.6016073401322263e-06
3561,1.600167700535609e-06
9267,1.5986490891698633e-06
2809,1.5983399251032617e-06
1899,1.5977344556059387e-06
4091,1.5973641954155903e-06
4118,1.5968551481524626e-06
3415,1.5964891764396599e-06
8359,1.5959085837257568e-06
7775,1.5955642736585026e-06
8167,1.5955060505715714e-06
7033,1.5953566567979261e-06
3319,1.5933713061898886e-06
6994,1.5930517281413677e-06
5384,1.5930004266273002e-06
8628,1.592909852290316e-06
4901,1.5916935115721875e-06
1911,1.591001302204978e-06
4530,1.5899385227476116e-06
8309,1.5887712797923818e-06
3183,1.5882635534329147e-06
3048,1.586476088218128e-06
4732,1.5858209273425254e-06
3708,1.5853308946279323e-06
8798,1.5841412867530697e-06
3148,1.5835737677499556e-06
6706,1.5829392543805908e-06
4187,1.5826448149732104e-06
3479,1.5822435778701922e-06
8355,1.5818052717749778e-06
4215,1.58168678484175e-06
3388,1.581644495684247e-06
1942,1.5813542291386134e-06
6028,1.5808522445020703e-06
6474,1.5799397046192052e-06
4503,1.5796325384045526e-06
9757,1.5790831619486185e-06
8387,1.5788480554751988e-06
4958,1.578556988258561e-06
9057,1.5784917895006805e-06
2686,1.5777713041876439e-06
3475,1.5771363288499204e-06
2612,1.5761875127581591e-06
4063,1.5757945396377216e-06
1605,1.5755389143202146e-06
6196,1.5747931568112446e-06
4687,1.574539606333113e-06
7717,1.5743768468533812e-06
9384,1.573615005068512e-06
2331,1.5720174887347425e-06
6856,1.5715375295746748e-06
6788,1.5707471722139074e-06
4659,1.568728634182417e-06
7818,1.568540221230693e-06
7628,1.5681232452531318e-06
9433,1.5674739203435873e-06
6326,1.567110180189225e-06
8803,1.5670692771132445e-06
3498,1.5668128418729584e-06
7613,1.5653103018628007e-06
2908,1.5652374917073011e-06
3969,1.5644537977006295e-06
3837,1.5641539231768482e-06
6762,1.5639150834597074e-06
7476,1.562440365723375e-06
4577,1.5600750375490403e-06
7609,1.5598870384526136e-06
6565,1.5591336717099238e-06
8630,1.5588981724567635e-06
7893,1.5588118474793814e-06
3288,1.5584417355147193e-06
9728,1.5581207950659846e-06
9948,1.5577530037220198e-06
1879,1.5577481679204134e-06
3891,1.5555454208263903e-06
6194,1.5550544468899177e-06
9945,1.5549203760462481e-06
6324,1.5548044720744451e-06
6644,1.554310912040066e-06
4290,1.5536476772151884e-06
7701,1.5514031072202896e-06
1766,1.5503923889626472e-06
8367,1.5494981480438763e-06
3825,1.5494222602288181e-06
9075,1.548683024204566e-06
3198,1.5486296648741686e-06
3176,1.5481839867401374e-06
9435,1.5477479538038565e-06
2678,1.547711483792448e-06
7283,1.547642517137163e-06
7595,1.5474698109254237e-06
4725,1.547376876230295e-06
2117,1.546875468262142e-06
9934,1.546854118755895e-06
7981,1.5459778776144222e-06
6832,1.5447374414287412e-06
3673,1.543527426424807e-06
8283,1.5430434658916266e-06
4820,1.5428181922813536e-06
9304,1.5421379744082918e-06
8198,1.5415712762904656e-06
9955,1.5413235666935776e-06
6473,1.5411714772977434e-06
2593,1.5406656569251013e-06
3001,1.5404073646199863e-06
6235,1.540101644230201e-06
7451,1.5394370498874121e-06
8905,1.5391805341666615e-06
4832,1.5389478773238714e-06
7245,1.5383198448502529e-06
7438,1.5379727055713562e-06
5703,1.537215201910594e-06
7739,1.5367401798614554e-06
7315,1.5366326007377186e-06
7250,1.5365853033020108e-06
2266,1.5356519420245183e-06
4765,1.5350519004481274e-06
3659,1.5350452723895674e-06
4768,1.5349313606989417e-06
4348,1.5336512812088574e-06
9014,1.5321723195713934e-06
2742,1.5319407189038394e-06
8252,1.5312903539724105e-06
7269,1.5300786042820692e-06
3349,1.529995120904748e-06
6918,1.5295859872783459e-06
6965,1.5293368038859707e-06
7732,1.5284972066801254e-06
9086,1.5283852881029099e-06
6723,1.5279793840768634e-06
7192,1.5266884485671198e-06
9005,1.5258777156941749e-06
9278,1.5256305088891974e-06
8168,1.5256099106152991e-06
3091,1.5255312133556588e-06
9422,1.5251893233584952e-06
4095,1.525135478640516e-06
3103,1.5244801545352028e-06
9960,1.5244239406446882e-06
9743,1.5232876485057263e-06
1860,1.5221480289935908e-06
9505,1.5213195770561019e-06
4275,1.5211838911150932e-06
1381,1.5209676196182954e-06
8377,1.5201773780874487e-06
1959,1.5201477637384819e-06
8341,1.519760734848136e-06
2651,1.518920475994263e-06
1980,1.518158740396517e-06
4819,1.5178778741999573e-06
6258,1.5171799607273053e-06
8253,1.5166426802288758e-06
6564,1.5163782573795485e-06
8137,1.5160637789825945e-06
4686,1.5157624511159002e-06
9039,1.5149875958088264e-06
2317,1.5149544170551211e-06
7222,1.5146916205112229e-06
7905,1.5142073004501936e-06
2185,1.5140362164503656e-06
9641,1.5134701611495094e-06
8074,1.513424504954133e-06
4238,1.512490274948204e-06
3697,1.5112719610238381e-06
4382,1.51095466599341e-06
7180,1.5096616849577326e-06
9450,1.5096510733604066e-06
6951,1.5089741936483878e-06
8015,1.5088333555725384e-06
9990,1.508491305464419e-06
7467,1.5084433793030698e-06
2282,1.5083043042706704e-06
2222,1.5073416852879572e-06
5486,1.5066991119780875e-06
7532,1.506609252051548e-06
6533,1.50641746921048e-06
8249,1.5063745616711493e-06
9787,1.5060571085685075e-06
6586,1.5059522193737493e-06
7189,1.5047869306087465e-06
9369,1.5043403919629583e-06
6101,1.5038868959251136e-06
1435,1.5030735864023355e-06
2009,1.5028927376329416e-06
8020,1.5027885834277637e-06
3738,1.5022797209648278e-06
9065,1.5022594676232719e-06
2653,1.5018031242302037e-06
7649,1.5007610167284093e-06
2292,1.5003555708906861e-06
4955,1.4997320165900574e-06
3284,1.4995206617279093e-06
6556,1.4995001883664837e-06
3151,1.49779048778332e-06
1762,1.4971746334080933e-06
8101,1.4959070289803022e-06
7943,1.495897329745008e-06
1982,1.4953956765824737e-06
1810,1.4947436461755486e-06
6809,1.493445238426466e-06
4369,1.4930418142828362e-06
8012,1.4914263492701391e-06
7856,1.4905383604668818e-06
4880,1.4900867282509336e-06
6645,1.4899412042013748e-06
2327,1.489719508027231e-06
3480,1.4896544101135555e-06
9639,1.4893319596032544e-06
8068,1.489309521766253e-06
6157,1.4893049154236308e-06
4745,1.489285493385699e-06
6383,1.4891738381484303e-06
4704,1.4889179739510928e-06
7734,1.4887723682290864e-06
4973,1.488615751596388e-06
8129,1.488484914740153e-06
3994,1.4874050632720653e-06
6954,1.4873533279539486e-06
6806,1.486550137966203e-06
4189,1.4857374616373265e-06
3880,1.4857216515126818e-06
6136,1.4853447057790889e-06
9600,1.4848073576096486e-06
8278,1.4845081900201664e-06
9882,1.4839792309115287e-06
8802,1.4830204664723493e-06
3543,1.4824109585138442e-06
4763,1.4823307114005448e-06
2462,1.4818084810163976e-06
7231,1.4809306100134006e-06
4464,1.4808419234246367e-06
4966,1.4801064655119714e-06
8706,1.480076670463272e-06
5959,1.479670247154967e-06
9902,1.4794341105408174e-06
4587,1.4784214204247708e-06
2281,1.477577447337575e-06
2749,1.477556924175141e-06
6861,1.4763472435030517e-06
3922,1.4759371266959844e-06
9932,1.4758307849624204e-06
7313,1.475727163731813e-06
5142,1.4755589888177345e-06
3482,1.4706750268477222e-06
9672,1.4705966625695584e-06
2412,1.4700263703730846e-06
3861,1.4693382045197324e-06
4746,1.4685894519913913e-06
6197,1.4685351874056941e-06
1893,1.4680184996920637e-06
3387,1.467975812376496e-06
1951,1.4666706976144567e-06
8132,1.466220165792844e-06
8550,1.4656882715228666e-06
6351,1.4639442356643077e-06
4307,1.4635389735571699e-06
5449,1.4635374651276357e-06
9830,1.4622655627054086e-06
2471,1.4619596962120774e-06
7740,1.461662519347638e-06
3201,1.4616424831515865e-06
9324,1.4611878152290191e-06
9903,1.4609288998772582e-06
3558,1.4608073080461789e-06
7976,1.4566115650961487e-06
3553,1.4562237355421758e-06
8818,1.455398101719826e-06
2157,1.455072095831237e-06
4927,1.4535450797872797e-06
8392,1.4533191337418312e-06
6407,1.4531652057936851e-06
3276,1.4531331723966939e-06
3925,1.4529622246003033e-06
8424,1.4521002780575533e-06
6995,1.450872654651779e-06
9896,1.4502898270140463e-06
1898,1.4495647540815338e-06
9790,1.4489324172678466e-06
8117,1.4487867876172077e-06
2371,1.4483606995845387e-06
6532,1.448290992461856e-06
6455,1.4472801006789519e-06
9072,1.4472739839409707e-06
6151,1.4471972317726845e-06
7741,1.4467933574512282e-06
3179,1.4465975509625903e-06
7779,1.4463666930148106e-06
1930,1.445444083375215e-06
3733,1.4444237545593243e-06
6199,1.4443565440117644e-06
3771,1.4435639999142583e-06
6232,1.4413343904124982e-06
8037,1.441208391035926e-06
9692,1.4409262942834212e-06
4401,1.4400941403111418e-06
9682,1.4400170150270557e-06
3003,1.4375783873731088e-06
7047,1.4357092300931566e-06
6571,1.4355101550819396e-06
8382,1.4340147291088572e-06
3657,1.4338416602432065e-06
7326,1.433736146306099e-06
2217,1.4332318736993496e-06
7723,1.4326678598316913e-06
7327,1.4321385010256668e-06
6740,1.430670772704169e-06
3921,1.4304526653379257e-06
3687,1.4304201264810722e-06
5192,1.4290283297597138e-06
7184,1.4287531329687255e-06
6201,1.4278342529356329e-06
6406,1.4266385857201965e-06
8566,1.4260397947337926e-06
4684,1.4257330688176628e-06
8418,1.425194922939148e-06
5946,1.4247909086808834e-06
5451,1.4242286065424732e-06
6264,1.4233614439202583e-06
5233,1.4227875726857322e-06
4463,1.422662879033786e-06
8130,1.42240389703805e-06
9303,1.4223948274040128e-06
8035,1.4218908483299163e-06
6594,1.420403815981124e-06
3950,1.420209849491904e-06
3978,1.418513962225391e-06
8570,1.4176716064802818e-06
2148,1.4166620050245513e-06
9507,1.4157263922210983e-06
7970,1.415549911827166e-06
6458,1.4139926756172352e-06
6146,1.413743453004465e-06
7630,1.413634716874284e-06
8909,1.4133664436963428e-06
8096,1.4130390981012529e-06
8125,1.413038177656952e-06
4212,1.4116312217534731e-06
4621,1.4107566269175462e-06
7618,1.4099260722601738e-06
1721,1.4098045390281044e-06
4658,1.4088828068321566e-06
9083,1.4066557109367082e-06
8079,1.4060562260685792e-06
3087,1.4051691158514314e-06
4151,1.4049856841953752e-06
8140,1.404962594049419e-06
6278,1.4045136026054245e-06
3289,1.4038881469286736e-06
7322,1.4034555282383807e-06
8267,1.4016789299916826e-06
6282,1.3999296849798636e-06
9766,1.3964806074026534e-06
8203,1.3959482610687857e-06
9504,1.3953722235741473e-06
6144,1.3941916982688342e-06
7259,1.3934553094146905e-06
1377,1.3915267450125044e-06
2433,1.3910162926317453e-06
6736,1.39070146374617e-06
9270,1.388065900496081e-06
1945,1.386699084379961e-06
1417,1.3845153878162425e-06
3088,1.383304755807542e-06
4099,1.382775511373162e-06
2801,1.3819184414656912e-06
4477,1.3818152696264337e-06
6287,1.3816319638411154e-06
2782,1.381453989246034e-06
7966,1.3808361884514376e-06
8388,1.3805559165187845e-06
6273,1.3801072412591288e-06
4559,1.3785490133289313e-06
6465,1.3778288245989287e-06
7516,1.3777556217237734e-06
6929,1.377147943251171e-06
3116,1.3770721607650939e-06
4526,1.3768163815671332e-06
9974,1.376666675764405e-06
8850,1.3758076224341058e-06
3951,1.3756448896002447e-06
4519,1.3737745048398149e-06
9729,1.3720203219641754e-06
2353,1.371538638991167e-06
4047,1.3713855664117415e-06
3031,1.3696259629409934e-06
6055,1.3693276330711801e-06
9993,1.3689665450895867e-06
9434,1.3681398844064307e-06
1969,1.3664174167775926e-06
9640,1.3639666589950769e-06
4584,1.36304530877829e-06
7817,1.3616028444617712e-06
2461,1.359415385603655e-06
4206,1.3590006345124854e-06
9716,1.3559309035968738e-06
2002,1.3540551480313659e-06
9055,1.3529807047708653e-06
2726,1.3521384855413272e-06
3769,1.3518705764394559e-06
2695,1.350334995995685e-06
6902,1.3500700090478192e-06
7205,1.3468846409956772e-06
7459,1.3468422802201926e-06
7947,1.3459221148215365e-06
8051,1.3458487935268663e-06
6247,1.3456603087990296e-06
1949,1.3454767350041878e-06
7453,1.3449558800598461e-06
2477,1.3427334847338643e-06
8558,1.3410480533327557e-06
5015,1.3403035411113365e-06
6580,1.3398378864152349e-06
2607,1.3396550486151285e-06
7844,1.3379311102094792e-06
8804,1.3365815037678637e-06
8334,1.3354142035971736e-06
1835,1.3335501299330289e-06
1921,1.3321851998097338e-06
9622,1.3312538632515846e-06
7730,1.3305132865885326e-06
6364,1.3298427938001616e-06
8806,1.3270624932095978e-06
2337,1.325374176648489e-06
7276,1.3246351581611864e-06
4668,1.3240412033342017e-06
5918,1.3239358092112616e-06
2930,1.3216682139614908e-06
9301,1.3216124918360068e-06
6379,1.321216613211976e-06
7987,1.3163598601714372e-06
5208,1.3135291840409242e-06
9842,1.312089427015038e-06
3360,1.3108959359204821e-06
2925,1.3106407450868773e-06
2734,1.3099254905192093e-06
4527,1.3080930810129598e-06
4755,1.307902830322961e-06
1414,1.3073274113329991e-06
8343,1.306908845152804e-06
4345,1.3064025707421668e-06
6023,1.305595865441156e-06
9632,1.3040878968541604e-06
6871,1.3039072532343254e-06
1431,1.301840210189604e-06
2871,1.3017489235533163e-06
8273,1.3013326052640068e-06
7061,1.3008438672489973e-06
4220,1.3002035125847542e-06
9678,1.2999561843436367e-06
1376,1.2988049085984808e-06
6506,1.2955948592359199e-06
3228,1.2941348095951694e-06
7447,1.2921195213779536e-06
4733,1.2898253355022995e-06
8473,1.2887644560835423e-06
4767,1.288746405939214e-06
9310,1.2883918084937128e-06
8609,1.2876427790479211e-06
5757,1.287310349635918e-06
9613,1.287075646622937e-06
7607,1.2864627479794671e-06
1946,1.2856305754746358e-06
3038,1.284081919402748e-06
7846,1.284048785604543e-06
4008,1.2811150090247452e-06
2329,1.278849612764754e-06
1944,1.2769784584665045e-06
6479,1.2758030364532426e-06
3139,1.273520217857189e-06
3064,1.2732379202502778e-06
9735,1.2726629849403242e-06
3085,1.2726012704522212e-06
7036,1.2720081612767283e-06
2659,1.2719835390671688e-06
6367,1.2636878581957886e-06
9795,1.2636048215286441e-06
6744,1.2627838169112588e-06
4550,1.2606851001823012e-06
7621,1.2597043303843668e-06
6237,1.2581117118007738e-06
3315,1.2534371905395953e-06
9856,1.2467283325683144e-06
6923,1.2454256330047316e-06
8919,1.2437340870239943e-06
4385,1.2426162665718176e-06
8155,1.2413953549069357e-06
4449,1.2381069050156273e-06
5186,1.2364876543784417e-06
5982,1.2353739388754972e-06
7463,1.2305326434745098e-06
7082,1.2222423524216975e-06
7292,1.214246936961404e-06
5290,1.2090878375407842e-06
8999,1.2078903268097952e-06
4249,1.2043223604336335e-06
3491,1.1951051314874678e-06
4094,1.194500332951685e-06
6652,1.1944445144630702e-06
1799,1.183132694029239e-06
2815,1.181908316611883e-06
3141,1.177221275175208e-06
8544,1.1708526743881973e-06
4435,1.1705459064763607e-06
4599,1.1657765680846667e-06
2831,1.1577505635209442e-06
4434,1.149847923251917e-06
8275,1.1455796250658648e-06
4436,1.1362067350775105e-06
4481,1.1293592228137082e-06
4423,1.1089517100741343e-06
3678,1.1046624879546463e-06
4433,1.0965114446656127e-06
4483,1.0926508835949203e-06
7749,1.0788281969069814e-06
7931,1.0557006924516446e-06
4384,1.0548263546768354e-06
7048,1.0486549128695625e-06
9906,1.0305651246519755e-06
7065,1.0284827879285452e-06
2814,1.023596747388812e-06
3449,1.020657882703469e-06
2349,1.018601794995075e-06
7879,9.957221070226934e-07
4251,9.825183481554547e-07
7169,9.740925617909792e-07
7803,9.719686661542392e-07
4488,9.660476439591965e-07
9687,9.505234271096473e-07
9661,9.388463559149983e-07
1793,9.226488539189545e-07
1887,9.208937899594319e-07
7679,9.025876733545856e-07
3597,8.965024344820318e-07
7683,8.935042492038411e-07
7060,8.901537008641011e-07
7089,8.826175225082468e-07
5217,8.637914853557794e-07
4443,8.625542109933418e-07
9537,8.578094100598269e-07
7685,8.570335556561142e-07
4485,8.498467341487839e-07
4479,8.351505567795475e-07
4431,8.08310584513087e-07
6824,8.055791008199793e-07
4933,7.956931850052551e-07
4448,7.956412461420875e-07
9539,7.839803285727605e-07
9977,7.789944502436919e-07
4478,7.7595835480666e-07
7085,7.723368730552961e-07
7095,7.72263632696457e-07
4480,7.641403086069161e-07
6484,7.630200391211367e-07
7088,7.301840106800391e-07
4482,7.198581310777709e-07
2975,6.945946945674168e-07
4499,6.745570123801437e-07
9441,6.542810728448851e-07
2980,6.480216330002443e-07
7500,6.179312159321445e-07
2806,6.177604848415182e-07
8066,5.856848505303839e-07
1787,5.561304576036532e-07
7944,5.550954086100966e-07
1981,5.540357453001592e-07
7094,5.159030025315395e-07
4934,4.981518005525846e-07
4056,4.898939473087426e-07
9733,4.856051599045179e-07
5945,4.79010487519707e-07
4883,4.7435839524701383e-07
4493,4.6545428612529646e-07
4628,4.562866973107929e-07
4365,4.49597964976169e-07
4051,4.221957070826226e-07
7337,4.077396823326885e-07
2761,4.077109093359801e-07
1375,3.734663034597065e-07
4495,3.6376242148686005e-07
4781,3.6154665820347145e-07
7351,3.5683845040210285e-07
7354,3.5510225222615845e-07
2932,3.4890670048082435e-07
7358,3.394718786567146e-07
4169,3.3163698748239834e-07
2987,3.080682768718346e-07
4053,3.039884223869986e-07
4054,3.006943742044097e-07
7339,2.973954331585248e-07
7092,2.5861121457771286e-07
4058,2.1844181918523133e-07
4167,2.136616225549109e-07
7342,1.8853991101182798e-07
4168,1.7004250140488625e-07
6612,1.6929781892443544e-07
6272,-4.4911809486160436e-07
6535,-3.229645942493645e-06
4582,-2.433173750462448e-05
1808,-4.45977835466534e-05
