Date,DailyMeanMSEContribution
2019-08-09,0.008954657594357776
2019-08-14,0.003967042849782916
2021-08-13,0.001376405788224096
2021-11-01,0.0013137188258181818
2021-08-10,0.001236984408671952
2021-11-05,0.001172062353805921
2021-08-27,0.0007862219664820385
2021-08-05,0.0006884031816872673
2021-08-11,0.0006388221288487313
2021-07-29,0.000637252985634737
2021-07-16,0.0005985525948672542
2021-08-18,0.0005916487293162685
2021-11-04,0.0005398287463155001
2021-08-16,0.0005013388447809574
2021-05-17,0.00041879159872188084
2019-02-14,0.0004115588608240877
2021-10-27,0.00040846262166388655
2019-05-14,0.00035951000495364
2021-08-26,0.00034396451289517283
2021-05-12,0.00032998563375196874
2021-09-02,0.0003125484300163691
2019-05-16,0.000303739683251446
2021-02-16,0.00029574696776760113
2019-05-13,0.000280059920186248
2021-10-29,0.00027104038224739667
2018-08-01,0.00026775211573491493
2020-02-12,0.000264436831284059
2019-02-15,0.00024026211941279864
2021-09-07,0.00021672632065517758
2021-08-17,0.0002074570164351735
2018-05-15,0.00020343612464381
2021-08-23,0.00019254286710615598
2019-05-10,0.00017487544553175492
2019-05-07,0.00017326837404946447
2021-11-09,0.00015301338382374998
2021-08-12,0.00014451190821398113
2020-07-31,0.000133006924023252
2020-02-05,0.00012882960329377457
2019-05-09,0.00011541600336566977
2019-04-17,0.00011268698764296508
2019-08-27,0.00010877990997255091
2021-05-19,0.00010625724529548296
2019-05-15,0.00010416219817047036
2019-06-04,0.00010186299280053729
2018-02-06,0.0001006659594872553
2018-05-14,9.861078086070801e-05
2021-08-03,9.727976638800713e-05
2021-07-15,9.621769752791374e-05
2021-02-24,9.518971921663837e-05
2021-05-18,9.435943492138479e-05
2021-07-19,9.250248249018876e-05
2021-08-24,9.085193589019668e-05
2021-08-19,8.277331247218304e-05
2019-05-23,8.130403792962014e-05
2018-08-03,7.987145958387906e-05
2021-11-02,7.501220190843056e-05
2021-02-04,7.459776592345136e-05
2021-02-08,7.363131231997598e-05
2019-05-30,6.735784746164788e-05
2018-11-08,6.424421565826663e-05
2019-05-17,6.286371310215405e-05
2020-11-17,6.183928983814983e-05
2021-11-08,6.129842764046298e-05
2020-04-13,5.956822311610385e-05
2021-08-06,5.9403454350135545e-05
2018-11-12,5.880994757015604e-05
2021-08-20,5.73362360873975e-05
2021-08-02,5.5109882720740236e-05
2021-11-19,5.398774973283615e-05
2021-11-15,5.328646256888222e-05
2020-02-06,5.277593043837031e-05
2020-02-10,5.27348877132579e-05
2020-12-11,5.232075994856835e-05
2021-09-15,5.179356264344558e-05
2021-09-13,4.932923236347809e-05
2020-02-03,4.7416429329886944e-05
2019-04-18,4.7178420687111884e-05
2020-12-23,4.691308560177977e-05
2019-08-13,4.6787100415602683e-05
2021-11-16,4.667926450635569e-05
2021-09-06,4.59102456157203e-05
2020-08-06,4.520237229678702e-05
2021-11-25,4.42461529979878e-05
2018-08-07,4.3687611881796035e-05
2020-11-10,4.24825049014056e-05
2019-06-05,4.149632625938044e-05
2021-07-30,4.010337019120338e-05
2021-09-10,4.005905343657179e-05
2019-02-20,3.97775862947554e-05
2018-05-16,3.9150026930383165e-05
2020-12-15,3.7610543656292504e-05
2021-11-17,3.744420560533106e-05
2020-10-07,3.700809590358439e-05
2020-12-21,3.485508602054609e-05
2018-08-13,3.462324093160023e-05
2018-10-31,3.4001000901927006e-05
2021-05-11,3.379913333704999e-05
2021-12-01,3.202626176186917e-05
2021-11-30,3.185287112235443e-05
2019-02-13,3.152524045686183e-05
2020-07-30,3.0937343193625196e-05
2021-05-10,3.089740059306951e-05
2020-08-03,3.061500112374453e-05
2019-01-04,3.0223912926426277e-05
2020-11-11,2.9869489378135626e-05
2019-05-08,2.974502559406006e-05
2020-02-28,2.9133646508286316e-05
2021-01-07,2.9124453741989268e-05
2020-08-11,2.8786712274539526e-05
2020-03-26,2.856610953155288e-05
2020-01-22,2.8489992621094306e-05
2019-05-21,2.830803702860769e-05
2019-11-14,2.7371559598116383e-05
2020-03-09,2.734113354240108e-05
2019-08-07,2.6405369888942492e-05
2018-08-06,2.5877872938067375e-05
2021-08-30,2.563496155274752e-05
2018-08-15,2.5526555474027468e-05
2020-09-28,2.5127782967061396e-05
2020-02-13,2.4680369338575095e-05
2019-10-29,2.438593784741199e-05
2019-06-06,2.3657535373772032e-05
2021-02-09,2.3336996082108815e-05
2018-05-11,2.3330904090058577e-05
2018-02-15,2.3309210049262763e-05
2021-11-24,2.317629064564436e-05
2020-02-27,2.3002909574194905e-05
2020-12-24,2.295586481454338e-05
2018-05-08,2.2072418289448514e-05
2020-02-07,2.166636653352943e-05
2021-04-28,2.1627096788571818e-05
2020-02-17,2.158161389622498e-05
2020-05-14,2.1370119542965554e-05
2019-05-22,2.136113746394469e-05
2020-03-12,2.0814489751422455e-05
2019-11-06,2.059662351393736e-05
2020-12-25,2.051888860988996e-05
2020-05-18,2.0175784987380357e-05
2020-09-25,2.0078988687058004e-05
2021-02-12,1.9771717638221872e-05
2020-12-22,1.9247160576992564e-05
2019-02-12,1.8673892157171797e-05
2021-01-28,1.8575104794949903e-05
2021-08-25,1.855849364399298e-05
2018-07-31,1.8460014366137602e-05
2021-10-28,1.841153896757456e-05
2019-02-27,1.8392043408064926e-05
2021-02-17,1.812245811222405e-05
2021-05-13,1.8032248012954032e-05
2019-08-08,1.8006539179037386e-05
2018-08-17,1.7660875796020754e-05
2021-02-01,1.7593942926324555e-05
2018-08-16,1.7325618826465776e-05
2018-05-23,1.71251999474005e-05
2020-12-28,1.7113653611436052e-05
2018-02-01,1.708215587561371e-05
2020-06-01,1.699909513784639e-05
2021-11-29,1.698063189611781e-05
2018-10-25,1.688985896653129e-05
2020-03-11,1.6740413610999944e-05
2020-06-09,1.6722794614729593e-05
2020-11-30,1.6704337370154804e-05
2019-02-18,1.6679177222408414e-05
2019-02-19,1.6614542389713672e-05
2020-11-02,1.6586801266613057e-05
2020-05-29,1.643089034570142e-05
2019-11-12,1.6419939797280785e-05
2018-08-10,1.637352222311153e-05
2019-02-08,1.607736911264591e-05
2018-08-14,1.5992004923209513e-05
2018-11-14,1.594654521263706e-05
2018-07-09,1.5945497616444155e-05
2020-03-10,1.5924367246236387e-05
2018-12-27,1.5684003926985182e-05
2021-05-14,1.559255439942287e-05
2021-05-06,1.5480639593289068e-05
2019-12-27,1.546653262132179e-05
2021-05-27,1.542774167536917e-05
2019-06-03,1.532104075590119e-05
2018-11-22,1.5217573060724528e-05
2020-03-18,1.520979102667557e-05
2018-10-29,1.516612749948084e-05
2020-12-14,1.4969733674452061e-05
2020-05-15,1.4738498376003932e-05
2020-05-08,1.4655397289087343e-05
2018-08-09,1.461078086586291e-05
2020-05-26,1.449293772518265e-05
2020-03-19,1.4417350625354652e-05
2021-09-08,1.4403494614859201e-05
2020-12-18,1.4110958805859007e-05
2018-08-02,1.3785945848692565e-05
2020-05-19,1.3574207665256e-05
2018-10-30,1.3501899759547208e-05
2020-02-04,1.3494498890497686e-05
2020-03-24,1.3450578918559168e-05
2020-03-27,1.3365517001075214e-05
2020-05-12,1.324020066873329e-05
2019-08-02,1.3209259906716237e-05
2018-05-17,1.318644659894083e-05
2019-05-24,1.3169920748418123e-05
2018-12-25,1.3097920238729375e-05
2019-02-04,1.2886728345365156e-05
2020-03-05,1.278702860931161e-05
2020-11-05,1.2720534259891105e-05
2019-02-21,1.2718969106725975e-05
2021-09-01,1.2713263846692355e-05
2021-01-29,1.267569286420433e-05
2019-07-31,1.262195123915129e-05
2018-07-30,1.2559661005029417e-05
2019-05-20,1.2380860918580678e-05
2020-01-27,1.2326371716323006e-05
2020-07-13,1.2231466451946779e-05
2019-03-26,1.2209218603112953e-05
2019-03-18,1.2141660671627857e-05
2021-02-10,1.2099614834725128e-05
2019-09-09,1.1891892227972741e-05
2018-08-20,1.1879469084280152e-05
2020-09-14,1.185118184836186e-05
2019-05-28,1.1725176145934433e-05
2020-05-13,1.167102014345038e-05
2019-08-01,1.1622628548057848e-05
2021-10-18,1.1613488278698521e-05
2020-03-13,1.1590446726292903e-05
2018-11-13,1.156114612634315e-05
2019-07-25,1.146671906422107e-05
2020-11-09,1.146085456689744e-05
2021-09-09,1.1405180124544024e-05
2020-11-16,1.1185934216716426e-05
2020-03-17,1.1177470613942232e-05
2018-06-01,1.1110090958647583e-05
2020-10-22,1.1074598775773268e-05
2021-07-26,1.1067508269464048e-05
2018-12-20,1.102345388669612e-05
2021-02-03,1.0847492598002034e-05
2018-05-24,1.0773494293860806e-05
2021-04-30,1.0724699570541916e-05
2021-02-22,1.0705828233190401e-05
2021-05-26,1.0668579762055635e-05
2019-04-25,1.0652240618344652e-05
2018-11-07,1.0637610292973994e-05
2021-08-04,1.0586984104702205e-05
2021-05-20,1.0531046811758576e-05
2018-12-26,1.0357276735436513e-05
2021-11-12,1.0298476343908616e-05
2020-06-15,1.0294265494931905e-05
2019-10-30,1.0206688230948633e-05
2020-08-12,1.0203250677995897e-05
2019-11-15,1.0173538344675407e-05
2019-12-13,1.0149557927349454e-05
2019-12-30,1.0127181540953656e-05
2020-02-26,1.0097942796336286e-05
2018-05-22,9.959763450113636e-06
2020-11-13,9.948628519737487e-06
2021-02-05,9.911527300953505e-06
2018-02-14,9.791736373801572e-06
2018-11-02,9.789811257894244e-06
2018-12-21,9.766851569383132e-06
2019-07-01,9.642287960232235e-06
2018-08-08,9.617437890044728e-06
2020-08-13,9.608330331382374e-06
2019-11-20,9.551229823929499e-06
2019-11-08,9.548757631939816e-06
2020-06-05,9.512683715561423e-06
2018-05-07,9.41930360879248e-06
2020-09-30,9.371547489180062e-06
2019-02-22,9.357129574922014e-06
2020-07-02,9.193244150757095e-06
2020-01-30,9.144122670233134e-06
2021-07-20,9.098103699869443e-06
2019-11-13,9.028482544758365e-06
2019-12-19,8.968392450678662e-06
2020-03-23,8.955340117792625e-06
2019-11-11,8.860012174495078e-06
2019-11-18,8.811596687562472e-06
2020-02-20,8.802476339858753e-06
2020-02-19,8.690567677356607e-06
2018-08-21,8.574150663348935e-06
2020-03-25,8.445108107603766e-06
2021-02-02,8.429115064158886e-06
2018-07-05,8.38566232219567e-06
2019-02-07,8.373303123633313e-06
2020-08-05,8.363466163473656e-06
2021-07-21,8.32791005926238e-06
2018-03-30,8.2655067762841e-06
2021-03-30,8.246190963335834e-06
2019-12-03,8.245664054357622e-06
2021-05-25,8.17957521995422e-06
2019-04-26,8.169449128827205e-06
2021-01-12,8.167708708446092e-06
2018-06-27,8.110208233909167e-06
2018-01-11,8.094903679492196e-06
2020-01-14,8.023351605873095e-06
2020-11-06,7.981069006365228e-06
2020-05-25,7.946699491558365e-06
2018-02-13,7.902878516366845e-06
2021-11-10,7.90079542935676e-06
2018-02-09,7.861208917353083e-06
2020-08-14,7.853962778489695e-06
2018-03-06,7.793226281870738e-06
2020-04-16,7.791464604546505e-06
2018-05-01,7.763153118414629e-06
2018-04-03,7.75337912483983e-06
2020-07-27,7.680483345185144e-06
2020-11-04,7.641492509577648e-06
2021-11-18,7.535091256446271e-06
2018-07-10,7.528777675758488e-06
2018-11-19,7.513776688994888e-06
2021-03-23,7.483203184161188e-06
2018-11-09,7.470660805944323e-06
2019-03-08,7.46670618761436e-06
2018-08-22,7.39592151484322e-06
2020-04-28,7.393297091393e-06
2020-05-11,7.343699559595877e-06
2018-12-10,7.33756502661803e-06
2020-08-07,7.29973001422178e-06
2018-06-22,7.24875025364653e-06
2020-06-02,7.218622153330308e-06
2019-07-18,7.1773502255459715e-06
2021-03-09,7.162074184568637e-06
2020-10-21,7.1371021820673005e-06
2021-03-10,7.1090516484297364e-06
2020-11-20,7.0968981135245175e-06
2020-08-28,7.08924205761553e-06
2020-09-29,7.049593036770058e-06
2020-07-01,7.020604575328274e-06
2020-12-08,7.007795759913945e-06
2018-07-13,6.988052274691275e-06
2020-10-13,6.915499975475161e-06
2021-03-24,6.895208897977067e-06
2020-04-08,6.843270169705594e-06
2020-03-16,6.8425352200653355e-06
2021-11-11,6.8023113087037785e-06
2021-05-07,6.7826457482079225e-06
2021-11-26,6.734234445144544e-06
2018-05-31,6.712260048339177e-06
2018-11-28,6.702734792143165e-06
2018-11-01,6.699159078524765e-06
2020-05-27,6.690476535111729e-06
2018-06-25,6.673528794776447e-06
2021-09-27,6.658078126705806e-06
2018-10-11,6.6460116799772915e-06
2019-06-17,6.641923385998099e-06
2020-07-15,6.5827759399481695e-06
2019-07-29,6.5403646095913805e-06
2021-09-03,6.502588048315667e-06
2020-01-28,6.434908666590673e-06
2021-06-01,6.428968018475492e-06
2019-08-06,6.4272068218544675e-06
2021-05-21,6.411220899821953e-06
2020-07-29,6.35592331270944e-06
2018-06-28,6.323059137090101e-06
2021-03-29,6.3127626100813165e-06
2020-06-26,6.279510292518647e-06
2020-04-30,6.252746981789388e-06
2019-04-15,6.2359306790141445e-06
2020-09-18,6.21474576162222e-06
2020-10-05,6.210992305375483e-06
2018-06-26,6.207008402335861e-06
2020-07-03,6.183697328269359e-06
2019-11-21,6.182016014800703e-06
2020-12-04,6.175772175362575e-06
2020-06-29,6.164181089165805e-06
2018-11-15,6.136853001848537e-06
2018-02-02,6.104129192567276e-06
2021-07-27,6.095498718772149e-06
2019-07-26,6.06816777076948e-06
2018-05-09,6.058003691105938e-06
2018-02-26,6.04122271935438e-06
2020-12-03,6.016810325874396e-06
2018-08-27,6.0156934636941e-06
2021-05-28,6.014502890624069e-06
2018-07-12,6.008535770827514e-06
2021-02-15,5.999753911641862e-06
2019-11-07,5.997313716727104e-06
2019-08-28,5.920224016137212e-06
2021-02-25,5.898145977597545e-06
2020-02-14,5.8802382719700955e-06
2020-10-02,5.858143039714878e-06
2020-06-12,5.8345303972392765e-06
2019-08-22,5.820866441513769e-06
2018-05-30,5.775858135970524e-06
2019-08-26,5.774729011391836e-06
2018-01-29,5.755587742624483e-06
2021-03-17,5.751640843597286e-06
2021-04-01,5.7134348841991266e-06
2021-09-14,5.706852890580602e-06
2020-10-26,5.694482580957422e-06
2020-04-06,5.6809083023281685e-06
2019-02-25,5.680088067330585e-06
2020-05-20,5.653327741566687e-06
2018-03-12,5.64942241953978e-06
2019-02-05,5.625876357828334e-06
2021-05-31,5.5779154247398854e-06
2021-03-22,5.558249479609037e-06
2021-07-13,5.525927997382374e-06
2018-08-23,5.5241167305682554e-06
2021-04-15,5.515915809061444e-06
2021-11-22,5.488844648093269e-06
2021-06-02,5.4678167621703045e-06
2019-08-05,5.419073393428595e-06
2020-01-31,5.376821851748046e-06
2018-06-21,5.365980457899409e-06
2020-11-27,5.349199579549038e-06
2018-10-19,5.344144469657478e-06
2020-08-20,5.312182223884111e-06
2021-10-15,5.289961337084613e-06
2019-06-19,5.271766654264359e-06
2021-05-24,5.251274320160186e-06
2020-06-04,5.2384424807927945e-06
2019-06-21,5.220786270882395e-06
2020-10-08,5.210991861375499e-06
2018-09-25,5.208143899586819e-06
2020-12-17,5.198592295602728e-06
2021-01-19,5.169140264233252e-06
2021-03-01,5.154106213183431e-06
2019-04-24,5.148519009097756e-06
2018-01-31,5.1477879691331925e-06
2020-04-09,5.115528476294425e-06
2020-11-12,5.112068892910056e-06
2020-11-26,5.107111121594031e-06
2018-01-23,5.0974298410279816e-06
2019-04-09,5.076293018319758e-06
2020-03-02,5.039009343148711e-06
2018-06-13,5.033475469988376e-06
2020-04-07,5.021400848553098e-06
2019-12-11,4.983574296065291e-06
2018-02-05,4.9731809271402196e-06
2020-06-03,4.959832135096009e-06
2018-06-18,4.946521673354221e-06
2018-07-24,4.93396117976776e-06
2020-08-04,4.933166042652857e-06
2019-11-01,4.9296085029858785e-06
2018-04-05,4.927821395790921e-06
2020-04-20,4.906666146486107e-06
2018-09-10,4.886104399825338e-06
2020-05-01,4.865951424531583e-06
2019-04-22,4.863995107548622e-06
2018-01-10,4.816754735114437e-06
2018-10-16,4.814177033852167e-06
2018-10-01,4.7894719746278435e-06
2018-05-18,4.781737080382317e-06
2021-02-26,4.7576873387040485e-06
2019-11-05,4.748992537671223e-06
2018-09-12,4.742792804626208e-06
2020-07-06,4.7348861748458245e-06
2020-10-14,4.730933168119597e-06
2021-10-13,4.730760505110865e-06
2019-03-27,4.721543649502012e-06
2019-01-23,4.7125345482159245e-06
2018-03-20,4.708041721366697e-06
2018-01-04,4.678908405039691e-06
2020-11-24,4.667104452373174e-06
2018-11-16,4.644781103346361e-06
2018-04-23,4.628871727390521e-06
2018-07-27,4.613099975404093e-06
2021-06-08,4.593944402656462e-06
2020-09-09,4.5936226523609825e-06
2021-02-18,4.5569015654028065e-06
2021-01-06,4.544267533106488e-06
2020-05-22,4.52676387394169e-06
2020-06-08,4.522422102111671e-06
2021-10-01,4.468712948947688e-06
2021-04-08,4.453636151180882e-06
2020-06-16,4.448386548254674e-06
2018-04-19,4.443439892043691e-06
2021-01-04,4.436966809764245e-06
2020-02-25,4.4292658881871435e-06
2020-03-31,4.429253087390079e-06
2019-11-26,4.416544100653763e-06
2021-06-15,4.40291781689111e-06
2021-04-19,4.37807492998395e-06
2021-08-31,4.324221238551185e-06
2018-05-25,4.313879707262686e-06
2020-10-28,4.301095517004757e-06
2018-04-27,4.300886225458574e-06
2020-12-01,4.293901497169098e-06
2021-03-12,4.289430372723679e-06
2018-09-11,4.283397866614344e-06
2021-02-19,4.281519399178876e-06
2020-11-18,4.272608291415027e-06
2018-04-25,4.260087107303599e-06
2018-03-19,4.250138120977275e-06
2019-01-15,4.247151740531685e-06
2018-09-18,4.223782734369183e-06
2021-03-18,4.193100208612563e-06
2019-05-27,4.1864904642419005e-06
2018-01-30,4.18565701452697e-06
2019-05-31,4.177390238634991e-06
2021-06-18,4.176921684102467e-06
2019-03-06,4.171470657109933e-06
2020-04-23,4.154946974458598e-06
2020-05-07,4.1485102114666585e-06
2019-11-27,4.14531623375531e-06
2019-09-27,4.112604620288353e-06
2021-06-17,4.101488390775368e-06
2020-06-11,4.099594766227882e-06
2020-04-15,4.097417918286025e-06
2018-12-28,4.0942892714128045e-06
2021-04-05,4.055754328437904e-06
2020-04-21,4.050740343847859e-06
2021-06-10,4.0314108199983355e-06
2020-10-20,4.024744223716505e-06
2019-05-29,4.0190713099613555e-06
2019-10-16,4.016474042739612e-06
2018-06-15,4.007252730696505e-06
2020-12-09,3.992058415234565e-06
2018-05-10,3.9902371379392925e-06
2019-06-25,3.980386471276392e-06
2019-10-21,3.980031871397109e-06
2018-04-16,3.951122624298438e-06
2019-03-01,3.937209677139058e-06
2020-09-11,3.936621426568163e-06
2019-02-28,3.92634611892664e-06
2021-04-16,3.926213626380578e-06
2020-08-18,3.9259479111112584e-06
2019-01-11,3.923607618733294e-06
2020-12-29,3.914831426380727e-06
2020-04-14,3.9135037564823916e-06
2019-04-11,3.908745624513127e-06
2020-03-06,3.896463123612845e-06
2018-04-18,3.896437122944702e-06
2019-06-10,3.893461600799652e-06
2020-04-02,3.887447412362861e-06
2020-07-10,3.879108284780638e-06
2021-03-04,3.868169377304097e-06
2018-12-03,3.8536744320428874e-06
2021-09-24,3.840246728824432e-06
2021-06-14,3.833853501155383e-06
2019-09-13,3.829163007343087e-06
2020-10-15,3.817970564979686e-06
2020-04-22,3.806170044039621e-06
2019-08-15,3.7954404189380653e-06
2018-07-03,3.794598955045885e-06
2019-01-30,3.783628158903343e-06
2019-12-09,3.7746092228472206e-06
2018-12-12,3.770810220357104e-06
2019-06-12,3.7702050668052788e-06
2021-09-21,3.756767547523234e-06
2021-03-05,3.7129910283248235e-06
2019-03-11,3.70669779242096e-06
2020-02-18,3.6896650750311514e-06
2019-11-28,3.680568704086871e-06
2019-07-17,3.646515384671877e-06
2019-10-25,3.6452619671173033e-06
2020-08-31,3.6405196609672844e-06
2019-06-07,3.639603913623771e-06
2021-01-15,3.6298167427182915e-06
2021-10-14,3.6232238568612665e-06
2021-03-08,3.618779827633809e-06
2019-02-01,3.6173792440145223e-06
2019-08-21,3.610193564069934e-06
2018-10-23,3.6030952939865232e-06
2019-03-04,3.596617792636071e-06
2019-10-31,3.5831624058847786e-06
2020-06-17,3.581315425132031e-06
2020-04-01,3.580808256245413e-06
2019-06-13,3.5677492043997173e-06
2018-10-09,3.5646919056396468e-06
2019-10-02,3.564046290091749e-06
2020-06-19,3.5308262175544994e-06
2020-06-18,3.5157803417577777e-06
2019-04-10,3.512315927121236e-06
2019-03-28,3.5097927906728196e-06
2018-09-07,3.489321590421141e-06
2021-07-28,3.477792059434936e-06
2019-12-04,3.466771230359336e-06
2020-05-21,3.4637102176378765e-06
2021-10-08,3.432329072694273e-06
2018-07-02,3.4219243909096117e-06
2019-06-20,3.4169978808764152e-06
2018-03-27,3.3866166026390323e-06
2021-03-25,3.3846404375393273e-06
2019-02-06,3.375315446815107e-06
2019-01-24,3.3720448526486753e-06
2020-03-30,3.3509769121425585e-06
2021-06-04,3.3484338986568863e-06
2018-08-30,3.3258550661881214e-06
2020-01-07,3.3244775664194747e-06
2020-08-27,3.308870257520617e-06
2020-10-16,3.286665494612793e-06
2019-10-10,3.256888168694505e-06
2020-01-24,3.256657585475264e-06
2020-07-09,3.2559794861613e-06
2019-12-23,3.237897084613217e-06
2019-03-25,3.2313438430481142e-06
2020-04-17,3.2286188893711238e-06
2021-06-23,3.208112022426241e-06
2021-04-02,3.2070765782738196e-06
2018-05-29,3.2052552302176375e-06
2021-06-09,3.197374633235491e-06
2020-06-22,3.1964770364552357e-06
2018-11-05,3.1876857320352572e-06
2019-03-20,3.179438889652745e-06
2021-10-06,3.1710040461347814e-06
2018-07-06,3.16810366458647e-06
2018-03-29,3.1664857146351525e-06
2018-03-07,3.1599237725361637e-06
2018-11-20,3.1580390934798775e-06
2018-02-22,3.1496672353603256e-06
2020-10-30,3.1393489119796603e-06
2018-03-15,3.1310561228250125e-06
2020-09-08,3.1243346873183125e-06
2019-02-26,3.1223469103211096e-06
2019-09-19,3.111870363871359e-06
2018-11-30,3.1094852150937914e-06
2020-04-27,3.1021726926401775e-06
2018-12-11,3.1015628055224196e-06
2020-12-07,3.1002546998290596e-06
2018-09-27,3.080376080349087e-06
2021-06-16,3.065543803134941e-06
2018-09-26,3.0571213038500575e-06
2020-10-09,3.036962259826835e-06
2021-03-15,3.0307282125960777e-06
2021-09-28,3.028329808736211e-06
2018-11-21,3.0228293786057693e-06
2021-04-13,3.0199037658381138e-06
2020-10-12,3.0119128164348153e-06
2019-10-15,2.976594065861208e-06
2020-08-24,2.972576093661921e-06
2019-11-19,2.9635957804160196e-06
2018-04-13,2.948838380461069e-06
2018-05-02,2.9466065673356598e-06
2019-07-22,2.925643889725946e-06
2021-03-19,2.9037956127827137e-06
2019-04-04,2.9009039803603063e-06
2019-10-23,2.8960775398521444e-06
2021-01-05,2.887973755787828e-06
2018-10-10,2.8571232576558814e-06
2019-09-05,2.8476995095905964e-06
2019-09-11,2.8398251275625e-06
2021-07-05,2.828995788519111e-06
2020-04-24,2.8288503668171093e-06
2019-07-03,2.806718734365723e-06
2020-11-25,2.805291275561449e-06
2020-04-03,2.7989370866100916e-06
2018-09-13,2.7846342959772515e-06
2018-10-22,2.7681492963396872e-06
2021-01-20,2.7585694342133617e-06
2021-06-11,2.7567889314190782e-06
2019-07-12,2.755335056614982e-06
2018-05-28,2.74666807964488e-06
2019-10-01,2.743783600256754e-06
2018-01-12,2.7328289505892093e-06
2019-09-02,2.7264418434680748e-06
2020-09-07,2.726089846949239e-06
2018-09-21,2.718540302971558e-06
2019-08-30,2.7166169399939026e-06
2020-09-01,2.699660279034403e-06
2020-12-02,2.698216219162063e-06
2019-06-11,2.6805134124111184e-06
2021-10-19,2.6766229350322455e-06
2021-03-03,2.6701077717603666e-06
2019-12-17,2.6683532858038343e-06
2019-12-10,2.6225088533326533e-06
2021-06-29,2.6181258260848056e-06
2019-10-09,2.6178848090206094e-06
2019-03-13,2.6052600999598646e-06
2018-07-19,2.6038837748290186e-06
2020-06-30,2.5954397138017198e-06
2018-03-16,2.592811146344711e-06
2019-04-02,2.5924419950130425e-06
2019-01-29,2.585275914560844e-06
2018-09-05,2.5839851850067306e-06
2021-10-25,2.565690411796906e-06
2019-11-29,2.560654675530428e-06
2019-03-12,2.5514586745239854e-06
2019-03-22,2.5440676214968137e-06
2021-04-06,2.533284200739942e-06
2019-01-07,2.525424959278923e-06
2020-03-04,2.5113796249760403e-06
2020-07-21,2.510318784025438e-06
2018-09-20,2.5067846351139748e-06
2020-02-21,2.498721722320767e-06
2021-10-04,2.4816898468731983e-06
2018-02-20,2.4720018040876023e-06
2019-01-31,2.4598213767003757e-06
2018-07-11,2.4571466182364027e-06
2020-08-21,2.4548491884594196e-06
2020-09-15,2.450542967498617e-06
2018-12-17,2.441254467261867e-06
2020-09-10,2.4382166794487134e-06
2018-06-14,2.435651978199091e-06
2021-06-22,2.42911744890182e-06
2018-02-19,2.4250293976803634e-06
2020-07-28,2.4213517689064622e-06
2020-06-10,2.416165975132966e-06
2018-07-26,2.4148774648513862e-06
2021-09-17,2.395093540088239e-06
2019-04-16,2.3905079370451237e-06
2019-08-19,2.3672944181873836e-06
2018-12-19,2.3670045307361738e-06
2018-11-06,2.363630326732343e-06
2019-01-21,2.362972503146082e-06
2021-04-14,2.362264684146284e-06
2018-01-05,2.360445593031416e-06
2019-09-03,2.3583190749063116e-06
2018-10-15,2.3569828821314036e-06
2021-04-27,2.3480794680587655e-06
2018-03-05,2.345412616819115e-06
2019-04-03,2.336992626437328e-06
2020-01-23,2.332825097708585e-06
2021-10-07,2.321307526165712e-06
2018-10-26,2.3148108500258866e-06
2019-03-29,2.2983785577190182e-06
2018-10-04,2.2902347478759444e-06
2021-04-22,2.286312308629528e-06
2018-03-02,2.2742217329589673e-06
2019-04-12,2.273997491244964e-06
2018-08-29,2.2710391423696044e-06
2021-03-31,2.2671867516444e-06
2019-01-08,2.258669435601276e-06
2020-12-30,2.2551561118759957e-06
2018-02-08,2.253207079647674e-06
2020-07-17,2.25002067605047e-06
2021-07-08,2.2489413561902244e-06
2019-06-27,2.2463506831774718e-06
2019-10-24,2.2459134459322736e-06
2019-07-11,2.241401011459534e-06
2019-03-15,2.240860396108909e-06
2019-04-23,2.235494165898413e-06
2019-07-30,2.2223574643306156e-06
2018-03-23,2.2211208316501876e-06
2020-09-23,2.219121887543817e-06
2018-12-13,2.202414305948952e-06
2018-04-02,2.201090464232264e-06
2019-12-12,2.197854085172157e-06
2018-03-26,2.1826635345959727e-06
2020-06-25,2.1789026046555435e-06
2018-12-07,2.1725339127348406e-06
2018-04-09,2.1708247900914986e-06
2020-05-28,2.1636381538360835e-06
2019-08-29,2.1514574614271556e-06
2019-09-25,2.151183526140492e-06
2018-01-26,2.146146998297931e-06
2018-09-06,2.1388874025191196e-06
2018-09-04,2.123135176067522e-06
2018-04-04,2.1200529971613216e-06
2018-05-21,2.1179702650281693e-06
2020-01-10,2.1162059999899893e-06
2021-04-12,2.1098784887068924e-06
2018-11-27,2.107552396417869e-06
2019-12-18,2.0866889301025314e-06
2020-09-16,2.0819185017045527e-06
2020-10-19,2.078462513678618e-06
2018-07-20,2.0754323927894028e-06
2021-01-21,2.0641876104120606e-06
2020-01-09,2.049547025441547e-06
2021-01-26,2.0484332705422505e-06
2021-01-25,2.0357046400853777e-06
2018-06-19,2.026006888441915e-06
2018-03-08,2.024465069908182e-06
2019-01-25,2.0243600902034356e-06
2020-08-19,2.0100501760417597e-06
2019-03-07,2.0080952598847273e-06
2018-10-24,1.9952585309280583e-06
2019-01-09,1.990252913759681e-06
2020-09-17,1.9808494900176703e-06
2018-04-20,1.958022234671051e-06
2018-01-09,1.9545191663872706e-06
2018-04-26,1.951546721104627e-06
2020-10-27,1.9408320698921797e-06
2018-10-18,1.9408173225841563e-06
2018-06-11,1.934287158627324e-06
2021-03-16,1.9156181318972274e-06
2020-11-19,1.9098916512890216e-06
2019-07-09,1.9012087494825434e-06
2020-09-02,1.900195751020226e-06
2020-09-24,1.8945750817383827e-06
2020-01-17,1.8904992074788812e-06
2018-04-10,1.8851964599039872e-06
2021-03-02,1.8831133838113953e-06
2018-03-22,1.8829660503104629e-06
2019-10-28,1.8788931967061557e-06
2019-03-05,1.8763740958737807e-06
2018-08-28,1.8742876838255828e-06
2020-08-17,1.8705218313985432e-06
2019-09-10,1.8649575057749067e-06
2018-03-01,1.857365699400764e-06
2018-02-23,1.8555110235822987e-06
2020-07-22,1.850363450347493e-06
2019-07-16,1.8402844381203124e-06
2019-01-16,1.8282253000457762e-06
2019-07-04,1.8256604710834095e-06
2021-10-20,1.8248029431104875e-06
2018-06-04,1.8245979735309e-06
2018-12-05,1.8220273357770092e-06
2018-01-17,1.8155347957920545e-06
2018-08-24,1.8129821993844201e-06
2018-01-16,1.809622900948326e-06
2018-01-24,1.808950314263615e-06
2020-07-20,1.7937194454348536e-06
2018-06-07,1.7933889075012984e-06
2019-04-05,1.7766438484356118e-06
2021-09-22,1.7681282458421768e-06
2021-01-27,1.7571391458584303e-06
2021-04-26,1.7568964442732696e-06
2021-07-01,1.7392457728136173e-06
2019-01-22,1.7387258450235859e-06
2020-09-03,1.7376863088090183e-06
2020-07-08,1.7361398688791507e-06
2021-09-30,1.7298405737291959e-06
2018-02-07,1.7218182682909943e-06
2018-01-15,1.7122590979658412e-06
2021-06-07,1.710686711365436e-06
2021-01-22,1.7001701433235696e-06
2019-01-18,1.6999428687003005e-06
2021-01-14,1.6844274381384972e-06
2020-12-10,1.6824513187819374e-06
2020-10-06,1.6774913561674637e-06
2019-08-23,1.6762772560740131e-06
2020-01-08,1.6717310973858725e-06
2018-07-04,1.6696173335835773e-06
2018-10-12,1.6572670031792833e-06
2018-10-03,1.6520369240995854e-06
2021-01-08,1.6479580400213768e-06
2021-06-30,1.6407462908317375e-06
2020-01-29,1.6402291560274852e-06
2019-10-07,1.6384419381129958e-06
2018-03-13,1.6380360684697848e-06
2018-09-28,1.6308363142656271e-06
2021-10-12,1.6093834262068541e-06
2019-03-19,1.6086922741827813e-06
2020-01-06,1.595594858755945e-06
2018-03-28,1.5955932159678072e-06
2021-03-11,1.5916941671532264e-06
2018-10-17,1.5916873636565765e-06
2020-04-10,1.5905722184153783e-06
2020-01-20,1.5855912788506811e-06
2021-07-09,1.5717053379905448e-06
2019-04-19,1.5705217557697339e-06
2020-09-04,1.5464135065378441e-06
2019-09-06,1.5463227503820776e-06
2021-01-13,1.541841282840334e-06
2019-08-20,1.5368571454921384e-06
2020-10-29,1.5367698323780154e-06
2019-12-06,1.5352947138658866e-06
2019-10-18,1.5322077200995145e-06
2019-12-20,1.5260834427010387e-06
2021-04-20,1.5253546284087997e-06
2018-10-05,1.524572215961395e-06
2018-07-18,1.5183774446792008e-06
2020-08-25,1.5149077441568409e-06
2021-09-29,1.5126084361976492e-06
2018-06-06,1.4927224172118228e-06
2018-03-09,1.4906707658317933e-06
2018-04-06,1.478247293310203e-06
2021-07-06,1.464283022513909e-06
2021-10-05,1.4578983351479763e-06
2019-06-28,1.4539608500000898e-06
2018-12-06,1.448730254175188e-06
2018-04-12,1.4410842374646752e-06
2020-07-14,1.423126876762224e-06
2021-10-22,1.4223323545018522e-06
2021-06-03,1.4191945761402794e-06
2021-04-21,1.4118481486756368e-06
2018-12-18,1.406005214322285e-06
2021-03-26,1.4031167434892376e-06
2019-06-24,1.3973013597876226e-06
2020-08-26,1.3900458826168922e-06
2021-10-21,1.3840242800075487e-06
2020-12-16,1.38277765587632e-06
2018-01-22,1.371733779903375e-06
2019-01-28,1.3703500657609215e-06
2018-04-11,1.3604481549249772e-06
2019-06-18,1.3410145483042043e-06
2020-07-07,1.338438358069819e-06
2021-07-12,1.3364231362670687e-06
2019-09-12,1.330367693852961e-06
2019-10-11,1.3198993227577071e-06
2019-01-10,1.3192861703659051e-06
2018-02-16,1.3122638750712118e-06
2019-08-16,1.2952672726029782e-06
2019-03-14,1.2929526823755755e-06
2018-02-21,1.2898182906706684e-06
2019-07-19,1.286899949705774e-06
2019-09-26,1.2753458681702026e-06
2018-07-23,1.2725596614522662e-06
2019-06-14,1.2638440337028254e-06
2018-07-17,1.2399787569119705e-06
2020-01-16,1.239783155167887e-06
2018-04-24,1.2310294737954512e-06
2018-11-26,1.228560708789157e-06
2019-12-24,1.2275555383846607e-06
2018-12-14,1.2253590724007666e-06
2019-07-10,1.2249362802758903e-06
2019-12-02,1.2010597521366829e-06
2019-12-25,1.195974417458071e-06
2019-12-26,1.1856655785547884e-06
2019-01-17,1.1846598753827305e-06
2019-12-05,1.180385682569113e-06
2021-04-09,1.177923434465156e-06
2021-06-21,1.1715487226658757e-06
2018-07-25,1.1682730149928457e-06
2018-09-19,1.1590030027605152e-06
2018-11-29,1.156743875807524e-06
2021-07-07,1.1498912858045511e-06
2019-07-24,1.147779463232974e-06
2021-01-18,1.1391144282070613e-06
2021-04-23,1.1358329380658884e-06
2018-06-08,1.1309549855432811e-06
2019-09-24,1.12689979841406e-06
2018-06-12,1.1194507813303724e-06
2020-06-24,1.1139851677645547e-06
2021-10-26,1.1069586580682816e-06
2019-04-01,1.0999590387520294e-06
2019-09-17,1.0895004307114223e-06
2019-10-03,1.0877395691693844e-06
2019-09-30,1.0805263283771118e-06
2021-07-14,1.0719765125588567e-06
2018-06-29,1.053206529867663e-06
2021-06-24,1.0493176577752575e-06
2020-03-03,1.0413952662285948e-06
2020-01-15,1.0345541051517657e-06
2020-07-16,1.026810589980619e-06
2018-02-28,1.0047641666769963e-06
2018-10-02,9.953906814359452e-07
2020-01-21,9.895434145152056e-07
2019-07-08,9.81067175959494e-07
2019-11-25,9.788760412229669e-07
2021-10-11,9.752657159472385e-07
2020-06-23,9.489390139262568e-07
2018-06-05,9.471535568990123e-07
2021-09-16,9.462052964508066e-07
2019-12-16,9.405013805596951e-07
2018-06-20,9.361004554225668e-07
2018-01-25,9.35659374651436e-07
2018-09-03,9.279997218606246e-07
2018-09-14,8.827750960032604e-07
2021-06-28,8.572503978883224e-07
2021-06-25,8.570218916971306e-07
2019-07-05,8.549850496877421e-07
2018-04-17,8.529539949405957e-07
2019-09-20,8.435937414060283e-07
2019-11-22,8.420803249221953e-07
2019-10-08,8.336350975145863e-07
2020-10-23,8.21236378670839e-07
2018-12-04,8.118454580967024e-07
2019-06-26,7.821449301239181e-07
2019-09-18,7.731416856601131e-07
2017-12-29,7.70659772744647e-07
2019-04-08,7.608733501762917e-07
2019-10-17,7.5426549173311e-07
2018-01-18,7.170128895217301e-07
2018-08-31,6.643344546426187e-07
2018-03-14,6.397674966461257e-07
2019-07-02,6.227952028175461e-07
2018-02-27,5.643476932199923e-07
2018-01-19,5.538398970253236e-07
2019-09-04,5.278237906209603e-07
2019-10-04,5.068028451970115e-07
2021-07-02,5.002149801768978e-07
2021-04-07,4.6511582889969455e-07
2019-07-23,3.319640520162917e-07
