Date,ValidationYear,StocksRanked,SelectedMissingTargets,OfficialDailySpread,RankIC,ForecastMSE,FallbackStocks,SelectedFallbackStocks
2017-12-29,2018,1896,0,0.3273582830641389,0.0023845584173243974,0.00034147649780313916,29,0
2018-01-04,2018,1896,0,0.008395461969925874,-0.013777574602235469,0.00045028341086260294,29,0
2018-01-05,2018,1896,0,-0.460826978444787,-0.029877588966564905,0.00039285203900340534,29,0
2018-01-09,2018,1896,0,-0.8760149192557202,-0.03250404932267042,0.00040012606328309025,29,0
2018-01-10,2018,1896,0,-0.8663289073103356,-0.03436836045624842,0.0005828237262363184,29,0
2018-01-11,2018,1896,0,0.8461113544860733,0.05823461597615705,0.0004975155541067581,29,0
2018-01-12,2018,1896,0,0.43367609244421595,-0.027773581470489205,0.00040051063036189975,29,0
2018-01-15,2018,1896,0,-0.18007371949036136,-0.010377838376403053,0.0003874894278608455,29,0
2018-01-16,2018,1896,0,0.5636309269969152,0.03215929290571191,0.0003715925117966473,29,0
2018-01-17,2018,1896,0,1.0890399488938083,0.03361570281700412,0.00033566735202666536,29,0
2018-01-18,2018,1896,0,0.06756288686361422,-0.012556515716734695,0.00046351443767205295,29,0
2018-01-19,2018,1896,0,0.020855658172358755,-0.015244936671915541,0.00042848169751024496,29,0
2018-01-22,2018,1896,0,0.24375858097188927,0.0374027039670305,0.00035171651847085237,29,0
2018-01-23,2018,1896,0,0.6816291772416063,0.05217159766007252,0.00029336396915141726,29,0
2018-01-24,2018,1896,0,0.579352840762501,0.015534834316356815,0.0003447421382331868,29,0
2018-01-25,2018,1896,0,-0.8468720479852596,-0.03861827789039826,0.0004325621321471535,29,0
2018-01-26,2018,1896,0,-0.07740947561523548,-0.012483604553526616,0.0005148990742182542,29,0
2018-01-29,2018,1896,0,-0.25112851908017547,0.024378528754227503,0.0006573308497089607,29,0
2018-01-30,2018,1896,0,0.7452499032282732,0.03228397804793101,0.0010857624302359978,29,0
2018-01-31,2018,1896,0,-0.13237268917286013,0.020169561492665914,0.00046476406803868937,29,0
2018-02-01,2018,1896,0,-0.5492825429898526,-0.002885944672264184,0.0011357679841202295,29,0
2018-02-02,2018,1896,0,-0.4389040939334687,-0.006527297077079023,0.00432070590686457,29,0
2018-02-05,2018,1896,0,-0.1259394212254701,-0.02415486830128403,0.0006536739854171988,29,0
2018-02-06,2018,1896,0,0.5416393024557161,0.015528497101037122,0.0009601000560926419,29,0
2018-02-07,2018,1896,0,-0.618500335780863,-0.00895876504696417,0.0011121817177933114,29,0
2018-02-08,2018,1896,0,-1.2824161690957325,-0.026960783268565932,0.0012582299888475726,29,0
2018-02-09,2018,1896,0,-0.9049175035671956,-0.0643334577357983,0.0011833648248164067,29,0
2018-02-13,2018,1896,0,-1.5047819368604394,-0.06270950763712047,0.0011812956761113706,29,0
2018-02-14,2018,1896,0,0.4314375738894327,0.015184235002279773,0.0007941051106509661,29,0
2018-02-15,2018,1896,0,-0.8566501597322945,0.0034200195557403078,0.001290614032486748,29,0
2018-02-16,2018,1896,0,-0.3112252561084669,-0.005343589734453838,0.00039361139400791677,29,0
2018-02-19,2018,1896,0,-0.6055479322820276,0.019608029144361407,0.0005252180875156433,29,0
2018-02-20,2018,1896,0,-0.12626953955402698,0.0020185371275506176,0.0004466136266069535,29,0
2018-02-21,2018,1896,0,-0.26616705132088175,-0.02839429950126987,0.0005041813092699269,29,0
2018-02-22,2018,1896,0,0.5557701147055347,0.037208989226053604,0.0004484462366831724,29,0
2018-02-23,2018,1896,0,-0.26876946245925987,-0.04511695897521469,0.0004078800568096951,29,0
2018-02-26,2018,1896,0,0.4909531268130502,0.010374362694482076,0.0004470443165682858,29,0
2018-02-27,2018,1896,0,0.3625911307125372,0.04568325288319439,0.0005645881617015453,29,0
2018-02-28,2018,1896,0,-0.4429995341731428,-0.004168865863856573,0.0005502038775250377,29,0
2018-03-01,2018,1896,0,0.2478285830286199,0.018566020427388023,0.0009058086665938256,29,0
2018-03-02,2018,1896,0,0.47298171588068055,0.020049569679551505,0.0008226602060966603,29,0
2018-03-05,2018,1896,0,0.5048335207986284,0.025437132412180517,0.00045464951440620123,29,0
2018-03-06,2018,1896,0,0.7870950092043981,0.037502699192754736,0.0004254285668079951,29,0
2018-03-07,2018,1896,0,-0.5774174101032977,-0.016529672730683183,0.00048196764247253093,29,0
2018-03-08,2018,1896,0,0.4236590876501308,0.054858277807289094,0.0006479502720567361,29,0
2018-03-09,2018,1896,0,-0.18605159350983058,-0.02034388709974767,0.0005191012138900959,29,0
2018-03-12,2018,1896,0,0.32679257316388255,-0.006448411996111343,0.0004368933848355799,29,0
2018-03-13,2018,1896,0,-0.19073274077791771,0.014194486037950529,0.0004039890771275195,29,0
2018-03-14,2018,1896,0,0.12961897736344952,-0.013600226056558697,0.00044306511681011353,29,0
2018-03-15,2018,1896,0,-0.06394546577190674,0.0056581175391673755,0.0005810757848141591,29,0
2018-03-16,2018,1897,0,0.6319885710637329,0.05860493667658176,0.000333781219835483,30,0
2018-03-19,2018,1897,0,-0.27068020863666337,-0.029398625732502147,0.000494787635259715,30,0
2018-03-20,2018,1897,0,0.2854176599834564,0.014634912341175916,0.0017991540981428184,30,0
2018-03-22,2018,1898,0,-0.05612739503328982,-0.0031899767909017267,0.00041545085280394935,31,0
2018-03-23,2018,1900,0,-0.17005126687291158,-0.0106252536885169,0.0011131450600358648,33,0
2018-03-26,2018,1900,0,0.140275808456115,0.004682339782356422,0.0006326007938452534,33,0
2018-03-27,2018,1901,0,-0.07942502191616185,-0.01293259655245059,0.0005059442557382222,34,0
2018-03-28,2018,1901,0,-0.21693123329262973,-0.0040850709730511706,0.0005109077462326409,34,0
2018-03-29,2018,1901,0,0.6645216306261026,0.0478101491819494,0.00042723971647318324,34,0
2018-03-30,2018,1901,0,0.5922361219417741,0.03150629154044342,0.00042831180342918214,34,0
2018-04-02,2018,1902,0,-0.4583540782195557,0.006718229228863236,0.0005819837532299549,35,0
2018-04-03,2018,1902,0,0.03889338407326696,-0.012208999400279774,0.000475887049545958,35,0
2018-04-04,2018,1902,0,-0.6505823053882088,-0.009634260751313293,0.0005258244642419019,35,0
2018-04-05,2018,1902,0,-0.20120768460626362,0.0013747858339424484,0.0004739829019891032,35,0
2018-04-06,2018,1902,0,0.767985510290745,0.01952535379595917,0.00045368735132601346,35,0
2018-04-09,2018,1902,0,-0.3251078179986899,0.01437807382835328,0.0006087721629527815,35,0
2018-04-10,2018,1902,0,-0.010949158296706804,0.01413276782071542,0.0004326502254530304,35,0
2018-04-11,2018,1902,0,0.22081334263464272,-0.007634048543089191,0.0005364272201008756,35,0
2018-04-12,2018,1902,0,0.6119097992941757,-0.002319412411533755,0.0007413029144209168,35,0
2018-04-13,2018,1902,0,-0.49351129767665886,-0.032189569832127514,0.00048519534551788693,35,0
2018-04-16,2018,1902,0,-0.22418447968496125,-0.015421994435224068,0.0006152456100946349,35,0
2018-04-17,2018,1902,0,0.7007573045409353,0.014113435635864126,0.00046850482427671986,35,0
2018-04-18,2018,1902,0,-0.01763698259235828,-0.05403110820658525,0.00037074069644220945,35,0
2018-04-19,2018,1902,0,-0.06456134432704423,-0.027633311711278623,0.00048617327254616777,35,0
2018-04-20,2018,1903,0,-0.2468471690631553,0.018696546009785202,0.00046725192098692997,36,0
2018-04-23,2018,1903,0,0.0006909249604529025,-0.0474352520257612,0.00045712251477303953,36,0
2018-04-24,2018,1903,0,0.5627950681554416,0.01834837707272438,0.0005024548893641952,36,0
2018-04-25,2018,1903,0,-0.04312652568587738,0.03666128069215483,0.0006566674458073359,36,0
2018-04-26,2018,1903,0,-0.6135515825451751,-0.03860524020519567,0.0008448048996484755,36,0
2018-04-27,2018,1903,0,-0.17718948708364227,-0.03465589810644931,0.000450233633007804,36,0
2018-05-01,2018,1903,0,-1.2002592995896701,-0.05022209574534213,0.0006024309859274656,36,0
2018-05-02,2018,1903,0,0.011465550551899165,0.0013912098208037342,0.0005751794590696012,36,0
2018-05-07,2018,1903,0,-0.14646773208352584,-0.02381621043786151,0.0007881115472113777,36,0
2018-05-08,2018,1903,0,1.2611011830223948,0.019864691645315163,0.0008738823366725331,36,0
2018-05-09,2018,1903,0,-1.1456486327798807,-0.027220694329433907,0.0009784216847067704,36,0
2018-05-10,2018,1903,0,0.36220780307150857,0.015775623771267722,0.0011707318823470881,36,0
2018-05-11,2018,1903,0,1.064126610036625,0.014380055674776139,0.0008175336493774286,36,0
2018-05-14,2018,1903,0,-0.5556298458885136,0.012651691052284156,0.0007649716171907792,36,0
2018-05-15,2018,1903,0,-0.36635375250331376,-4.135691286997844e-06,0.0005446773409393483,36,0
2018-05-16,2018,1903,0,-0.377722093281377,0.022965977461656923,0.0004567840447674783,36,0
2018-05-17,2018,1903,0,-0.7046729566817378,0.002107927882715363,0.000526071443807583,36,0
2018-05-18,2018,1903,0,-0.054844759743996295,0.00028579753855727995,0.00035501000767507006,36,0
2018-05-21,2018,1903,0,-0.6363208331060626,-0.04732199666515894,0.000456775082155703,36,0
2018-05-22,2018,1903,0,0.43952666168232063,0.05704138599835689,0.000469537508382886,36,0
2018-05-23,2018,1903,0,-0.11113400207644937,-0.003376142479435049,0.00040318274479366335,36,0
2018-05-24,2018,1903,0,-0.28237067496084106,-0.0254104236325685,0.0005159374695349809,36,0
2018-05-25,2018,1903,0,0.06924652869746357,0.00974938629435353,0.0004234045801266659,36,0
2018-05-28,2018,1903,0,0.06629965207563959,-0.00423514993308049,0.0005391676196007642,36,0
2018-05-29,2018,1903,0,-0.32354548076146533,-0.005444980171723411,0.0005420736182925316,36,0
2018-05-30,2018,1903,0,0.24638988000321363,-0.0033310020826542498,0.0005097960670933278,36,0
2018-05-31,2018,1904,0,0.24576670339982729,0.003524203421134216,0.0007276652585647339,37,0
2018-06-01,2018,1904,0,-0.2367062718784334,-0.014560310913951173,0.0004932280091592862,37,0
2018-06-04,2018,1904,0,0.8209386496012351,0.045169460069136406,0.0004686431592042411,37,0
2018-06-05,2018,1904,0,-0.6421175948453731,-0.023400602418753396,0.0005597810169295787,37,0
2018-06-06,2018,1904,0,0.16856359252711348,0.017695138757756065,0.0004417111920141983,37,0
2018-06-07,2018,1904,0,0.8383583508042626,-0.0062085956176386806,0.00047209658071522225,37,0
2018-06-08,2018,1904,0,0.11306600059565704,-0.02098386295073059,0.0004008705445272196,37,0
2018-06-11,2018,1904,0,-0.2680092945667069,-0.0370347268269382,0.0005175287902061255,37,0
2018-06-12,2018,1904,0,0.5947504010028256,0.017758939219785042,0.0004360979831240513,37,0
2018-06-13,2018,1904,0,-0.934869678487125,-0.04952368633483608,0.0005453454997052774,37,0
2018-06-14,2018,1904,0,-0.16553863593461463,-0.01362398181053682,0.0005781683567719388,37,0
2018-06-15,2018,1904,0,-0.15976679265905958,0.007340125264472651,0.0007146027100361209,37,0
2018-06-18,2018,1904,0,-0.33728104770919565,-0.011830727275806441,0.00044237819675576885,37,0
2018-06-19,2018,1905,0,-0.7089260191964387,-0.006802815491021526,0.0004933196870005502,38,0
2018-06-20,2018,1905,0,-0.7259134488167653,-0.01153965704531013,0.0005961326307320496,38,0
2018-06-21,2018,1906,0,0.15521957643463935,-0.006630728979935001,0.0008494949542350314,39,0
2018-06-22,2018,1907,0,-0.049570443937979415,-0.03238182168974363,0.000534591740403272,40,0
2018-06-25,2018,1907,0,0.22261457283277405,-0.020136962759690992,0.0006151162783126115,40,0
2018-06-26,2018,1908,0,0.729391470750718,0.025623302645689603,0.00047828158839879984,41,0
2018-06-27,2018,1909,0,0.572270512552376,0.04442548237370997,0.0004560495078630585,42,0
2018-06-28,2018,1909,0,0.6264408703939797,0.01676831561960073,0.0010770237525115998,42,0
2018-06-29,2018,1910,0,-0.8560455748185148,-0.05163433164399195,0.0005519897565984137,43,0
2018-07-02,2018,1910,0,-0.09281105685771325,-0.007880775979976795,0.0005748828751452807,43,0
2018-07-03,2018,1910,0,0.33882487970319275,0.02514618812752756,0.0008747483620206372,43,0
2018-07-04,2018,1910,0,-0.5880184592080138,-0.007570280943658585,0.0009177256553851273,43,0
2018-07-05,2018,1910,0,-0.22652060195379953,-0.03327349996742242,0.0009193488439409209,43,0
2018-07-06,2018,1910,0,0.5099744105744678,0.022096607686769087,0.0005570174698214315,43,0
2018-07-09,2018,1910,0,0.18506825955631948,-0.0028663645543677346,0.0005579356738075104,43,0
2018-07-10,2018,1911,0,-0.18121387455688298,-0.036594048752371884,0.0005259031248305368,44,0
2018-07-11,2018,1911,0,0.9177957292039837,0.042764561002945234,0.0006639887305436171,44,0
2018-07-12,2018,1911,0,-0.38813556810026223,-0.008407203047830693,0.0008390273619412189,44,0
2018-07-13,2018,1911,0,-0.11232166600366018,-0.00985391265048541,0.0005361687623634424,44,0
2018-07-17,2018,1911,0,0.05267014529664177,0.05340690768607388,0.00047263758864793225,44,0
2018-07-18,2018,1911,0,-0.7907135719567826,-0.005180156992059905,0.0005032118072523319,44,0
2018-07-19,2018,1911,0,1.018218390779445,0.023162368513153713,0.00048447870892644445,44,0
2018-07-20,2018,1911,0,0.3179228327442978,0.00698213561753643,0.0004540854509398541,44,0
2018-07-23,2018,1912,0,0.24227543085599468,0.027179598506842515,0.0005039696804326144,45,0
2018-07-24,2018,1912,0,-0.31335802139633095,0.0032840554563424254,0.0005779339445186836,45,0
2018-07-25,2018,1913,0,0.4017018228234419,0.001200022102272813,0.0005135249811163393,46,0
2018-07-26,2018,1913,0,0.9962101222398898,0.04209347563842249,0.0008320050448209365,46,0
2018-07-27,2018,1913,0,0.5099786584908368,0.006561065272210084,0.000873488251790009,46,0
2018-07-30,2018,1913,0,0.3361443203679624,-0.028689010287847785,0.0010124884029060642,46,0
2018-07-31,2018,1913,0,-0.7680632014991645,-0.012995878387566674,0.0006995969942803379,46,0
2018-08-01,2018,1913,0,0.4251420060533766,0.020791964735546613,0.0008220971496180718,46,0
2018-08-02,2018,1913,0,-0.12251092329261848,0.02576811059340218,0.0009233480489785925,46,0
2018-08-03,2018,1913,0,0.6462414287665256,0.027298899281463614,0.0007855031781366375,46,0
2018-08-06,2018,1913,0,0.855949667672791,0.02795150229251278,0.0008931593161398267,46,0
2018-08-07,2018,1913,0,0.13519103303298952,0.031035144019681975,0.000825849723350002,46,0
2018-08-08,2018,1913,0,-0.01680204300080342,-0.017764827613811623,0.0011670992030860597,46,0
2018-08-09,2018,1913,0,-0.5874445095921867,-0.012670924555526777,0.001608044575039098,46,0
2018-08-10,2018,1913,0,-0.7066565276735007,-0.07100657456906068,0.0010379282938107238,46,0
2018-08-13,2018,1913,0,-0.05819151767410732,-0.006670063524572913,0.000760013888802904,46,0
2018-08-14,2018,1913,0,-0.23544418299236133,0.03051466677264466,0.0007562268665785496,46,0
2018-08-15,2018,1913,0,0.27886221110838844,0.00026646043035887505,0.0005423579749328273,46,0
2018-08-16,2018,1913,0,0.6131428052532298,0.024753771455141148,0.0005589039429365924,46,0
2018-08-17,2018,1913,0,0.7535798852270686,0.03114620431243594,0.0005305449091923581,46,0
2018-08-20,2018,1913,0,-0.6392731505847961,-0.011420220362859754,0.0007811626309782444,46,0
2018-08-21,2018,1913,0,-0.08174359402666849,-0.027974571494243906,0.0005970332095985224,46,0
2018-08-22,2018,1913,0,-0.027753886380668114,-0.01582308219466549,0.000511397207148217,46,0
2018-08-23,2018,1913,0,-0.25517579251686584,-0.01853497362021999,0.0007323592207007797,46,0
2018-08-24,2018,1913,0,0.1315844433450428,0.0014098187664143746,0.00047653295728575045,46,0
2018-08-27,2018,1913,0,-0.9649904975491905,-0.05685364117760407,0.0006261679370070014,46,0
2018-08-28,2018,1913,0,-0.08570957107776127,0.014754367584401282,0.0005705152383112062,46,0
2018-08-29,2018,1913,0,-0.23643945436325584,-0.05127792636488551,0.00047226741712840214,46,0
2018-08-30,2018,1913,0,-0.16694412962880664,0.009929733427188173,0.0007330083229000586,46,0
2018-08-31,2018,1913,0,0.18530730587322478,-0.01927171637247656,0.0005129233141685524,46,0
2018-09-03,2018,1913,0,-1.0139365431455705,-0.038216942571554384,0.000577319891949959,46,0
2018-09-04,2018,1913,0,-0.8783342334484775,-0.03019573358356375,0.0007212216600860964,46,0
2018-09-05,2018,1913,0,0.18024841602409847,0.013621683209493049,0.0005603183553416276,46,0
2018-09-06,2018,1913,0,0.37877000790549326,-0.028912728821847797,0.0006016035720782104,46,0
2018-09-07,2018,1913,0,0.5589330272898738,-0.0027860412833812394,0.0005464088238029254,46,0
2018-09-10,2018,1913,0,-0.08351111969804077,-0.010079162881841542,0.0006581784215701213,46,0
2018-09-11,2018,1913,0,-0.2098823713641497,0.0010229877903302274,0.0006275658406701856,46,0
2018-09-12,2018,1913,0,-0.009535009562879301,0.008379989327502549,0.0008763501802923231,46,0
2018-09-13,2018,1913,0,0.2946431044969981,-0.0031108101303822084,0.0010537594077683103,46,0
2018-09-14,2018,1913,0,-0.4213429291533342,-0.018522833532395557,0.0009119495776901454,46,0
2018-09-18,2018,1913,0,-0.615571385384413,0.022768447699847823,0.0005454929099142123,46,0
2018-09-19,2018,1913,0,0.6523200642907891,-0.003366724125215916,0.000735758827204463,46,0
2018-09-20,2018,1913,0,0.23602528812308363,0.01617124208773746,0.0008553999303099456,47,0
2018-09-21,2018,1914,0,-0.35017744797484696,-0.02752335055301493,0.0006780550467579625,48,0
2018-09-25,2018,1915,0,-0.40229865383125823,0.01305927726787902,0.0007270845052082346,48,0
2018-09-26,2018,1915,0,0.39068592326083795,0.021646289948543944,0.0005537750731043153,48,0
2018-09-27,2018,1916,0,0.2266917689279573,0.015261052668522235,0.000558204627843312,49,0
2018-09-28,2018,1917,0,-0.05824766850088029,0.02829033720606543,0.0005662391436633942,50,0
2018-10-01,2018,1920,0,-0.0454968169178415,0.0029362684824874147,0.0006462432640350474,53,0
2018-10-02,2018,1920,0,0.7834533445532835,0.031170586518171593,0.0004781335872832291,53,0
2018-10-03,2018,1920,0,-0.5377647414066965,-0.031421566982239336,0.0006562181094277021,53,0
2018-10-04,2018,1920,0,-0.1279582754700043,-0.019101181654822465,0.0010036290403902845,53,0
2018-10-05,2018,1920,0,-1.2716872082172046,-0.049238001813695115,0.0007271011750845768,53,0
2018-10-09,2018,1920,0,0.05042135810070766,0.033964111225268205,0.0018495804866032162,53,0
2018-10-10,2018,1920,0,0.46462850998970023,-0.011903151054833356,0.0008557634460639229,53,0
2018-10-11,2018,1920,0,1.692784428455484,0.05530645052038611,0.0007887914591814933,53,0
2018-10-12,2018,1920,0,-0.4889471137776174,-0.003556105299150471,0.0006633074307379727,53,0
2018-10-15,2018,1920,0,0.6732099575084624,0.008185443773615719,0.0009431114609108379,53,0
2018-10-16,2018,1920,0,0.12840436069652306,-0.010368238892369838,0.0006020288243460203,53,0
2018-10-17,2018,1920,0,0.2316023106659905,-0.008167553055771314,0.0005242904108661128,53,0
2018-10-18,2018,1920,0,0.3071229758391743,0.01760704707071714,0.0005454092925466364,53,0
2018-10-19,2018,1921,0,-0.010478893049788477,0.003778145335777807,0.0011219327712826894,54,0
2018-10-22,2018,1921,0,-0.37344435325989606,-0.025550955768506627,0.0006511152130603125,54,0
2018-10-23,2018,1921,0,0.3697061485645439,0.008956348746545809,0.00220729926415198,54,0
2018-10-24,2018,1921,0,0.8482068454271771,0.019052409010421774,0.0009401773625774534,54,0
2018-10-25,2018,1921,0,-1.0955664871173563,0.0017267775837723673,0.0014156978530929893,54,0
2018-10-26,2018,1921,0,-0.7776064052566625,-0.004842838318284479,0.0017551144088753118,54,0
2018-10-29,2018,1921,0,-0.7527033326378962,-0.01461394390246368,0.0019440118522707766,54,0
2018-10-30,2018,1921,0,0.22886220450671213,-1.2074036718567977e-05,0.0014757197038272134,54,0
2018-10-31,2018,1921,0,-0.6371281396925337,0.0101525120153225,0.0012622195098671728,54,0
2018-11-01,2018,1921,0,0.4249562826709868,0.01387456984740677,0.0008371995451655828,54,0
2018-11-02,2018,1921,0,-0.16741759429608197,-0.030822055479571116,0.0008715947074169164,54,0
2018-11-05,2018,1921,0,0.946710847509438,0.011621856538295859,0.0008644593556571582,54,0
2018-11-06,2018,1921,0,-0.769173891977769,0.003243280952171283,0.001234246350711685,54,0
2018-11-07,2018,1921,0,-0.8111393038724722,-0.019684337426860064,0.0010248583052725451,54,0
2018-11-08,2018,1921,0,0.4748297345694592,0.06751048944656021,0.0013033975702375325,54,0
2018-11-09,2018,1921,0,-0.5279319797451212,-0.024074347392205545,0.0011773635647037161,54,0
2018-11-12,2018,1921,0,-0.20994351010378823,0.01927472889820395,0.0010877462000290616,54,0
2018-11-13,2018,1921,0,0.597717888930148,0.0009040412446181918,0.0009571730189598738,54,0
2018-11-14,2018,1921,0,0.6127991070678652,0.016124065539090494,0.0008824046563748201,54,0
2018-11-15,2018,1921,0,-0.4062263973974307,-0.02948457125526892,0.0008258075257579287,54,0
2018-11-16,2018,1921,0,0.40661478766361014,0.010737673865163316,0.0008018581472393932,54,0
2018-11-19,2018,1921,0,-0.17007967630977938,0.011163110392477164,0.0006454310912002968,54,0
2018-11-20,2018,1921,0,-0.18759205534969725,-0.047392853335952806,0.0006835684119728801,54,0
2018-11-21,2018,1921,0,0.6641280590091273,-0.0025332945709052933,0.0006662762519187979,54,0
2018-11-22,2018,1921,0,0.005428052131793611,-0.016079780848208457,0.0006877469913162597,54,0
2018-11-26,2018,1921,0,-0.47899507827503945,-0.009544998428836854,0.0008055579174748481,54,0
2018-11-27,2018,1921,0,-0.016972928244388896,-0.007449357311969644,0.0006955739473574757,54,0
2018-11-28,2018,1922,0,0.5454621297217236,0.04279741790473787,0.0006703127801802287,55,0
2018-11-29,2018,1922,0,0.39707250082681195,-0.003173706497218177,0.0007484734938695779,55,0
2018-11-30,2018,1922,0,-0.48898406729943805,-0.020459031158045954,0.0010495377038733744,55,0
2018-12-03,2018,1922,0,-0.1680929724725949,-0.02028878217346425,0.0006917874418038459,55,0
2018-12-04,2018,1922,0,0.6803363195416487,0.02532948918501451,0.0009600334246206883,55,0
2018-12-05,2018,1922,0,-0.09980982159170589,-0.0348489328706732,0.0007162228330327834,55,0
2018-12-06,2018,1922,0,-0.6633045942012181,0.010763243760179253,0.001300737041485379,55,0
2018-12-07,2018,1922,0,-0.31950473471021407,-0.03914958272135616,0.00105300303678761,55,0
2018-12-10,2018,1922,0,0.34064669071461456,0.010598382578599186,0.0011412068168530187,55,0
2018-12-11,2018,1922,0,-0.4906143429709129,-0.05750826866088116,0.0008707657327518078,55,0
2018-12-12,2018,1923,0,1.2974519989943645,0.02494494281910336,0.001027296345707861,56,0
2018-12-13,2018,1924,0,-0.14587144817115258,-0.013473829011053637,0.0009525030583430328,57,0
2018-12-14,2018,1923,0,0.43958411012921655,0.021887856145902367,0.0014814798289783531,57,0
2018-12-17,2018,1923,0,-0.023694637026416682,-0.01202588902926787,0.0007918097645322926,57,0
2018-12-18,2018,1923,0,0.6708939083003193,-0.009257102787567834,0.0019995306795221445,57,0
2018-12-19,2018,1925,0,-0.049661510274067545,-0.04610454051050239,0.0016498495586509752,59,0
2018-12-20,2018,1925,0,-0.6703443350991449,0.010285188285471631,0.004371707358915078,59,0
2018-12-21,2018,1928,0,-0.2155422886592646,-0.005787153590175249,0.0016707298394517459,62,0
2018-12-25,2018,1929,0,-0.6256655865797546,-0.02901050461916567,0.004800088645061729,63,0
2018-12-26,2018,1929,0,0.7261690378676523,0.029072792952144783,0.0010010138093396158,63,0
2018-12-27,2018,1929,0,-0.3825940396432313,-0.042728592357216655,0.001505964870482863,63,0
2018-12-28,2019,1930,0,1.3881630383349446,0.08842608673647762,0.0014773505372790458,27,0
2019-01-04,2019,1930,0,1.0886285131249087,0.09029315819437493,0.0005593447207541402,27,0
2019-01-07,2019,1930,0,0.2550147554472335,0.02217426890253984,0.0005711449577166587,27,0
2019-01-08,2019,1930,0,-0.4779123506814562,0.017973123638275045,0.0006227228656541063,27,0
2019-01-09,2019,1930,0,0.5762670991195643,0.0031025918743455075,0.0005419654150205769,27,0
2019-01-10,2019,1930,0,0.0077516068313687,0.022138880805754654,0.0007657239773909369,27,0
2019-01-11,2019,1930,0,0.16368016155963602,0.016092056673307494,0.0005273743355172715,27,0
2019-01-15,2019,1930,0,-0.6034828746467609,0.02399535994918301,0.0005077043949459856,27,0
2019-01-16,2019,1930,0,0.03743372797413672,0.013015321626742309,0.000552303626103397,27,0
2019-01-17,2019,1929,0,-0.350503701880261,-0.02360435761450957,0.0005402370286946937,27,0
2019-01-18,2019,1929,0,0.3187357906281368,0.04073860825865864,0.00040104388707604545,27,0
2019-01-21,2019,1929,0,0.06661732482959841,0.00718710576743015,0.00043310152242683234,27,0
2019-01-22,2019,1929,0,0.17985956637605258,-0.017062192885558075,0.0004898178997223408,27,0
2019-01-23,2019,1929,0,0.3103764217839646,0.0188948803867972,0.0005108283751125057,27,0
2019-01-24,2019,1929,0,1.0686766829958347,0.025649066456864773,0.00047059887408000734,27,0
2019-01-25,2019,1929,0,-0.8511720314423972,-0.01727651821719306,0.0004635995853625982,27,0
2019-01-28,2019,1929,0,0.19205350480646466,0.0009090790346318699,0.0008026212275078484,27,0
2019-01-29,2019,1929,0,-0.0634965646324428,0.03420260813642678,0.0008699669283084861,27,0
2019-01-30,2019,1929,0,0.6023577497218929,0.005575967214197127,0.0009373509141974687,27,0
2019-01-31,2019,1929,0,0.4592523309199989,0.04697993592913604,0.0010781624577138184,27,0
2019-02-01,2019,1929,0,0.5400850185678908,0.009044427975699461,0.00063075309744349,27,0
2019-02-04,2019,1929,0,-0.2663042875623632,0.017602578199603716,0.0005584279753746145,27,0
2019-02-05,2019,1929,0,-1.0685422998349714,-0.02515848271886439,0.0006805909764810456,27,0
2019-02-06,2019,1929,0,0.6049606923891986,0.03003417821840399,0.0011010576163645728,27,0
2019-02-07,2019,1929,0,1.2979174932778494,0.0042218412503439405,0.0014682815445738043,27,0
2019-02-08,2019,1929,0,0.5635355534464118,0.014089945830676142,0.0008874388683318189,27,0
2019-02-12,2019,1929,0,-0.9315634543890609,-0.04593682798899312,0.0007906560752292622,27,0
2019-02-13,2019,1929,0,-1.1847987987258224,-0.007939358247780132,0.0009132447594725222,27,0
2019-02-14,2019,1929,0,-0.46865987270361426,0.022886310517627646,0.0009642277985295597,27,0
2019-02-15,2019,1929,0,-1.0448210448026973,-0.050286391441735384,0.00045759902760162476,27,0
2019-02-18,2019,1929,0,-0.2523097028605749,-0.04224833796719645,0.00043334932831674274,27,0
2019-02-19,2019,1929,0,0.22898782798097075,-0.004988993142673078,0.00036999528473828316,27,0
2019-02-20,2019,1929,0,0.2196137602508205,-0.01314045857241637,0.0004099325237302938,27,0
2019-02-21,2019,1929,0,-0.45536500097365157,-0.022972835059169097,0.00046262603433520905,27,0
2019-02-22,2019,1929,0,-0.35089907982358026,0.01652292953930205,0.0003955029265244644,27,0
2019-02-25,2019,1929,0,-0.7530158496579441,-0.050947506118460384,0.0005293657360679942,27,0
2019-02-26,2019,1929,0,0.36639968502147013,0.04778974907296127,0.00047928563354315606,27,0
2019-02-27,2019,1929,0,-0.41124561213005073,-0.005180700611212386,0.0004075498566786834,27,0
2019-02-28,2019,1930,0,-0.21277631309143707,-0.00765432204766436,0.0005200038204515767,28,0
2019-03-01,2019,1931,0,0.11871991829464139,0.007367127933225471,0.0004101799895723625,29,0
2019-03-04,2019,1931,0,-0.24498039182086861,-0.046408953343985745,0.00034990362072218626,29,0
2019-03-05,2019,1932,0,0.2786338631618899,-0.0019557876727412946,0.0005309722662954712,30,0
2019-03-06,2019,1932,0,0.5634916783082508,0.018191236204079277,0.0009946558983395391,30,0
2019-03-07,2019,1932,0,-0.07400804679194906,0.0024519334960205327,0.0004917101105811755,30,0
2019-03-08,2019,1932,0,0.1378096451174168,-0.0023233545339264054,0.0006931475474242787,30,0
2019-03-11,2019,1932,0,-0.1259028983497578,-0.049040334714281104,0.0005175084353895823,30,0
2019-03-12,2019,1932,0,0.3935012567282219,-0.0017128819294413252,0.00041233955898202376,30,0
2019-03-13,2019,1933,0,0.6561342067182502,0.03587255714387037,0.0005142682061655868,31,0
2019-03-14,2019,1933,0,-0.4681882320811397,0.004976082873383654,0.0006669020346010802,31,0
2019-03-15,2019,1934,0,-0.15763428231653412,-0.007156687709477734,0.00043916928016810394,32,0
2019-03-18,2019,1934,0,-0.06918894582328387,-0.01568472148117505,0.0003799090921782393,32,0
2019-03-19,2019,1935,0,0.02170281537924401,-0.014683161346912395,0.000503943070315209,33,0
2019-03-20,2019,1936,0,0.5316614831143719,0.028243843627113383,0.0009350454686106404,34,0
2019-03-22,2019,1936,0,-0.0435867162577915,0.013172231474183381,0.0012229825004140733,34,0
2019-03-25,2019,1936,0,0.051288950525153774,-0.03881543483153074,0.0005871317357652112,34,0
2019-03-26,2019,1936,0,-0.3711827495764144,0.015562108821898114,0.0007692361239567617,34,0
2019-03-27,2019,1936,0,-0.7111215935164302,-0.014826954726991543,0.0004916534253501391,34,0
2019-03-28,2019,1937,0,0.345981503018022,0.0383822083721802,0.0008079450948690056,35,0
2019-03-29,2019,1937,0,-0.07937164512524368,-0.03059074876809066,0.0005985727834900705,35,0
2019-04-01,2019,1937,0,0.11350147983228975,-0.005299190728703499,0.0005423543100645413,35,0
2019-04-02,2019,1937,0,0.23402121595306927,-0.01589036348625475,0.00043560203862324034,35,0
2019-04-03,2019,1937,0,0.521687714069159,0.027264485216812847,0.00046135467841717506,35,0
2019-04-04,2019,1937,0,0.1977553697200928,-0.00206093180952076,0.00040165239652738684,35,0
2019-04-05,2019,1937,0,0.37835172651086135,0.015836822765519423,0.0004006007443421071,35,0
2019-04-08,2019,1937,0,0.058445857010829196,0.022197120063014344,0.00034488229955686756,35,0
2019-04-09,2019,1937,0,0.6102837446655592,0.033290007359458224,0.00042012567594625874,35,0
2019-04-10,2019,1938,0,0.29294378559018225,-0.008209566555236214,0.00037125006828766014,35,0
2019-04-11,2019,1938,0,-0.06097978363499834,-0.020623717570175674,0.000932055277959742,35,0
2019-04-12,2019,1938,0,0.10804982638701145,-0.013331887378489268,0.0004406786865359536,35,0
2019-04-15,2019,1938,0,-0.2559472225640607,6.375329789197243e-05,0.0005171275577331956,35,0
2019-04-16,2019,1938,0,-0.43349094484894124,0.003211807462354763,0.000683201387189628,35,0
2019-04-17,2019,1938,0,-0.7501971325582145,-0.029722891532185186,0.00046247869545630544,35,0
2019-04-18,2019,1938,0,-0.013805387028366312,0.009153465998748193,0.0003690043076190687,35,0
2019-04-19,2019,1938,0,0.8104768384609345,0.04683002714449113,0.0003147999328645539,35,0
2019-04-22,2019,1938,0,-0.6468608421335675,-0.027984816868011308,0.0004749564134639611,35,0
2019-04-23,2019,1938,0,0.05712290515262897,0.008711943835430728,0.0004933807459343085,35,0
2019-04-24,2019,1938,0,0.3925341161445938,0.01278325334717881,0.0005298790760194965,35,0
2019-04-25,2019,1938,0,0.7738570538036256,0.03623136240454027,0.000989853321972023,35,0
2019-04-26,2019,1938,0,-0.3477502734786177,-0.037551070038807345,0.0008414579167471996,35,0
2019-05-07,2019,1938,0,-0.9460722254333174,-0.02893428388029591,0.001059426628646031,35,0
2019-05-08,2019,1938,0,-0.39387677418604455,0.007693536057581809,0.0009236515386333654,35,0
2019-05-09,2019,1938,0,0.24879795260046725,0.04137056203301386,0.0015613056665985013,35,0
2019-05-10,2019,1938,0,-0.9274395283043629,-0.0010490634229602736,0.0011657448961580744,35,0
2019-05-13,2019,1938,0,0.6314122181215657,0.037092990439240955,0.0013101381929340405,35,0
2019-05-14,2019,1938,0,1.0928663560872407,-0.006393921557462997,0.0011852613238801115,35,0
2019-05-15,2019,1938,0,-0.4217391309107379,0.0010439342481417858,0.0007242504006976661,35,0
2019-05-16,2019,1938,0,0.5835592456288504,0.013157351401049563,0.0006080643299222748,35,0
2019-05-17,2019,1938,0,-0.12871669880979533,0.004664546363334674,0.0005324715512577962,35,0
2019-05-20,2019,1938,0,-0.22888427199707873,0.0007706271925442536,0.0004653597199712798,35,0
2019-05-21,2019,1938,0,0.39619971802562876,0.012327044896021279,0.0005552846855946157,35,0
2019-05-22,2019,1938,0,0.07697318217233066,0.020404289292095604,0.00045027080577089555,35,0
2019-05-23,2019,1938,0,-0.055320177928221526,0.01814129583984295,0.0004881845977776855,35,0
2019-05-24,2019,1938,0,0.17298301037839833,0.04336977041521943,0.0005058016407649428,35,0
2019-05-27,2019,1938,0,-0.2386090417960546,-0.024971282298044108,0.0005309179622968039,35,0
2019-05-28,2019,1938,0,0.17982568034596982,0.0356411476327765,0.0005389463028161863,35,0
2019-05-29,2019,1938,0,-0.22987696345431688,-0.035807739299567265,0.0005781011986224823,35,0
2019-05-30,2019,1938,0,0.5367117413478676,0.007542971318576518,0.0008749232321551965,35,0
2019-05-31,2019,1938,0,0.05817392490727791,-0.0004334093816310396,0.0006944327851537517,35,0
2019-06-03,2019,1939,0,-0.3337864327567459,-0.009828589521129371,0.0010341565075059908,36,0
2019-06-04,2019,1939,0,0.3836425009780398,-0.0029846639669841323,0.0005422391827269621,36,0
2019-06-05,2019,1939,0,-0.485873066656391,-0.03278442175304204,0.0005624121740024758,36,0
2019-06-06,2019,1939,0,-0.3864698455989532,-0.02820641524064729,0.0006388490641384294,36,0
2019-06-07,2019,1939,0,0.27699411440234184,0.04334248540454902,0.0004031459265056245,36,0
2019-06-10,2019,1939,0,-0.1450567448140645,-0.03136648049563804,0.0004659143939107852,36,0
2019-06-11,2019,1939,0,0.3443730852479187,0.021753720178525005,0.0005418295493739285,36,0
2019-06-12,2019,1940,0,-0.49864213294446486,0.02310329357277087,0.00046968415379261005,37,0
2019-06-13,2019,1940,0,-0.3593024880757841,-0.03294357713342036,0.0005471920995746007,37,0
2019-06-14,2019,1940,0,0.4638651220452381,0.008894540451357609,0.0006028525513607452,37,0
2019-06-17,2019,1940,0,-0.09150057952242996,-0.03400164012192452,0.0008862953300007164,37,0
2019-06-18,2019,1941,0,0.6141897217761024,0.035779433978137314,0.00043583425293129235,38,0
2019-06-19,2019,1942,0,0.302889851063187,0.014931115633650596,0.0005880529283065241,39,0
2019-06-20,2019,1942,0,0.0987214044711377,-0.017121686219762684,0.0004170286595665192,39,0
2019-06-21,2019,1942,0,0.37691889752491664,0.01452063228465608,0.00042412324524648197,39,0
2019-06-24,2019,1942,0,0.20610106147752058,0.0489261952628224,0.0005653026424960822,39,0
2019-06-25,2019,1942,0,0.3520352845223205,0.00353240961041515,0.0006707908219014361,39,0
2019-06-26,2019,1942,0,-0.17775499744979803,0.014267048946351345,0.0005312613100765524,39,0
2019-06-27,2019,1943,0,-0.24864586759691912,-0.03313409442614297,0.0010844176266345948,40,0
2019-06-28,2019,1943,0,0.05052706357611184,-0.005022197099018104,0.0004519815612603543,40,0
2019-07-01,2019,1943,0,-0.3224302532597762,-0.02253977425663585,0.0004433825660599146,40,0
2019-07-02,2019,1943,0,-0.07711271700537854,0.007848675376673265,0.0004339275192198959,40,0
2019-07-03,2019,1943,0,-0.2712568703178855,0.005305578108498866,0.000380262213743094,40,0
2019-07-04,2019,1943,0,-0.5314388658145542,-0.06205799568575352,0.00043933569804366644,40,0
2019-07-05,2019,1943,0,-0.18314341150298233,0.020717290883810826,0.0003911492749958186,40,0
2019-07-08,2019,1943,0,0.7801199271297588,0.05273613634406961,0.00036631735294262457,40,0
2019-07-09,2019,1943,0,0.16671865401845545,0.01595709100552113,0.00046739797696547774,40,0
2019-07-10,2019,1943,0,0.11903886357832032,0.011605705292858624,0.0004662221503453346,40,0
2019-07-11,2019,1943,0,0.07018054994932561,-0.05271603436018887,0.000663225367339211,40,0
2019-07-12,2019,1943,0,0.07491031989692513,0.012345587587444622,0.00038716891818571514,40,0
2019-07-16,2019,1943,0,-0.843177368756527,-0.024087155327209887,0.0010072682203880424,40,0
2019-07-17,2019,1943,0,0.38664713689307045,0.029332067684635373,0.000734011257124629,40,0
2019-07-18,2019,1944,0,-0.005268227328961632,-0.027260331582075106,0.0004606021842694392,41,0
2019-07-19,2019,1944,0,-0.0316581235950002,-0.003502044203038435,0.00042354313378146103,41,0
2019-07-22,2019,1944,0,0.14483696668524396,-0.01877698849609461,0.00038460297649451535,41,0
2019-07-23,2019,1944,0,0.07988753195199783,0.016979673938774018,0.00042711209015549543,41,0
2019-07-24,2019,1944,0,0.2558261318979788,0.0024724337875436904,0.00040973429068864045,41,0
2019-07-25,2019,1944,0,-1.1142598594555122,-0.045007803767204736,0.0004755431078613999,41,0
2019-07-26,2019,1944,0,0.36207072452995676,0.04151387992746177,0.0004880235178195225,41,0
2019-07-29,2019,1945,0,0.13065101666524082,0.031085548041268174,0.0006158990692129993,42,0
2019-07-30,2019,1945,0,0.14334189223902297,-0.014547382581205776,0.000597636434502463,42,0
2019-07-31,2019,1945,0,-1.0490159059442838,-0.03867957511718391,0.001318234332699472,42,0
2019-08-01,2019,1945,0,0.42125188198655295,0.005224344565258596,0.0011232266192409608,42,0
2019-08-02,2019,1945,0,0.10858894587835866,0.025643665986471928,0.0005352113053270482,42,0
2019-08-05,2019,1945,0,-0.8568380755054923,-0.04739907370118861,0.0007943018486516431,42,0
2019-08-06,2019,1945,0,-0.5426299501551383,-0.004183449910229391,0.0007783891297582535,42,0
2019-08-07,2019,1945,0,-1.3039701417605851,-0.015607218555824596,0.0008006436478306695,42,0
2019-08-08,2019,1945,0,-0.8584069035439432,-0.04102746992233197,0.0013026184042980672,42,0
2019-08-09,2019,1946,0,0.29108260372491684,0.05187222956728927,0.0007367301388074305,43,0
2019-08-13,2019,1946,0,-0.3585839125263289,-0.015087669455977695,0.0008493600492828858,43,0
2019-08-14,2019,1946,0,0.5402052797344782,0.01938430191082479,0.0004982471582789668,43,0
2019-08-15,2019,1946,0,0.3339931567336019,0.023583416466761094,0.0005387616936632456,43,0
2019-08-16,2019,1946,0,0.3469760303708875,0.017623172746596704,0.0006118000521482153,43,0
2019-08-19,2019,1946,0,-0.7110708356846048,-0.05322330775388899,0.0005716843760504608,43,0
2019-08-20,2019,1946,0,0.4659740217082877,-0.01465844295523989,0.00043264876126586333,43,0
2019-08-21,2019,1946,0,-0.029978025296759452,0.00399665901196756,0.00041367073460702884,43,0
2019-08-22,2019,1946,0,-0.3203037900992201,-0.019093859565007493,0.0008517275947984748,43,0
2019-08-23,2019,1946,0,0.9562986010817315,0.0471571725759978,0.0004605006555950887,43,0
2019-08-26,2019,1946,0,0.15137035236475324,-0.004512397780783437,0.0004589600405093705,43,0
2019-08-27,2019,1946,0,0.6613846402097424,0.019042026656134827,0.0004856072055331625,43,0
2019-08-28,2019,1946,0,0.17433833733583684,-0.04801831828222671,0.0008832194615886427,43,0
2019-08-29,2019,1946,0,0.09438818442550145,-0.03283600970257539,0.0005187012330942182,43,0
2019-08-30,2019,1946,0,0.9487331653580626,0.027107742889900727,0.0004210681107528493,43,0
2019-09-02,2019,1947,0,-0.7528903146837265,-0.025784447937021324,0.0005191143268308831,44,0
2019-09-03,2019,1947,0,0.05371194425497391,0.06452958042910494,0.0008272093921866066,44,0
2019-09-04,2019,1947,0,0.5470109543087154,0.03335753401984582,0.0004153023207084114,44,0
2019-09-05,2019,1947,0,-0.24631892437379221,0.04354371714463472,0.0005818907602994565,44,0
2019-09-06,2019,1947,0,-0.2691137563262285,0.013496762763003555,0.0007070683156252885,44,0
2019-09-09,2019,1947,0,0.012503957052588888,0.0045227818375282195,0.0008075634888871797,44,0
2019-09-10,2019,1947,0,-0.2267580837930924,0.01097454362688124,0.0005234154806246907,44,0
2019-09-11,2019,1947,0,-0.2719890269146865,0.012220912382250893,0.00055271754582132,44,0
2019-09-12,2019,1947,0,0.27938585387503806,0.015504647353170196,0.0005670787421021455,44,0
2019-09-13,2019,1946,0,0.09178098614507386,0.009427312370805954,0.0005309332121471764,44,0
2019-09-17,2019,1945,0,0.2296354359235151,0.0012705971900822176,0.0005302304068881997,44,0
2019-09-18,2019,1945,0,-0.2664869006837696,-0.016800951645884955,0.0005127701803300045,44,0
2019-09-19,2019,1945,0,-0.20581726356579022,0.024984895475514385,0.0005579655494403512,44,0
2019-09-20,2019,1946,0,0.4642603680525524,0.024895534886838936,0.00035343035400765285,45,0
2019-09-24,2019,1947,0,-0.5445411786265618,-0.021361364277304413,0.00047909301675497484,46,0
2019-09-25,2019,1947,0,0.24868229047387094,0.03778976070036349,0.0006370784027629784,46,0
2019-09-26,2019,1947,0,-0.23281342106437938,0.0025219389492447094,0.0005479776488997366,46,0
2019-09-27,2019,1948,0,-0.9112847867295635,0.0115770366931399,0.0006817432310796713,46,0
2019-09-30,2019,1948,0,-0.402531400032152,0.003978795849480829,0.0004949423066146924,46,0
2019-10-01,2019,1949,0,-0.19708827456970823,0.010407760911852328,0.0006840253234872526,46,0
2019-10-02,2019,1949,0,0.014713808748807752,0.0438136653244595,0.00043076865058258714,46,0
2019-10-03,2019,1949,0,-0.5321588470067767,-0.008446858721714424,0.0004338830178338203,46,0
2019-10-04,2019,1949,0,0.583459661719604,0.04298456009815269,0.0005524103314918183,46,0
2019-10-07,2019,1949,0,-0.6050369181475633,0.025460011402066753,0.0004409359963304644,46,0
2019-10-08,2019,1950,0,0.24584849614537937,0.02601989125719163,0.0004552067112687883,47,0
2019-10-09,2019,1951,0,0.4636325704557787,0.030248858005058825,0.0005158293754870573,48,0
2019-10-10,2019,1951,0,0.28776792592782147,0.009000742700508636,0.0007450148241903682,48,0
2019-10-11,2019,1951,0,0.38746799571708684,-0.0006820497191327934,0.0005975029964790876,48,0
2019-10-15,2019,1951,0,0.5554943475046348,0.011574166386119989,0.0004516664665519827,48,0
2019-10-16,2019,1951,0,-0.6135886868032534,-0.027166613992257633,0.000480674610088582,48,0
2019-10-17,2019,1951,0,0.448859372934149,0.003497131333109749,0.0005182018145214041,48,0
2019-10-18,2019,1951,0,0.29700128829558786,0.026128834955538454,0.0005143591770854116,48,0
2019-10-21,2019,1951,0,-0.4544479519343569,-0.004332996767553117,0.0005261384266318851,48,0
2019-10-23,2019,1951,0,0.031889850557089115,0.012180984494238286,0.0004386973411363895,48,0
2019-10-24,2019,1951,0,-0.14633983176620582,-0.009000725598205129,0.0005355126731920293,48,0
2019-10-25,2019,1952,0,0.376441544876396,0.01173935996894958,0.0004997973223802962,49,0
2019-10-28,2019,1953,0,0.07289886821962015,-0.022331546530397522,0.0007878496400120061,50,0
2019-10-29,2019,1953,0,0.7410677259012841,0.027435449128734034,0.0006780450569213439,50,0
2019-10-30,2019,1954,0,0.8403128260411997,0.03403341700614199,0.0006519125497908187,51,0
2019-10-31,2019,1954,0,0.5264940329027556,0.040529273864757444,0.0008766892648555436,51,0
2019-11-01,2019,1955,0,0.09574548730114257,-0.00340300899083695,0.0006247344996702542,52,0
2019-11-05,2019,1955,0,-0.008764642665423835,-0.013595010078707195,0.0005600498192241843,52,0
2019-11-06,2019,1955,0,-0.012949866782703387,0.007598923912646995,0.0007219030319430654,52,0
2019-11-07,2019,1955,0,0.7301970763910101,0.0008217594361059387,0.0007907386824972296,52,0
2019-11-08,2019,1955,0,-0.4213499297750796,-0.011708209777019897,0.0005630910000199277,52,0
2019-11-11,2019,1955,0,-0.5405834446636679,-0.05961811667389387,0.0005986708536892463,52,0
2019-11-12,2019,1955,0,-0.18668516698230034,0.0020225580386895674,0.0007767216604466015,52,0
2019-11-13,2019,1955,0,-0.461840536308505,-0.03285149863648084,0.0008915169031092816,52,0
2019-11-14,2019,1955,0,0.17571227481451426,0.04449778514278899,0.0005327251668482335,52,0
2019-11-15,2019,1955,0,-0.0749121661531924,-0.007430589944959032,0.00045088070763911735,52,0
2019-11-18,2019,1955,0,-0.31085768823403837,0.025683657536213638,0.0004928815586498055,52,0
2019-11-19,2019,1955,0,0.5920659779128378,-0.004830559084546834,0.00041008659955105956,52,0
2019-11-20,2019,1955,0,-0.3470809616491562,0.038629490695841796,0.0004622520402513989,52,0
2019-11-21,2019,1955,0,-0.09039261076175927,0.009575841692266048,0.0005644410153081074,52,0
2019-11-22,2019,1955,0,0.27156253760794696,-0.009732388087092824,0.00042482498470858905,52,0
2019-11-25,2019,1955,0,0.18019071599231248,-0.0031031667503611427,0.0004982541948629334,52,0
2019-11-26,2019,1955,0,-0.5562241922615775,-0.03665392153225751,0.0004221266993864352,52,0
2019-11-27,2019,1955,0,-0.19768576150313596,0.010282661159596036,0.0003755558640724956,52,0
2019-11-28,2019,1955,0,0.5163064263420075,-0.004925782713562876,0.0004394978756721773,52,0
2019-11-29,2019,1955,0,-0.32060772826406686,-0.035921817325441516,0.0004572607939571948,52,0
2019-12-02,2019,1955,0,0.22446075590567638,0.005453762386748277,0.00042929335028786796,52,0
2019-12-03,2019,1955,0,-0.22833906732276246,-0.004714810435226846,0.00048402334382983454,52,0
2019-12-04,2019,1955,0,0.4299727490319379,-0.0005755898833709641,0.0003945298479856578,52,0
2019-12-05,2019,1955,0,0.06957427879510532,0.02205876495067128,0.00048470879562972495,52,0
2019-12-06,2019,1955,0,0.22595134478649717,-0.026768059369725844,0.0004107190769507564,52,0
2019-12-09,2019,1955,0,-0.4228328352462631,-0.023551552281669812,0.0003941606517078131,52,0
2019-12-10,2019,1956,0,0.2662678934166121,0.012569171629381527,0.000394039211455617,53,0
2019-12-11,2019,1957,0,-0.22871895689460153,-0.0160888447819722,0.0006812307375957557,54,0
2019-12-12,2019,1958,0,0.8145620231368635,0.036364012363446975,0.0004813373178645668,55,0
2019-12-13,2019,1958,0,0.5890967821231837,0.004384660396161966,0.0006117547536087334,55,0
2019-12-16,2019,1960,0,-0.14378238844659444,0.012501533679757993,0.0004834856647359347,57,0
2019-12-17,2019,1962,0,-0.045104694866557216,-0.02097091233604666,0.000444690733250605,59,0
2019-12-18,2019,1964,0,-0.3048849610930671,-0.04631437008270545,0.0005013830188756863,61,0
2019-12-19,2019,1965,0,-0.4997021945117382,-0.03022995726096757,0.00045724461634492214,62,0
2019-12-20,2019,1965,0,0.3735400856065784,0.03957273655295878,0.0003380783602619929,62,0
2019-12-23,2019,1965,0,0.917147006333535,0.0425532951750211,0.0004705891763390353,62,0
2019-12-24,2019,1965,0,0.3095949324551883,0.011914094975971937,0.00037766063356017794,62,0
2019-12-25,2019,1966,0,0.3602324798347098,0.024395663953134285,0.0004583058350192823,63,0
2019-12-26,2019,1966,0,-0.6102526232455384,-0.06493807807345756,0.00048755274377008397,63,0
2019-12-27,2019,1966,0,0.8736780595530398,0.024121708805384688,0.0006631580641230564,63,0
2019-12-30,2020,1966,0,-0.3778713620447398,0.03605804740061301,0.0005388810621365505,33,0
2020-01-06,2020,1966,0,-0.1332977391309408,-0.02373653383215705,0.0005604576913937275,33,0
2020-01-07,2020,1966,0,-0.12434907798039951,-0.028608324511684848,0.0006066319460407862,33,0
2020-01-08,2020,1966,0,-0.0851944715361153,0.027647813628261644,0.0003544930062550649,33,0
2020-01-09,2020,1966,0,-0.4504607544609935,-0.022372065682775763,0.000542936398731927,33,0
2020-01-10,2020,1966,0,-0.18035238586331423,0.0029522633560233966,0.00042943891642724505,33,0
2020-01-14,2020,1966,0,0.11802977659733986,-0.026733154885418647,0.00033149220111836086,33,0
2020-01-15,2020,1966,0,-0.19604142096842117,0.016530938277810596,0.00028583574638220877,33,0
2020-01-16,2020,1966,0,0.2980915534993482,0.03402631796534225,0.00034157893970285697,33,0
2020-01-17,2020,1966,0,-0.16221122294008805,0.027561680607371963,0.000310711162309655,33,0
2020-01-20,2020,1966,0,0.7549755165441209,0.003112633462167607,0.0002947195714633868,33,0
2020-01-21,2020,1966,0,3.052763402185595e-05,-0.06843483240573178,0.0003440022175379359,33,0
2020-01-22,2020,1966,0,0.8673820223746244,0.03571850616488922,0.0003431956191159002,33,0
2020-01-23,2020,1966,0,-0.2813360946685653,-0.005019814871071634,0.0007905355542730757,33,0
2020-01-24,2020,1966,0,0.6550876018043899,0.03832866737682966,0.0003759648547850557,33,0
2020-01-27,2020,1966,0,-0.35946620791171685,-0.020798336455882516,0.00037241771918804527,33,0
2020-01-28,2020,1966,0,0.12402591410202331,-0.013246184735782193,0.0008626281160530958,33,0
2020-01-29,2020,1966,0,0.45070816206078873,0.00287441208451641,0.0005792470257550363,33,0
2020-01-30,2020,1966,0,0.38091694980812435,0.022374275144415694,0.0006593329973514676,33,0
2020-01-31,2020,1966,0,-0.13962964346351944,0.011687630200619753,0.0006032367781861852,33,0
2020-02-03,2020,1966,0,-0.383953019135635,-0.019284806186402027,0.0004920402134759419,33,0
2020-02-04,2020,1966,0,-0.6010713992734917,-0.005731497687837494,0.0007521206764593081,33,0
2020-02-05,2020,1966,0,-0.24391277904766154,0.0018110282349850819,0.0005242622891303154,33,0
2020-02-06,2020,1966,0,-0.18432131732604753,0.0044810936013035116,0.0005344863034937832,33,0
2020-02-07,2020,1967,0,-1.0468316663403057,-0.015262806062087264,0.0006397923711888662,34,0
2020-02-10,2020,1967,0,-0.8863020908074849,-0.04638925636627671,0.0006536431862479256,34,0
2020-02-12,2020,1967,0,-0.3010908105021531,-0.014959064973214982,0.000762750314913852,34,0
2020-02-13,2020,1967,0,-1.222880912114843,-0.03290906659994712,0.000897353957280531,34,0
2020-02-14,2020,1967,0,0.18827059122892228,-0.029859339487113244,0.000715414181410477,34,0
2020-02-17,2020,1967,0,0.09980273666302253,0.008123401375677585,0.0004726513248395754,34,0
2020-02-18,2020,1967,0,-0.15888628788446768,0.008411746537018249,0.0003597664998012417,34,0
2020-02-19,2020,1967,0,-0.5381535833345166,-0.014593340341278089,0.00036703415102483887,34,0
2020-02-20,2020,1967,0,-0.46171353341323257,0.012435545472194914,0.002000731209143038,34,0
2020-02-21,2020,1967,0,0.9457751833040255,0.01864229917209306,0.0004772225440931385,34,0
2020-02-25,2020,1967,0,0.15903882397668667,0.011111884628523968,0.0016769076440554022,34,0
2020-02-26,2020,1967,0,-0.8385783679469677,-0.05742547744147362,0.0030854111323509515,34,0
2020-02-27,2020,1967,0,0.25829696872545566,0.02971967407121381,0.0020606997005600484,34,0
2020-02-28,2020,1967,0,-0.5828030051850123,-0.02503953023995601,0.0010186386852689148,34,0
2020-03-02,2020,1968,0,-0.10982149897358447,-0.0030429922388012765,0.00046424116946466664,35,0
2020-03-03,2020,1968,0,0.03487312844043445,0.06519246408239994,0.0005058414727937281,35,0
2020-03-04,2020,1968,0,0.2905175192616163,0.045001627909125895,0.0019894296173244663,35,0
2020-03-05,2020,1968,0,-1.350101875107607,-0.03037381258172411,0.005728101476516993,35,0
2020-03-06,2020,1968,0,-1.9694818391030064,-0.06793253590740125,0.0013082183000181285,35,0
2020-03-09,2020,1969,0,0.16597693130009952,-0.015601215613655916,0.001607460832607408,36,0
2020-03-10,2020,1970,0,1.0814030458942732,0.054855242210222845,0.002909545711511091,37,0
2020-03-11,2020,1970,0,-0.6485836299880271,0.016978031211309086,0.005079712825580489,37,0
2020-03-12,2020,1970,0,1.778102234727139,0.0627327639334833,0.0015495614655045096,37,0
2020-03-13,2020,1971,0,0.3251103128890449,0.0228608018729201,0.003907416999175596,38,0
2020-03-16,2020,1971,0,0.6581169098783762,-0.008534664554859123,0.002351218908724204,38,0
2020-03-17,2020,1971,0,-2.619777289138248,-0.008779868509562768,0.004621252493809496,38,0
2020-03-18,2020,1971,0,3.2552626156392725,0.0658706970832966,0.003186816078600332,38,0
2020-03-19,2020,1971,0,3.018678402269631,0.10353962701081329,0.003854721282868039,38,0
2020-03-23,2020,1971,0,0.09466632594721602,0.008430068637055898,0.005373590076461819,38,0
2020-03-24,2020,1971,0,-1.7464414804538588,-0.03248623276908185,0.0021874704253315265,38,0
2020-03-25,2020,1971,0,0.5147437530901264,0.008261983026426556,0.0031680928713582962,38,0
2020-03-26,2020,1972,0,-0.806182890134877,-0.06597756225599992,0.0024782861705668403,39,0
2020-03-27,2020,1972,0,0.5300951610524418,0.022204471099278977,0.0015764180396028729,39,0
2020-03-30,2020,1973,0,-0.559627716173889,-0.011951410003046756,0.0027481804151551826,40,0
2020-03-31,2020,1974,0,-0.22301549037366422,-0.014085267832826527,0.0018687701308774296,41,0
2020-04-01,2020,1974,0,-0.1362079073520975,-0.03033105268172427,0.0015197347808208867,41,0
2020-04-02,2020,1974,0,-0.06772329567598707,-0.05020584682249672,0.002616909674525572,41,0
2020-04-03,2020,1974,0,2.402378384089225,0.1014631458754897,0.001924837430516637,41,0
2020-04-06,2020,1974,0,-0.5608014821619877,-0.02969101516976146,0.0015624264811225901,41,0
2020-04-07,2020,1974,0,-0.08619722282735627,0.0057051695604604016,0.0012393534582850353,41,0
2020-04-08,2020,1974,0,-0.05712726221635389,0.010525681318562186,0.0009971295260139453,41,0
2020-04-09,2020,1974,0,0.24307918586976593,-0.02033434707842592,0.0013187879444183277,41,0
2020-04-10,2020,1974,0,0.5168159690948292,0.009972250977044388,0.0012112499106988008,41,0
2020-04-13,2020,1974,0,2.537914054175831,0.058877278913105034,0.0012407184463196135,41,0
2020-04-14,2020,1974,0,0.5477364301109754,0.03598333840894979,0.0013785836410918583,41,0
2020-04-15,2020,1974,0,-0.8408859833714137,-0.02638803979733144,0.00095908785315654,41,0
2020-04-16,2020,1974,0,-0.1554627430877996,-0.012451481161180411,0.0011583086985116832,41,0
2020-04-17,2020,1974,0,-0.13667948116723552,-0.018759620040247355,0.0013868151383176067,41,0
2020-04-20,2020,1974,0,-0.9887058152474856,-0.04418405240755483,0.0011213978846770967,41,0
2020-04-21,2020,1974,0,-0.6068582845253138,-0.008789008041953584,0.001379185828778228,41,0
2020-04-22,2020,1974,0,-0.32710966899718175,-0.010542206710383308,0.0008977506449139161,41,0
2020-04-23,2020,1974,0,-0.9386051226095452,0.0010410760197874346,0.001227609734084832,41,0
2020-04-24,2020,1974,0,-0.5706467716347913,-0.020003688643745864,0.0009608962753877095,41,0
2020-04-27,2020,1974,0,-0.4503148158161269,0.02449796618980017,0.001381055937876709,41,0
2020-04-28,2020,1974,0,0.23816302460508845,0.009039184314096779,0.0012954261784088933,41,0
2020-04-30,2020,1974,0,1.4685115129665391,0.04958155121244562,0.0011384699874114328,41,0
2020-05-01,2020,1974,0,1.0290422776019217,0.036544210440257345,0.001378825592127434,41,0
2020-05-07,2020,1974,0,-0.429630938310576,-0.01541693711589544,0.0019332059957329045,41,0
2020-05-08,2020,1974,0,-1.222139761868295,-0.026418683392630808,0.0009967468053566947,41,0
2020-05-11,2020,1974,0,0.03475245543611575,0.0008770681378082709,0.0010886252341387038,41,0
2020-05-12,2020,1974,0,-2.2496313519848576,-0.0830425558343335,0.001759907066785614,41,0
2020-05-13,2020,1974,0,-0.10390054526509977,-0.021790992245047557,0.0011227894440512158,41,0
2020-05-14,2020,1974,0,-1.513107329477818,-0.0187080918372084,0.001360349255838994,41,0
2020-05-15,2020,1974,0,-0.7528003581043254,-0.02452973671743427,0.0011774986972711418,41,0
2020-05-18,2020,1974,0,0.041009619522823115,0.03245994366440604,0.0009407460438065067,41,0
2020-05-19,2020,1974,0,0.16538139343166836,0.01737957746345494,0.000698089334202988,41,0
2020-05-20,2020,1974,0,-0.8171613064052479,-0.026001392644264796,0.0008060436720821834,41,0
2020-05-21,2020,1974,0,0.656326886297931,0.050225547040264856,0.0012531285113309928,41,0
2020-05-22,2020,1974,0,-0.3178227893804297,0.0012780507752698821,0.0012562007572144217,41,0
2020-05-25,2020,1974,0,-0.09575239096163853,0.01097304067332171,0.0010307186012355805,41,0
2020-05-26,2020,1974,0,0.09553612269388505,-0.01952741969130791,0.000924807471270985,41,0
2020-05-27,2020,1974,0,-0.659125160212913,-0.031150171206078155,0.001118508380917856,41,0
2020-05-28,2020,1974,0,-1.1588458211185164,-0.014447869089922141,0.0009964687507062206,41,0
2020-05-29,2020,1974,0,1.6058766319627062,0.04438178125867565,0.0007853812951622445,41,0
2020-06-01,2020,1974,0,0.35446495493269453,0.03451667053936797,0.0006100406293572354,41,0
2020-06-02,2020,1974,0,0.5452820473140677,-0.033354506826567584,0.0006690692049417924,41,0
2020-06-03,2020,1974,0,0.549313798744301,0.04772506571257731,0.0007689904075275447,41,0
2020-06-04,2020,1974,0,1.3500025797373898,0.05756206857673202,0.0010549417432055969,41,0
2020-06-05,2020,1974,0,-0.16840745263208748,-0.027078681014804557,0.000656527203133133,41,0
2020-06-08,2020,1974,0,-0.7040856150886805,-0.006968256226123213,0.0007170121498268321,41,0
2020-06-09,2020,1974,0,-1.2592810734043727,-0.05031034534798249,0.0014747332227770327,41,0
2020-06-10,2020,1974,0,-0.6515969339026147,0.022922289839960475,0.0009155118435464161,41,0
2020-06-11,2020,1974,0,0.4458670763643049,0.03699916470001945,0.0015243495137233322,41,0
2020-06-12,2020,1974,0,-0.7126641693404908,-0.015257918127089768,0.002900697277939361,41,0
2020-06-15,2020,1974,0,-0.18063187859270657,-0.0008609471428184689,0.0007456512702658799,41,0
2020-06-16,2020,1974,0,-0.7727137405324034,-0.011902110629601156,0.0006548013891439715,41,0
2020-06-17,2020,1974,0,-0.11193910949683221,-0.010452399994148584,0.000686109714456438,41,0
2020-06-18,2020,1974,0,-0.599491576553936,0.012997949774913873,0.0006981141032138941,41,0
2020-06-19,2020,1974,0,-0.1407751291118727,-0.016545853570617323,0.0005645973416777505,41,0
2020-06-22,2020,1974,0,-0.35457155096859533,-0.03304338681424187,0.0007533072465397161,41,0
2020-06-23,2020,1974,0,-0.2414255701403866,-0.009784323814455539,0.0007443464427099502,41,0
2020-06-24,2020,1974,0,0.9166074226052063,0.041265382066117164,0.0008020621941151155,41,0
2020-06-25,2020,1974,0,-0.024804609045637232,-0.03353145898309242,0.0011195209965719224,41,0
2020-06-26,2020,1974,0,-0.3253511814402792,-0.016503212442345306,0.0007778884144245731,41,0
2020-06-29,2020,1974,0,-0.6425600395026821,8.567267452046149e-05,0.0009720729500399586,41,0
2020-06-30,2020,1975,0,-0.6435296823082565,0.020517469673468895,0.0010545311980537642,42,0
2020-07-01,2020,1975,0,-1.875506928798476,-0.09087616193236013,0.0009235393611350923,42,0
2020-07-02,2020,1975,0,-0.16559404449656512,-0.003106808746280703,0.0011649904212629662,42,0
2020-07-03,2020,1975,0,0.1665005406118875,0.02375899692411029,0.0007542042939227107,42,0
2020-07-06,2020,1975,0,-0.15884157264560392,-0.009115466852441407,0.0008024833233231972,42,0
2020-07-07,2020,1975,0,0.8243042095121847,0.030045339929232417,0.0007716726900360865,42,0
2020-07-08,2020,1975,0,-0.14498782944878505,-0.039659415054288,0.0012196307206393318,42,0
2020-07-09,2020,1975,0,-0.14355607048930352,-0.013118752325254352,0.0016549243195903619,42,0
2020-07-10,2020,1976,0,-0.1483258821056291,-0.03223573171722798,0.0007782075366676195,43,0
2020-07-13,2020,1976,0,0.2023938644215987,0.0026657144346777873,0.0010069669928674152,43,0
2020-07-14,2020,1976,0,-0.4549387091880692,0.027195493044395728,0.0009200321113305217,43,0
2020-07-15,2020,1978,0,-1.0675378403579612,-0.05184696586543901,0.0007420939613071849,45,0
2020-07-16,2020,1978,0,-0.014423126165007183,-0.008037589057438031,0.0007256432984129334,45,0
2020-07-17,2020,1978,0,-0.7748803888052732,-0.0003960112480504952,0.0008631341738745098,45,0
2020-07-20,2020,1978,0,-0.42072706369492135,-0.02450517313954888,0.0006778644627412092,45,0
2020-07-21,2020,1978,0,0.2720387318539906,-0.007176171848012243,0.0008126608704888795,45,0
2020-07-22,2020,1978,0,-0.4399182327557683,-0.031194835158993323,0.0007936706749486758,45,0
2020-07-27,2020,1978,0,-0.0862236018200715,-0.04860350505486123,0.0010205351391639212,45,0
2020-07-28,2020,1978,0,-0.6879366213666985,-0.04566281670877338,0.0010382935619880633,45,0
2020-07-29,2020,1978,0,-0.23315759761147822,-0.010834226263707742,0.0022962048769914934,45,0
2020-07-30,2020,1978,0,0.06556310284410986,0.02787836724547337,0.0016862743420014948,45,0
2020-07-31,2020,1980,0,-0.21730874458498425,-0.012891403357850977,0.0017428304165734833,47,0
2020-08-03,2020,1981,0,-0.3392674287782292,-0.018802920312407233,0.0008662922936434793,48,0
2020-08-04,2020,1981,0,-0.15259017424945087,0.0020263845666375433,0.00098927490482231,48,0
2020-08-05,2020,1981,0,0.4488798599805837,0.03584436885072296,0.0011919383209347016,48,0
2020-08-06,2020,1981,0,0.16503978482947682,0.04463254430032744,0.0019395916525604955,48,0
2020-08-07,2020,1981,0,-0.4305041525136562,0.0009170499815555957,0.0010968168367600408,48,0
2020-08-11,2020,1981,0,0.8878931907191911,0.04118598149711573,0.0009080928560178645,48,0
2020-08-12,2020,1981,0,-0.06624611755811505,0.0035371557547583744,0.000774825328574333,48,0
2020-08-13,2020,1981,0,0.8203392075570459,0.023458272790981338,0.0008404232715064672,48,0
2020-08-14,2020,1981,0,0.18710768497312746,0.026955874987944273,0.0007651504154346443,48,0
2020-08-17,2020,1981,0,-0.24287676988149368,0.014338211069902011,0.0007397059076396044,48,0
2020-08-18,2020,1981,0,0.13194442506774617,0.010813425818170262,0.0006688206099470912,48,0
2020-08-19,2020,1981,0,0.02990857148462478,0.01598748878156821,0.0007112760422592584,48,0
2020-08-20,2020,1982,0,0.0008289771210195548,0.013265826639249677,0.0007529076167661661,49,0
2020-08-21,2020,1982,0,0.5889256041145305,0.06582422306675377,0.0007874282912573473,49,0
2020-08-24,2020,1982,0,0.47663180205138933,-0.0075510200750688716,0.0006862716769206504,49,0
2020-08-25,2020,1982,0,-0.5290472393656228,-0.016862571783553937,0.0006712161432939151,49,0
2020-08-26,2020,1982,0,0.4134032630124154,0.014008034819642325,0.0009493668538242863,49,0
2020-08-27,2020,1982,0,-0.24514894403049622,-0.030783331103511852,0.000987626912442851,49,0
2020-08-28,2020,1982,0,-0.12590114160209678,-0.009231564104964255,0.0007490962235742771,49,0
2020-08-31,2020,1982,0,0.322674362662556,-0.001472198674909281,0.0006649682840382418,49,0
2020-09-01,2020,1982,0,0.10846072957734092,0.02314622246231154,0.0006051649080193732,49,0
2020-09-02,2020,1982,0,0.34134563332411627,0.033904916772898815,0.0007177795122415573,49,0
2020-09-03,2020,1982,0,0.34733968937097554,0.0031463110347476637,0.0008254360644527657,49,0
2020-09-04,2020,1982,0,-0.028007715516677578,-0.017773350487743554,0.0009586548176837433,49,0
2020-09-07,2020,1982,0,0.2379741396811319,-0.0019311903032436743,0.0006022007527395672,49,0
2020-09-08,2020,1982,0,-0.22860018408970065,-0.01293705871356372,0.0006430250526088816,49,0
2020-09-09,2020,1982,0,0.25596697810498864,-0.02922752477364888,0.0007668652512160978,49,0
2020-09-10,2020,1982,0,0.5104159280225561,1.416075563850035e-05,0.0008778976918808405,49,0
2020-09-11,2020,1982,0,-0.17201267640024775,0.006880155442478715,0.0006707015490829614,49,0
2020-09-14,2020,1982,0,-0.4434218690367904,-0.057711649470648385,0.0008828092713008156,49,0
2020-09-15,2020,1982,0,-0.53507516484968,-0.036031202058933856,0.0006375770064550767,49,0
2020-09-16,2020,1982,0,0.5714717305882289,0.01110376120910172,0.0007273569181134576,49,0
2020-09-17,2020,1983,0,-0.7921921478383126,0.0028185252298250636,0.0008967728008564463,50,0
2020-09-18,2020,1983,0,-0.2930565216782224,-0.023560904427768134,0.0008011487102513965,50,0
2020-09-23,2020,1983,0,-0.5497665790465819,-0.0017420430105030626,0.0007622234525858662,50,0
2020-09-24,2020,1984,0,1.1495645514919695,0.028262585684622664,0.0012029728413234632,51,0
2020-09-25,2020,1986,0,-0.17538112521603222,0.01551989615084151,0.0008204429185613687,53,0
2020-09-28,2020,1986,0,-1.0152367979809693,-0.04560286729894244,0.0011985409820999536,53,0
2020-09-29,2020,1986,0,0.0,,0.00024777396007824397,53,0
2020-09-30,2020,1986,0,-0.24050089677844225,-0.001576630718696127,0.0010369064965869447,53,0
2020-10-02,2020,1989,0,-0.5489417784250593,-0.005094346838527205,0.0006287131280451955,56,0
2020-10-05,2020,1990,0,-0.9413201543706858,-0.02964048578581183,0.0006779848581356957,57,0
2020-10-06,2020,1990,0,-0.2681854584097269,-0.03210679552106976,0.0006461412142843624,57,0
2020-10-07,2020,1990,0,-0.2062433366272296,-0.045826184835535674,0.000708873437666128,57,0
2020-10-08,2020,1990,0,-0.5954531591495021,-0.009032435719085238,0.000684257147680862,57,0
2020-10-09,2020,1990,0,0.13317299876433542,-0.003040776334093387,0.0005732965297375883,57,0
2020-10-12,2020,1990,0,0.12255801894481655,0.026921732423941407,0.0007143440301837184,57,0
2020-10-13,2020,1990,0,-0.18209754532898823,0.011676929421586681,0.0007395066984861558,57,0
2020-10-14,2020,1990,0,0.7068474598648784,0.01373837967654851,0.0010008497912631848,57,0
2020-10-15,2020,1989,0,0.2882876081468577,0.03057485096336682,0.0008812283928421585,57,0
2020-10-16,2020,1989,0,-0.9696374071259642,-0.0537190918671279,0.0007948627023248065,57,0
2020-10-19,2020,1989,0,0.0025656834337646948,0.0061628897530036,0.0007442079519325856,57,0
2020-10-20,2020,1989,0,0.11140273196343387,0.007143672090256724,0.0008255807261802529,57,0
2020-10-21,2020,1989,0,-0.3132289771931255,-0.004345953109355642,0.0007169290249666469,57,0
2020-10-22,2020,1989,0,-0.11302149707481372,-0.001906400898633417,0.0007994233218850246,57,0
2020-10-23,2020,1989,0,-0.19273650269688228,-0.03471826530509248,0.0006702466005059373,57,0
2020-10-26,2020,1989,0,-1.0921911957939912,-0.04411219668459311,0.0008408745806061236,57,0
2020-10-27,2020,1989,0,0.35164074498460357,0.04372058781604581,0.0006905348346575087,57,0
2020-10-28,2020,1990,0,-0.37768885741210784,-0.0473673791940314,0.0013112752019285125,58,0
2020-10-29,2020,1991,0,0.01142885342548361,-0.004903395938069325,0.0010632693375720774,58,0
2020-10-30,2020,1991,0,0.8347266306306581,0.004230539873116517,0.0009753661477096718,58,0
2020-11-02,2020,1991,0,0.2761561241120279,-0.005190852484708945,0.001237438715488196,58,0
2020-11-04,2020,1991,0,-0.7271521206854565,0.02045391330876249,0.0009391515799351704,58,0
2020-11-05,2020,1991,0,-1.3962551498649234,-0.034551842459804395,0.0012148535538916796,58,0
2020-11-06,2020,1991,0,1.8881840626394473,0.01814292685817426,0.0023856965916316726,58,0
2020-11-09,2020,1991,0,-0.14990281221963878,-0.024019453236791867,0.001068387185548608,58,0
2020-11-10,2020,1991,0,-0.05037511959190274,0.014868161331784561,0.0008998682917786556,58,0
2020-11-11,2020,1991,0,0.02078621049017511,0.02470725636339512,0.0011855446610029808,58,0
2020-11-12,2020,1991,0,0.9915859709239268,0.057118128509837864,0.0011886237628666867,58,0
2020-11-13,2020,1991,0,0.7382517439305385,0.05448078002732904,0.000871107498761828,58,0
2020-11-16,2020,1991,0,-0.46762073268495424,0.009281342037548828,0.0006606943011364054,58,0
2020-11-17,2020,1991,0,0.9973175412236239,0.06308148952667825,0.0006202259016773164,58,0
2020-11-18,2020,1991,0,0.07718887383791213,0.029441693827110118,0.000629750921407229,58,0
2020-11-19,2020,1991,0,0.3792689791736805,-0.005086937802832694,0.0009199736805301569,58,0
2020-11-20,2020,1991,0,0.2925579022246912,-0.008684047767528276,0.0007007589137954379,58,0
2020-11-24,2020,1991,0,-0.7877430630245669,0.004605166940048588,0.0007303163614787016,58,0
2020-11-25,2020,1991,0,-0.9811037732643353,-0.0027077820287194692,0.0007761821207946696,58,0
2020-11-26,2020,1991,0,-0.9908358854704685,-0.02841633371819718,0.0013492938034333002,58,0
2020-11-27,2020,1991,0,-0.08269104830979075,0.009310378913205518,0.0008639153592233513,58,0
2020-11-30,2020,1991,0,0.23462848200148034,-0.014881846502392923,0.000643467332616632,58,0
2020-12-01,2020,1991,0,-0.2494163266330005,0.02766975979874213,0.0007685886345623736,58,0
2020-12-02,2020,1991,0,0.2396653897054418,0.01672995146452855,0.0007013803614123063,58,0
2020-12-03,2020,1991,0,1.1876512602726075,0.02788216563392091,0.0009117558768480415,58,0
2020-12-04,2020,1991,0,-0.39411056298763675,-0.03508948487028497,0.0006356771274432773,58,0
2020-12-07,2020,1991,0,0.868841251360916,0.05890606562897361,0.0006497965781889732,58,0
2020-12-08,2020,1991,0,0.40942806773342283,0.029546555933659003,0.0006167502346577199,58,0
2020-12-09,2020,1991,0,-0.47604720488543223,0.004072870505513685,0.0007824109087150814,58,0
2020-12-10,2020,1991,0,-0.694463693160056,0.001546420924854666,0.0007893697650023919,58,0
2020-12-11,2020,1991,0,0.581493696271738,0.034898983292532486,0.0006806406377519718,58,0
2020-12-14,2020,1991,0,-0.22781154501033155,0.020762074576843145,0.0007327156864137581,58,0
2020-12-15,2020,1990,0,0.9760880393428178,0.04439462574915518,0.000707829165033976,58,0
2020-12-16,2020,1993,0,0.27092535772928433,0.002953475290758168,0.0006054229289456189,61,0
2020-12-17,2020,1994,0,-0.10031143827473461,-0.009721055010139696,0.0005722239969909206,62,0
2020-12-18,2020,1995,0,0.027278016079276195,0.0021061046752564173,0.0011871995219070186,63,0
2020-12-21,2020,1996,0,0.33658331398883123,0.02416589413501083,0.0006269018955097179,64,0
2020-12-22,2020,1998,0,-0.6511761115134046,-0.03388171341320794,0.0006545937262319716,66,0
2020-12-23,2020,1999,0,1.0131864597754128,0.06121002497048881,0.0005902617884467426,67,0
2020-12-24,2020,1999,0,0.2972933076047582,-0.00033108867509426993,0.0006323562631167432,67,0
2020-12-25,2020,1999,0,0.13394098206378402,0.02283553156835379,0.0007846568275745243,67,0
2020-12-28,2020,1999,0,0.15112892489282936,-0.005103780756349958,0.0005799418461703821,67,0
2020-12-29,2020,1999,0,-0.13380247466557252,0.011114930211945956,0.0008720805583369475,67,0
2020-12-30,2021,1999,0,0.5781910127651999,0.005596470353593035,0.0003793843486469413,28,0
2021-01-04,2021,1999,0,0.47117598540779754,0.014937974006120812,0.00046885878214822363,28,0
2021-01-05,2021,1999,0,0.19981132380063085,0.00038664933980408963,0.0005766611063368014,28,0
2021-01-06,2021,1999,0,-0.053690515933530726,-0.03149398036656524,0.000619310292127993,28,0
2021-01-07,2021,1999,0,-0.9527431636082909,-0.050743300167260266,0.0006076877036342155,28,0
2021-01-08,2021,1999,0,0.55078242726252,0.031182597081947806,0.0005688805420671031,28,0
2021-01-12,2021,1999,0,-0.4177916389910699,0.002168800653974761,0.0005214448554186058,28,0
2021-01-13,2021,1999,0,-0.38178488648792497,-0.00029178982935026954,0.0006725337001372965,28,0
2021-01-14,2021,1999,0,0.3100264814708548,0.0018733460996731152,0.00048341377871193464,28,0
2021-01-15,2021,1999,0,-0.1308213413170379,0.041820110314498414,0.00045856285678224257,28,0
2021-01-18,2021,1999,0,-1.0786860824645983,-0.06505251628066207,0.00045701662788447155,28,0
2021-01-19,2021,1999,0,-0.8267425808878063,-0.013918978944898124,0.00047401203777837093,28,0
2021-01-20,2021,1999,0,0.3705935803970941,0.009597404503096015,0.0004260448624428458,28,0
2021-01-21,2021,1999,0,0.5283093946430594,0.005959529616890088,0.000579688423003713,28,0
2021-01-22,2021,1999,0,-0.2815297330913766,-0.008648912068132234,0.0005081447362760571,28,0
2021-01-25,2021,1999,0,0.5628431523425199,-0.009478857869806671,0.0004535913174354773,28,0
2021-01-26,2021,1999,0,0.005726757307726722,0.00475564674052564,0.0006444815011413451,28,0
2021-01-27,2021,1999,0,0.5803559421394203,0.025635923038290483,0.000759347094094247,28,0
2021-01-28,2021,1999,0,-0.24729361494642088,-0.01748727678959353,0.0007727383630521135,28,0
2021-01-29,2021,1999,0,-0.4110433916988227,-0.030005257614381123,0.0008132638239638263,28,0
2021-02-01,2021,1999,0,-0.27392057111980755,0.04061636245131671,0.0005897270012095038,28,0
2021-02-02,2021,1999,0,-0.1421510537687388,-0.0455833930645261,0.0004777727995587337,28,0
2021-02-03,2021,1999,0,0.43011869859555646,-0.014142383486991988,0.0007728240439143102,28,0
2021-02-04,2021,1999,0,-1.2371484001841042,-0.040881795360204955,0.0008496603624416416,28,0
2021-02-05,2021,1999,0,-0.018973685783208,-0.03225851188918717,0.0005589922399975986,28,0
2021-02-08,2021,1999,0,-0.5920702690076562,-0.005816814652458593,0.0006323696614624713,28,0
2021-02-09,2021,1999,0,-1.095923555766371,-0.004588420119828801,0.000855157260036964,28,0
2021-02-10,2021,1999,0,-0.8468645939457572,0.0036431169032578124,0.0009086530209703553,28,0
2021-02-12,2021,1999,0,0.9862073144347699,0.02623641607713882,0.0005897427951998307,28,0
2021-02-15,2021,1999,0,0.3060789843949861,0.03139243428815055,0.0007336979986781237,28,0
2021-02-16,2021,1999,0,-0.3623632955904075,-0.02569332951632762,0.0007452813414505189,28,0
2021-02-17,2021,2000,0,-0.7581215112842433,-0.04677446321748794,0.000548480144216968,28,0
2021-02-18,2021,2000,0,-0.12245758413127532,0.011337335459617357,0.0006508468337255248,28,0
2021-02-19,2021,2000,0,1.5120066914517996,0.023637788788716092,0.00093410872941959,28,0
2021-02-22,2021,2000,0,0.1594763094721099,0.007235154499345261,0.0005779906895209232,28,0
2021-02-24,2021,2000,0,-0.033145149773894524,0.03179901334868051,0.0009080058491157736,28,0
2021-02-25,2021,2000,0,-0.18667774325537914,0.028817854680402957,0.0008967759539893357,28,0
2021-02-26,2021,2000,0,-0.2392831882153422,-0.010602428641802842,0.0004502098273379949,28,0
2021-03-01,2021,2000,0,0.1874315320981231,0.0011443425006155028,0.00047947140444741754,28,0
2021-03-02,2021,2000,0,0.6736947511303514,0.057283862803785834,0.0004321263875866297,28,0
2021-03-03,2021,2000,0,-0.7684992248533637,-0.02265784914796462,0.0004549430503901536,28,0
2021-03-04,2021,2000,0,0.36267024941392184,0.010534369532853954,0.00046040579850288555,28,0
2021-03-05,2021,2000,0,0.6055360283087152,0.030182091079000172,0.0007262957819176193,28,0
2021-03-08,2021,2000,0,-0.9895573151501175,-0.014479921284717366,0.000404020295841181,28,0
2021-03-09,2021,2000,0,-0.7290139684408293,-0.08074403010598297,0.0005399230380205486,28,0
2021-03-10,2021,2000,0,0.1591144549323129,0.02290910996783182,0.0005750801165542693,28,0
2021-03-11,2021,2000,0,-0.29303274284255626,-0.007865418089097447,0.0007108679728114717,28,0
2021-03-12,2021,2000,0,-0.45250849121073394,0.005249116989339472,0.0005582573549543013,28,0
2021-03-15,2021,2000,0,-0.7544635787013259,-0.014271262299278945,0.0004473580895351075,28,0
2021-03-16,2021,2000,0,0.7623491522215199,0.04902313877986336,0.0004532829284193609,28,0
2021-03-17,2021,2000,0,0.788175583608135,0.05363478750878175,0.0004793783423396579,28,0
2021-03-18,2021,2000,0,-0.08048962334573011,0.017953065475056096,0.0004638816380573091,28,0
2021-03-19,2021,2000,0,-0.6735984245978646,-0.05657089592656156,0.0006136376873005608,28,0
2021-03-22,2021,2000,0,0.20577632278429783,0.0071426606046977965,0.0010798993681715547,28,0
2021-03-23,2021,2000,0,-0.04046026129522614,0.004466146328174919,0.0005971214452512615,28,0
2021-03-24,2021,2000,0,0.4340787817423403,0.027415817765650365,0.0005370156593616349,28,0
2021-03-25,2021,2000,0,-0.2215939965678669,-0.0015627058679296294,0.0005071193389313933,28,0
2021-03-26,2021,2000,0,0.7082322827276388,0.018849986957318068,0.0006317196497761933,28,0
2021-03-29,2021,2000,0,0.47710252371500994,0.08551156609551318,0.0005931051968446494,28,0
2021-03-30,2021,2000,0,-0.4810909282503588,-0.023116185334010265,0.0005271794645938445,28,0
2021-03-31,2021,2000,0,-0.7181846589024313,-0.04234587350350511,0.0004302627056542053,28,0
2021-04-01,2021,2000,0,0.08039518631591995,-0.006912209339434241,0.00040718429864012115,28,0
2021-04-02,2021,2000,0,-0.02656150526521639,-0.013783433317692637,0.0004659284339837761,28,0
2021-04-05,2021,2000,0,1.022815879308881,0.06803499134238618,0.00047826122163458423,28,0
2021-04-06,2021,2000,0,0.00830769386334751,0.0077355244839930155,0.0005867809560723258,28,0
2021-04-07,2021,2000,0,-0.5942322718773297,-0.001011387383530195,0.0003525325132930493,28,0
2021-04-08,2021,2000,0,-0.5526408994206847,-0.02798752657570575,0.00043916194451783393,28,0
2021-04-09,2021,2000,0,-0.07892735407533902,0.02282201220253896,0.00035284852790055466,28,0
2021-04-12,2021,2000,0,0.7034448331889603,0.02285208088764109,0.00037714670290164837,28,0
2021-04-13,2021,2000,0,0.6037433665853892,0.011081478293477293,0.0004210660607094311,28,0
2021-04-14,2021,2000,0,-0.319012062012779,9.93196200808102e-05,0.0003441267656785256,28,0
2021-04-15,2021,2000,0,0.1460505709970327,0.03733683893703942,0.0004312137553759734,28,0
2021-04-16,2021,2000,0,0.2655882665239613,0.02150368931942769,0.0004422917920841407,28,0
2021-04-19,2021,2000,0,0.38152401647064593,-0.005935613121100459,0.0007842856356012194,28,0
2021-04-20,2021,2000,0,0.47181429052431173,0.004097710936763876,0.0005581485584871102,28,0
2021-04-21,2021,2000,0,-0.02389036393607835,-0.006585405384376474,0.0003701039500137138,28,0
2021-04-22,2021,2000,0,0.8700051425004006,0.03261083850307161,0.00040222956287737984,28,0
2021-04-23,2021,2000,0,-0.021412431265144916,-0.0018967678728331822,0.00040816976092339065,28,0
2021-04-26,2021,2000,0,-0.16548865665435075,-0.010731248854228008,0.0004592246853746744,28,0
2021-04-27,2021,2000,0,0.5131385466106636,0.005787640853989864,0.000568459295347067,28,0
2021-04-28,2021,1999,0,0.07133229927635387,0.008920841979393728,0.0007308697039288928,28,0
2021-04-30,2021,1999,0,-0.2576915800245021,0.007089109842956452,0.0006322392296750616,28,0
2021-05-06,2021,1999,0,-0.1885723141110797,-0.021060040994061887,0.0006352459385954176,28,0
2021-05-07,2021,1999,0,0.21169525320952035,0.0244118870083706,0.0009617492762947525,28,0
2021-05-10,2021,1999,0,0.9870054014291286,-0.016771292225988575,0.001011293818214918,28,0
2021-05-11,2021,1999,0,0.8669067228701793,-0.003956331620030827,0.0009747902722687516,28,0
2021-05-12,2021,1999,0,0.18619272519515148,0.022693467897895184,0.0012888740682179662,28,0
2021-05-13,2021,1999,0,0.9101990090809063,0.028599128083128453,0.0011874323514140975,28,0
2021-05-14,2021,1999,0,-0.7805263863610931,-0.017956525550292278,0.0008221606832390788,28,0
2021-05-17,2021,1999,0,0.5070061417965308,0.04170546575082386,0.000483853493455392,28,0
2021-05-18,2021,1999,0,0.265271355635873,0.006686890247664647,0.0005253714773734866,28,0
2021-05-19,2021,1999,0,0.13116916140380855,0.00014011441995098248,0.0004162001870770343,28,0
2021-05-20,2021,1999,0,-0.27444940360520764,-0.02935891851177571,0.00046525189569680207,28,0
2021-05-21,2021,1999,0,-0.11839938940368616,-0.04049815951835925,0.00046122862031773955,28,0
2021-05-24,2021,1999,0,-0.99415118189571,-0.01331631541467162,0.0004555721558783586,28,0
2021-05-25,2021,1999,0,0.48485830329307156,0.030987716099661194,0.000501321870707629,28,0
2021-05-26,2021,1999,0,-0.3338382887351363,-0.011980026671589804,0.0007608749377089322,28,0
2021-05-27,2021,1999,0,0.2805653024891755,0.03502381520379717,0.0004921483050214515,28,0
2021-05-28,2021,1999,0,0.27074845750570137,0.0013967650214033631,0.00037895975554223734,28,0
2021-05-31,2021,1999,0,-1.8871440653228966,-0.07898822248524641,0.0005600327189759022,28,0
2021-06-01,2021,1999,0,0.6145298168067984,0.03198956228026697,0.00043547652791269784,28,0
2021-06-02,2021,1999,0,-0.09669046014659617,-0.0220951248015237,0.00043786180149597294,28,0
2021-06-03,2021,1999,0,0.49178154145452774,0.04014927901888693,0.00040513350439431994,28,0
2021-06-04,2021,1999,0,-0.07777719391376985,-0.001628751431429267,0.0004415182247104017,28,0
2021-06-07,2021,1999,0,0.7886615509694826,0.040068516663751316,0.0004011195710868062,28,0
2021-06-08,2021,1999,0,0.08043261453721766,-0.00576843248197594,0.00038157138588809896,28,0
2021-06-09,2021,1999,0,0.04489792913280888,0.032805638675637315,0.00040278515299663464,28,0
2021-06-10,2021,1999,0,0.36590123164526905,0.009265598726223833,0.0004570603664509372,28,0
2021-06-11,2021,1999,0,0.2118941352721803,0.0018084301760901893,0.0004532329374563879,28,0
2021-06-14,2021,1999,0,0.525296802140574,-0.00042871528719716755,0.000413518486178202,28,0
2021-06-15,2021,1999,0,0.2596154533089073,0.005548323964680664,0.0003813557683923822,28,0
2021-06-16,2021,1999,0,-0.17526123186698803,-0.01939659179499472,0.0005343425530614092,28,0
2021-06-17,2021,1999,0,-0.27802133556375647,-0.015475568834362255,0.000716261901652181,28,0
2021-06-18,2021,1999,0,-0.0019168381739594527,0.016474684524994575,0.0010252882505321164,28,0
2021-06-21,2021,1999,0,-0.023365246503672592,0.01133001238663452,0.000421104616990069,28,0
2021-06-22,2021,1999,0,0.27620315176106386,0.003250809043207291,0.00037399142680052375,28,0
2021-06-23,2021,1999,0,-0.218236209982179,-0.027220649298375105,0.00040902480510849855,28,0
2021-06-24,2021,1999,0,0.2705955176694306,0.009977279870606101,0.0003561417904358176,28,0
2021-06-25,2021,1999,0,-0.6518440242662912,-0.045187946473236006,0.0004894474499606353,28,0
2021-06-28,2021,1999,0,-0.025124788793939146,-0.04131980980155557,0.0004482448192116195,28,0
2021-06-29,2021,1999,0,-0.5329612926560566,-0.031021715710675486,0.0004854284177577757,28,0
2021-06-30,2021,1999,0,0.4957473021819358,0.07099676642647149,0.00042805396785360554,28,0
2021-07-01,2021,1999,0,-0.1443457082299071,0.002363764387652449,0.00035047479397464973,28,0
2021-07-02,2021,1999,0,-0.4703035449833899,-0.0009252831527198739,0.00036079810939791137,28,0
2021-07-05,2021,1999,0,0.2505314934679532,0.0169601427406884,0.00037621164242020774,28,0
2021-07-06,2021,1999,0,0.21899511169485533,0.028283355172248625,0.000476913774643691,28,0
2021-07-07,2021,1999,0,0.5700717551860444,0.02813775721767493,0.00034601359287931926,28,0
2021-07-08,2021,1999,0,-0.20592491666280685,-0.039522094223920765,0.0007340501529298869,28,0
2021-07-09,2021,1999,0,0.3024197623466603,-0.0005562335363509215,0.00047745484341466204,28,0
2021-07-12,2021,1999,0,1.344176506448538,0.06403610243219286,0.0003657988559567014,28,0
2021-07-13,2021,1999,0,0.46227554887502365,0.04409102524675933,0.0005121043431709339,28,0
2021-07-14,2021,1999,0,0.2505391013120699,0.02682323827650596,0.0003653912263090449,28,0
2021-07-15,2021,1999,0,-0.6980383193511918,-0.038753673252088644,0.000538201572714032,28,0
2021-07-16,2021,1999,0,0.2987902684219961,0.018790262363590382,0.0003996194949424728,28,0
2021-07-19,2021,1999,0,0.21847042527318492,-0.0416584211952217,0.00041589639937116197,28,0
2021-07-20,2021,1999,0,-0.027300147013472536,0.018006495550544448,0.0005540682156958081,28,0
2021-07-21,2021,1999,0,-0.9158704728637991,-0.03835739796548416,0.0004576007206757866,28,0
2021-07-26,2021,1999,0,0.19771577923308095,0.007531306823447644,0.0004895060591497514,28,0
2021-07-27,2021,1999,0,-0.6265676791852876,-0.03233882230256718,0.0004883848825041256,28,0
2021-07-28,2021,1999,0,-0.7511601185596793,-0.020185288606764204,0.0007701259717355894,28,0
2021-07-29,2021,1999,0,1.3833754082726601,0.05732521840116147,0.0009917744528766643,28,0
2021-07-30,2021,1999,0,0.09174472704821242,0.010608129644129771,0.00043533861235629096,28,0
2021-08-02,2021,1999,0,-0.2615889826324465,0.011178568893314627,0.0005073302195696068,28,0
2021-08-03,2021,1999,0,-0.3665040798539989,-0.029965267367440946,0.000573398609902736,28,0
2021-08-04,2021,1999,0,0.15232662874728123,0.006424223640855558,0.0007038143304972312,28,0
2021-08-05,2021,1999,0,-0.8550642460528911,-0.03405845620540957,0.0009714602244121079,28,0
2021-08-06,2021,1999,0,0.4487572346313575,-0.003673245702579352,0.0007838799864264627,28,0
2021-08-10,2021,1999,0,-0.4701140674316706,-0.01404254114911707,0.0007020954894233492,28,0
2021-08-11,2021,1999,0,0.2937367243506277,0.007385821261163236,0.0007560945500549629,28,0
2021-08-12,2021,1999,0,0.7244727733481907,-0.02644059352643888,0.0009959380595001813,28,0
2021-08-13,2021,1999,0,-0.046943254591315174,-0.009497591092524633,0.0006640992672885654,28,0
2021-08-16,2021,1999,0,0.29537609265491227,-0.0005796176940669304,0.0005874414104574225,28,0
2021-08-17,2021,1999,0,0.16427569390362842,-0.003114253913528851,0.0006686461636135961,28,0
2021-08-18,2021,1999,0,0.8449555117823451,0.07501168111795219,0.000598786498532875,28,0
2021-08-19,2021,1999,0,0.1409783584793652,-0.030663338229389245,0.0008111999412914002,28,0
2021-08-20,2021,1999,0,-0.25288851620924885,-0.026499262127069448,0.0006370617221817233,28,0
2021-08-23,2021,1999,0,0.1627261374093439,-0.024655343274370863,0.00042719977668045624,28,0
2021-08-24,2021,1999,0,0.616911063123931,0.0074839575579195,0.00041847430197084645,28,0
2021-08-25,2021,1999,0,0.5354651232232974,0.027230862706545688,0.0003623213475196055,28,0
2021-08-26,2021,1999,0,-0.5264078999709264,0.0031010856079691164,0.0006139861043037578,28,0
2021-08-27,2021,1999,0,-0.28556761192156976,0.0015361154597671527,0.0005128251253050754,28,0
2021-08-30,2021,1999,0,0.3431423976637958,-0.00314801304806475,0.0004709254140219992,28,0
2021-08-31,2021,1999,0,-0.3856233694453377,-0.002669426785913214,0.00046361503658804527,28,0
2021-09-01,2021,1999,0,0.3861658300509987,-0.0017286312791154857,0.0007336712076393875,28,0
2021-09-02,2021,1999,0,0.7344648130930519,0.03711097881122761,0.0005739828275285551,28,0
2021-09-03,2021,1999,0,-0.2568618524728244,-0.007502642859030366,0.0004930012746680273,28,0
2021-09-06,2021,1999,0,0.6674831341657104,0.03742340698204795,0.0004395071467125506,28,0
2021-09-07,2021,1999,0,-0.3026127320918917,0.015818301958485485,0.0004207959617469303,28,0
2021-09-08,2021,1999,0,0.21858856607146038,0.0469953674519303,0.0007799320277214141,28,0
2021-09-09,2021,1999,0,0.2787472309098004,0.01935540257669136,0.0005310259677243166,28,0
2021-09-10,2021,1999,0,0.26117020803061547,0.03486178979610421,0.0004904292764200661,28,0
2021-09-13,2021,1999,0,0.5957984877284774,0.01435730632693902,0.0006228465910730265,28,0
2021-09-14,2021,1999,0,-0.6489283719887865,-0.029856277419607672,0.000578588348571776,28,0
2021-09-15,2021,1999,0,0.2355934713023927,0.007770778774220543,0.0005184559088922064,28,0
2021-09-16,2021,1999,0,-0.114993179733539,0.006209392473004141,0.0007456092418522545,28,0
2021-09-17,2021,1999,0,-0.5922677564516897,-0.04758737705740852,0.0005375622589961428,28,0
2021-09-21,2021,1999,0,-0.5152363433890947,-0.036597826316618225,0.0011830524171608581,28,0
2021-09-22,2021,1999,0,0.2727329135181835,0.022157214864549687,0.0004947902580022891,28,0
2021-09-24,2021,1999,0,-0.23017532111939332,-0.011791569261357155,0.00048311246097211915,28,0
2021-09-27,2021,1999,0,0.49904252472590055,0.05576055111123685,0.0006860505316886988,28,0
2021-09-28,2021,1999,0,-0.8122285689719114,-0.006826407526221101,0.0005718853359159478,28,0
2021-09-29,2021,1999,0,-0.8375015883009714,-0.051589184518698844,0.0008434266965445169,28,0
2021-09-30,2021,1998,0,0.21762493487070333,-0.0023101853425086956,0.0006874443814496964,28,0
2021-10-01,2021,1998,0,-0.15395712155210775,0.007747607308141259,0.0006159478900564642,28,0
2021-10-04,2021,1998,0,-0.53420179439552,-0.008724530007313904,0.0005364608263387536,28,0
2021-10-05,2021,1998,0,-0.2717603072005819,0.033088342419434584,0.0005248253982454305,28,0
2021-10-06,2021,1998,0,0.4931424000337188,-0.01316923211095019,0.0005948819165656243,28,0
2021-10-07,2021,1998,0,0.4647388758102326,-0.015793615603576054,0.0005584991433086005,28,0
2021-10-08,2021,1998,0,0.28201045812784226,0.018316364078171152,0.0005562518522806792,28,0
2021-10-11,2021,1998,0,0.6019470622761544,-0.002454104833116105,0.00043781293557184194,28,0
2021-10-12,2021,1998,0,-0.756125800330778,0.00011856830253427317,0.0005000328918335879,28,0
2021-10-13,2021,1998,0,-0.35530663818680236,-0.037961515066000026,0.0009302741694536242,28,0
2021-10-14,2021,1998,0,0.44624825188494294,-0.006580237767328999,0.0005651838996092973,28,0
2021-10-15,2021,1998,0,0.08891297140104963,-0.057132338431334605,0.0005173294916824086,28,0
2021-10-18,2021,1998,0,-0.21915174425316616,-0.007460131706471242,0.00044705302998349316,28,0
2021-10-19,2021,1998,0,0.5722457350756217,0.022454974235747667,0.0004977343638572578,28,0
2021-10-20,2021,1998,0,0.3988304696307465,0.00823649039875395,0.00038111818082299076,28,0
2021-10-21,2021,1998,0,-0.792621367965704,-0.05477476726151918,0.00044583483555452524,28,0
2021-10-22,2021,1998,0,-0.3728505099851687,0.010195723602208332,0.0004982602347030782,28,0
2021-10-25,2021,1998,0,-0.584304559829806,-0.010083677384498058,0.00047475881032972973,28,0
2021-10-26,2021,1998,0,-0.1717614745523843,0.018286823845809156,0.0005783449514454062,28,0
2021-10-27,2021,1998,0,0.4392720321640464,0.035765546764817115,0.0005635063117589858,28,0
2021-10-28,2021,1998,0,-0.9517341613418852,-0.008123591485857437,0.0010703785371504757,28,0
2021-10-29,2021,1998,0,-1.3479569432266907,-0.03685160012709729,0.0006711239133501782,28,0
2021-11-01,2021,1998,0,-0.006677417255328481,-0.007138476680422932,0.0009358189398988351,28,0
2021-11-02,2021,1997,0,0.9832592153933826,0.024264294581176037,0.0008466790766977251,28,0
2021-11-04,2021,1997,0,1.1572035215004102,0.050259108119865725,0.0007948578903341795,28,0
2021-11-05,2021,1997,0,-0.39103637066571356,-0.009294915325004828,0.0007322537032633311,28,0
2021-11-08,2021,1996,0,-0.8275540486479471,0.004724000312614451,0.0008160130813701408,28,0
2021-11-09,2021,1996,0,-0.9049178325711414,-0.022160505686647083,0.0008149539574569216,28,0
2021-11-10,2021,1996,0,0.5464956269611486,0.01788044022648667,0.0011215633132675448,28,0
2021-11-11,2021,1996,0,-0.28797438169476236,-0.02024537255131247,0.0011618959260194955,28,0
2021-11-12,2021,1996,0,-0.9715803685984118,-0.03304264725513376,0.000776562314587797,28,0
2021-11-15,2021,1996,0,-0.3160046629133075,0.0040297608971373725,0.0007501757517920821,28,0
2021-11-16,2021,1996,0,-1.1599990803657771,-0.06681088743188332,0.0005903153859866591,28,0
2021-11-17,2021,1997,0,-0.3005642802567485,0.012703142855395035,0.0005633444954804322,28,0
2021-11-18,2021,1997,0,0.2546112974375085,0.009718999156178227,0.0005271285029363873,28,0
2021-11-19,2021,1997,0,-0.1146784988547136,-0.007632187061511463,0.0007662709886143172,28,0
2021-11-22,2021,1997,0,-0.14591341174931224,-0.010446387166059404,0.0005124825582859512,28,0
2021-11-24,2021,1997,0,-0.4233075081021613,-0.019972014449362693,0.0007650902846050625,28,0
2021-11-25,2021,1997,0,-0.6795255149372276,-0.021625795842542737,0.0011550728597813206,28,0
2021-11-26,2021,1997,0,0.15513843205198205,0.01325808917074839,0.0006291467613655863,28,0
2021-11-29,2021,1997,0,-0.9766615914492696,-0.06514131084643375,0.000658370354310849,28,0
2021-11-30,2021,1996,0,0.5430157680285008,0.07870086583644373,0.0007743278197395973,28,0
2021-12-01,2021,1996,0,-0.829027456216366,-0.035664054531708025,0.0012629065566849426,28,0
